{"type":"FeatureCollection","features":[{"type":"Feature","properties":{"h3_index":"88195c059dfffff","resolution":8,"footfall_idx":76,"avg_spend":48,"weekly_revenue":3395587,"store_count":6,"opportunity_score":29},"geometry":{"type":"Polygon","coordinates":[[[-1.886231182295691,52.49089961169549],[-1.893117439429188,52.48963423687019],[-1.8942391053458103,52.48515537911559],[-1.88847537470006,52.48194214400987],[-1.8815902083815776,52.48320752929988],[-1.8804676820071347,52.487686139211945],[-1.886231182295691,52.49089961169549]]]}},{"type":"Feature","properties":{"h3_index":"88195c058bfffff","resolution":8,"footfall_idx":72,"avg_spend":37,"weekly_revenue":2923993,"store_count":6,"opportunity_score":42},"geometry":{"type":"Polygon","coordinates":[[[-1.8908735993065096,52.49859121327374],[-1.897760947510124,52.497325848805346],[-1.8988824371024655,52.49284723673226],[-1.893117439429188,52.48963423687019],[-1.886231182295691,52.49089961169549],[-1.8851088318786837,52.495377976006964],[-1.8908735993065096,52.49859121327374]]]}},{"type":"Feature","properties":{"h3_index":"88195c0583fffff","resolution":8,"footfall_idx":74,"avg_spend":42,"weekly_revenue":2686499,"store_count":6,"opportunity_score":53},"geometry":{"type":"Polygon","coordinates":[[[-1.8988824371024655,52.49284723673226],[-1.905769330702116,52.49158114136357],[-1.9068901357452703,52.487102035881975],[-1.9011249081755142,52.483889273477054],[-1.8942391053458103,52.48515537911559],[-1.893117439429188,52.48963423687019],[-1.8988824371024655,52.49284723673226]]]}},{"type":"Feature","properties":{"h3_index":"88195c0595fffff","resolution":8,"footfall_idx":79,"avg_spend":47,"weekly_revenue":3828730,"store_count":6,"opportunity_score":36},"geometry":{"type":"Polygon","coordinates":[[[-1.8942391053458103,52.48515537911559],[-1.9011249081755142,52.483889273477054],[-1.9022458897312506,52.47940992237413],[-1.8964819290771686,52.476196924698776],[-1.88959721676247,52.47746304071494],[-1.88847537470006,52.48194214400987],[-1.8942391053458103,52.48515537911559]]]}},{"type":"Feature","properties":{"h3_index":"88195c0591fffff","resolution":8,"footfall_idx":78,"avg_spend":36,"weekly_revenue":3363860,"store_count":6,"opportunity_score":48},"geometry":{"type":"Polygon","coordinates":[[[-1.8815902083815776,52.48320752929988],[-1.88847537470006,52.48194214400987],[-1.88959721676247,52.47746304071494],[-1.883834752710817,52.474249570614504],[-1.8769506769522466,52.47551496647697],[-1.8758279747986737,52.479993821848446],[-1.8815902083815776,52.48320752929988]]]}},{"type":"Feature","properties":{"h3_index":"88195c0599fffff","resolution":8,"footfall_idx":57,"avg_spend":26,"weekly_revenue":1429749,"store_count":4,"opportunity_score":40},"geometry":{"type":"Polygon","coordinates":[[[-1.873582061894356,52.488950793733565],[-1.8804676820071347,52.487686139211945],[-1.8815902083815776,52.48320752929988],[-1.8758279747986737,52.479993821848446],[-1.8689434455456089,52.48125848702962],[-1.8678200591290377,52.48573684898373],[-1.873582061894356,52.488950793733565]]]}},{"type":"Feature","properties":{"h3_index":"88195c05d7fffff","resolution":8,"footfall_idx":61,"avg_spend":29,"weekly_revenue":2001677,"store_count":4,"opportunity_score":53},"geometry":{"type":"Polygon","coordinates":[[[-1.878222120650919,52.4966426199768],[-1.8851088318786837,52.495377976006964],[-1.886231182295691,52.49089961169549],[-1.8804676820071347,52.487686139211945],[-1.873582061894356,52.488950793733565],[-1.8724588510685118,52.49342891016797],[-1.878222120650919,52.4966426199768]]]}},{"type":"Feature","properties":{"h3_index":"88195c05d5fffff","resolution":8,"footfall_idx":61,"avg_spend":22,"weekly_revenue":1205541,"store_count":4,"opportunity_score":35},"geometry":{"type":"Polygon","coordinates":[[[-1.8828636224273136,52.504333965369355],[-1.8897514250253764,52.503069331843506],[-1.8908735993065096,52.49859121327374],[-1.8851088318786837,52.495377976006964],[-1.878222120650919,52.4966426199768],[-1.8770990855940657,52.501120490750424],[-1.8828636224273136,52.504333965369355]]]}},{"type":"Feature","properties":{"h3_index":"88195c0589fffff","resolution":8,"footfall_idx":56,"avg_spend":25,"weekly_revenue":1491146,"store_count":4,"opportunity_score":51},"geometry":{"type":"Polygon","coordinates":[[[-1.895517460026217,52.50628233364457],[-1.9024058995551378,52.50501697942523],[-1.903527212644563,52.5005386131748],[-1.897760947510124,52.497325848805346],[-1.8908735993065096,52.49859121327374],[-1.8897514250253764,52.503069331843506],[-1.895517460026217,52.50628233364457]]]}},{"type":"Feature","properties":{"h3_index":"88195c0581fffff","resolution":8,"footfall_idx":72,"avg_spend":46,"weekly_revenue":2755223,"store_count":10,"opportunity_score":56},"geometry":{"type":"Polygon","coordinates":[[[-1.903527212644563,52.5005386131748],[-1.9104151972691097,52.49927252796811],[-1.911535825621017,52.49479366824897],[-1.905769330702116,52.49158114136357],[-1.8988824371024655,52.49284723673226],[-1.897760947510124,52.497325848805346],[-1.903527212644563,52.5005386131748]]]}},{"type":"Feature","properties":{"h3_index":"88195c0587fffff","resolution":8,"footfall_idx":59,"avg_spend":23,"weekly_revenue":1355206,"store_count":9,"opportunity_score":45},"geometry":{"type":"Polygon","coordinates":[[[-1.911535825621017,52.49479366824897],[-1.9184233551317698,52.49352685209729],[-1.9195432988859005,52.489047499004265],[-1.9137765745315554,52.485835209655335],[-1.9068901357452703,52.487102035881975],[-1.905769330702116,52.49158114136357],[-1.911535825621017,52.49479366824897]]]}},{"type":"Feature","properties":{"h3_index":"88195c05b9fffff","resolution":8,"footfall_idx":49,"avg_spend":36,"weekly_revenue":2055881,"store_count":8,"opportunity_score":65},"geometry":{"type":"Polygon","coordinates":[[[-1.9068901357452703,52.487102035881975],[-1.9137765745315554,52.485835209655335],[-1.9148966951651738,52.48135561086],[-1.9091312380478465,52.478143085964724],[-1.9022458897312506,52.47940992237413],[-1.9011249081755142,52.483889273477054],[-1.9068901357452703,52.487102035881975]]]}},{"type":"Feature","properties":{"h3_index":"88195c05bbfffff","resolution":8,"footfall_idx":79,"avg_spend":45,"weekly_revenue":3314157,"store_count":10,"opportunity_score":33},"geometry":{"type":"Polygon","coordinates":[[[-1.9022458897312506,52.47940992237413],[-1.9091312380478465,52.478143085964724],[-1.9102515353822245,52.47366324160836],[-1.9044873450685649,52.47045048141581],[-1.8976030869669274,52.47171732811578],[-1.8964819290771686,52.476196924698776],[-1.9022458897312506,52.47940992237413]]]}},{"type":"Feature","properties":{"h3_index":"88195c0597fffff","resolution":8,"footfall_idx":84,"avg_spend":34,"weekly_revenue":3138856,"store_count":10,"opportunity_score":42},"geometry":{"type":"Polygon","coordinates":[[[-1.88959721676247,52.47746304071494],[-1.8964819290771686,52.476196924698776],[-1.8976030869669274,52.47171732811578],[-1.8918403927952414,52.468504095418915],[-1.8849567707406303,52.46977022192044],[-1.883834752710817,52.474249570614504],[-1.88959721676247,52.47746304071494]]]}},{"type":"Feature","properties":{"h3_index":"88195c0593fffff","resolution":8,"footfall_idx":69,"avg_spend":23,"weekly_revenue":1374066,"store_count":9,"opportunity_score":33},"geometry":{"type":"Polygon","coordinates":[[[-1.8769506769522466,52.47551496647697],[-1.883834752710817,52.474249570614504],[-1.8849567707406303,52.46977022192044],[-1.8791955728498038,52.46655651707425],[-1.872312587396103,52.46782192361685],[-1.8711897096415966,52.47230102430655],[-1.8769506769522466,52.47551496647697]]]}},{"type":"Feature","properties":{"h3_index":"88195c059bfffff","resolution":8,"footfall_idx":68,"avg_spend":26,"weekly_revenue":1825660,"store_count":9,"opportunity_score":47},"geometry":{"type":"Polygon","coordinates":[[[-1.8689434455456089,52.48125848702962],[-1.8758279747986737,52.479993821848446],[-1.8769506769522466,52.47551496647697],[-1.8711897096415966,52.47230102430655],[-1.8643062709929525,52.473565700255],[-1.8631827091638196,52.47804430758764],[-1.8689434455456089,52.48125848702962]]]}},{"type":"Feature","properties":{"h3_index":"88195c04a5fffff","resolution":8,"footfall_idx":59,"avg_spend":31,"weekly_revenue":2193703,"store_count":8,"opportunity_score":33},"geometry":{"type":"Polygon","coordinates":[[[-1.8609350765910357,52.48700078344146],[-1.8678200591290377,52.48573684898373],[-1.8689434455456089,52.48125848702962],[-1.8631827091638196,52.47804430758764],[-1.8562988175298147,52.47930825289971],[-1.8551745714869348,52.48378636678053],[-1.8609350765910357,52.48700078344146]]]}},{"type":"Feature","properties":{"h3_index":"88195c05d3fffff","resolution":8,"footfall_idx":64,"avg_spend":24,"weekly_revenue":1484064,"store_count":8,"opportunity_score":44},"geometry":{"type":"Polygon","coordinates":[[[-1.8655727773710509,52.49469283387906],[-1.8724588510685118,52.49342891016797],[-1.873582061894356,52.488950793733565],[-1.8678200591290377,52.48573684898373],[-1.8609350765910357,52.48700078344146],[-1.8598110057722763,52.491478651883426],[-1.8655727773710509,52.49469283387906]]]}},{"type":"Feature","properties":{"h3_index":"88195c05d1fffff","resolution":8,"footfall_idx":69,"avg_spend":27,"weekly_revenue":2110731,"store_count":8,"opportunity_score":55},"geometry":{"type":"Polygon","coordinates":[[[-1.8702119204816865,52.50238440382263],[-1.8770990855940657,52.501120490750424],[-1.878222120650919,52.4966426199768],[-1.8724588510685118,52.49342891016797],[-1.8655727773710509,52.49469283387906],[-1.8644488819545098,52.49917045674111],[-1.8702119204816865,52.50238440382263]]]}},{"type":"Feature","properties":{"h3_index":"88195c05ddfffff","resolution":8,"footfall_idx":68,"avg_spend":30,"weekly_revenue":1835513,"store_count":8,"opportunity_score":39},"geometry":{"type":"Polygon","coordinates":[[[-1.8748525065350092,52.510075492882315],[-1.8817407633178358,52.50881159034116],[-1.8828636224273136,52.504333965369355],[-1.8770990855940657,52.501120490750424],[-1.8702119204816865,52.50238440382263],[-1.869088200645574,52.50686178096373],[-1.8748525065350092,52.510075492882315]]]}},{"type":"Feature","properties":{"h3_index":"88195c05c3fffff","resolution":8,"footfall_idx":64,"avg_spend":23,"weekly_revenue":1569959,"store_count":8,"opportunity_score":54},"geometry":{"type":"Polygon","coordinates":[[[-1.887506567835812,52.512024829521344],[-1.8943954620595589,52.51076020633158],[-1.895517460026217,52.50628233364457],[-1.8897514250253764,52.503069331843506],[-1.8828636224273136,52.504333965369355],[-1.8817407633178358,52.50881159034116],[-1.887506567835812,52.512024829521344]]]}},{"type":"Feature","properties":{"h3_index":"88195c05c7fffff","resolution":8,"footfall_idx":62,"avg_spend":28,"weekly_revenue":1446670,"store_count":8,"opportunity_score":37},"geometry":{"type":"Polygon","coordinates":[[[-1.9001627650673474,52.513972972417974],[-1.9070522961767689,52.5127076283398],[-1.9081734325845208,52.508229508053056],[-1.9024058995551378,52.50501697942523],[-1.895517460026217,52.50628233364457],[-1.8943954620595589,52.51076020633158],[-1.9001627650673474,52.513972972417974]]]}},{"type":"Feature","properties":{"h3_index":"88195c058dfffff","resolution":8,"footfall_idx":66,"avg_spend":32,"weekly_revenue":2112259,"store_count":8,"opportunity_score":49},"geometry":{"type":"Polygon","coordinates":[[[-1.9081734325845208,52.508229508053056],[-1.9150625084889648,52.50696343290049],[-1.9161829599707958,52.50248481908497],[-1.9104151972691097,52.49927252796811],[-1.903527212644563,52.5005386131748],[-1.9024058995551378,52.50501697942523],[-1.9081734325845208,52.508229508053056]]]}},{"type":"Feature","properties":{"h3_index":"88195c0585fffff","resolution":8,"footfall_idx":69,"avg_spend":24,"weekly_revenue":1932402,"store_count":8,"opportunity_score":31},"geometry":{"type":"Polygon","coordinates":[[[-1.9161829599707958,52.50248481908497],[-1.9230715804608227,52.501218012900374],[-1.924191347156601,52.49673890565085],[-1.9184233551317698,52.49352685209729],[-1.911535825621017,52.49479366824897],[-1.9104151972691097,52.49927252796811],[-1.9161829599707958,52.50248481908497]]]}},{"type":"Feature","properties":{"h3_index":"88195c05abfffff","resolution":8,"footfall_idx":69,"avg_spend":28,"weekly_revenue":1803902,"store_count":8,"opportunity_score":44},"geometry":{"type":"Polygon","coordinates":[[[-1.924191347156601,52.49673890565085],[-1.9310795120229205,52.49547136847666],[-1.9321985940725488,52.49099176788792],[-1.926430373073597,52.48777995195004],[-1.9195432988859005,52.489047499004265],[-1.9184233551317698,52.49352685209729],[-1.924191347156601,52.49673890565085]]]}},{"type":"Feature","properties":{"h3_index":"88195c05bdfffff","resolution":8,"footfall_idx":55,"avg_spend":43,"weekly_revenue":2602644,"store_count":7,"opportunity_score":64},"geometry":{"type":"Polygon","coordinates":[[[-1.9195432988859005,52.489047499004265],[-1.926430373073597,52.48777995195004],[-1.9275496323697618,52.48330010557798],[-1.9217826789288668,52.48008805381788],[-1.9148966951651738,52.48135561086],[-1.9137765745315554,52.485835209655335],[-1.9195432988859005,52.489047499004265]]]}},{"type":"Feature","properties":{"h3_index":"88195c05b1fffff","resolution":8,"footfall_idx":58,"avg_spend":32,"weekly_revenue":1609654,"store_count":7,"opportunity_score":44},"geometry":{"type":"Polygon","coordinates":[[[-1.9148966951651738,52.48135561086],[-1.9217826789288668,52.48008805381788],[-1.922902115292646,52.475607961803746],[-1.917136428976492,52.472395674470505],[-1.9102515353822245,52.47366324160836],[-1.9091312380478465,52.478143085964724],[-1.9148966951651738,52.48135561086]]]}},{"type":"Feature","properties":{"h3_index":"88195c05b3fffff","resolution":8,"footfall_idx":58,"avg_spend":37,"weekly_revenue":2219088,"store_count":6,"opportunity_score":58},"geometry":{"type":"Polygon","coordinates":[[[-1.9102515353822245,52.47366324160836],[-1.917136428976492,52.472395674470505],[-1.9182560422290844,52.46791533695562],[-1.91249162260448,52.46470281429838],[-1.9056078189250858,52.4659703916397],[-1.9044873450685649,52.47045048141581],[-1.9102515353822245,52.47366324160836]]]}},{"type":"Feature","properties":{"h3_index":"88195c3a6dfffff","resolution":8,"footfall_idx":87,"avg_spend":46,"weekly_revenue":3204981,"store_count":8,"opportunity_score":29},"geometry":{"type":"Polygon","coordinates":[[[-1.8976030869669274,52.47171732811578],[-1.9044873450685649,52.47045048141581],[-1.9056078189250858,52.4659703916397],[-1.8998448949819746,52.46275739639891],[-1.8929617268406034,52.46402425349715],[-1.8918403927952414,52.468504095418915],[-1.8976030869669274,52.47171732811578]]]}},{"type":"Feature","properties":{"h3_index":"88195c3a69fffff","resolution":8,"footfall_idx":88,"avg_spend":35,"weekly_revenue":2980306,"store_count":8,"opportunity_score":39},"geometry":{"type":"Polygon","coordinates":[[[-1.8849567707406303,52.46977022192044],[-1.8918403927952414,52.468504095418915],[-1.8929617268406034,52.46402425349715],[-1.8872002987181733,52.460810786027764],[-1.880317766668814,52.46207692312232],[-1.8791955728498038,52.46655651707425],[-1.8849567707406303,52.46977022192044]]]}},{"type":"Feature","properties":{"h3_index":"88195c3a45fffff","resolution":8,"footfall_idx":82,"avg_spend":24,"weekly_revenue":2232536,"store_count":8,"opportunity_score":28},"geometry":{"type":"Polygon","coordinates":[[[-1.872312587396103,52.46782192361685],[-1.8791955728498038,52.46655651707425],[-1.880317766668814,52.46207692312232],[-1.8745578345057048,52.45886298377929],[-1.8676759391018505,52.46012840110965],[-1.8665528859244451,52.464607746976355],[-1.872312587396103,52.46782192361685]]]}},{"type":"Feature","properties":{"h3_index":"88195c3a4dfffff","resolution":8,"footfall_idx":79,"avg_spend":27,"weekly_revenue":1922272,"store_count":7,"opportunity_score":40},"geometry":{"type":"Polygon","coordinates":[[[-1.8643062709929525,52.473565700255],[-1.8711897096415966,52.47230102430655],[-1.872312587396103,52.46782192361685],[-1.8665528859244451,52.464607746976355],[-1.8596705376250589,52.46587243379965],[-1.8585468005613224,52.47035128636966],[-1.8643062709929525,52.473565700255]]]}},{"type":"Feature","properties":{"h3_index":"88195c04a7fffff","resolution":8,"footfall_idx":74,"avg_spend":20,"weekly_revenue":1580629,"store_count":7,"opportunity_score":55},"geometry":{"type":"Polygon","coordinates":[[[-1.8562988175298147,52.47930825289971],[-1.8631827091638196,52.47804430758764],[-1.8643062709929525,52.473565700255],[-1.8585468005613224,52.47035128636966],[-1.8516639995759032,52.47161524264378],[-1.8505395784868517,52.47609360182228],[-1.8562988175298147,52.47930825289971]]]}},{"type":"Feature","properties":{"h3_index":"88195c04a1fffff","resolution":8,"footfall_idx":69,"avg_spend":24,"weekly_revenue":1382396,"store_count":6,"opportunity_score":41},"geometry":{"type":"Polygon","coordinates":[[[-1.8482902270772854,52.48504958141424],[-1.8551745714869348,52.48378636678053],[-1.8562988175298147,52.47930825289971],[-1.8505395784868517,52.47609360182228],[-1.843656325025107,52.477356827505155],[-1.8425312197717754,52.48183469319742],[-1.8482902270772854,52.48504958141424]]]}},{"type":"Feature","properties":{"h3_index":"88195c04adfffff","resolution":8,"footfall_idx":66,"avg_spend":28,"weekly_revenue":1850896,"store_count":6,"opportunity_score":55},"geometry":{"type":"Polygon","coordinates":[[[-1.8529255701591074,52.49274185557566],[-1.8598110057722763,52.491478651883426],[-1.8609350765910357,52.48700078344146],[-1.8551745714869348,52.48378636678053],[-1.8482902270772854,52.48504958141424],[-1.8471652966816015,52.48952720174848],[-1.8529255701591074,52.49274185557566]]]}},{"type":"Feature","properties":{"h3_index":"88195c05dbfffff","resolution":8,"footfall_idx":70,"avg_spend":31,"weekly_revenue":2535328,"store_count":6,"opportunity_score":37},"geometry":{"type":"Polygon","coordinates":[[[-1.8575623548821907,52.50043364959959],[-1.8644488819545098,52.49917045674111],[-1.8655727773710509,52.49469283387906],[-1.8598110057722763,52.491478651883426],[-1.8529255701591074,52.49274185557566],[-1.8518008147989877,52.49721923041084],[-1.8575623548821907,52.50043364959959]]]}},{"type":"Feature","properties":{"h3_index":"88195c05d9fffff","resolution":8,"footfall_idx":73,"avg_spend":24,"weekly_revenue":1638367,"store_count":6,"opportunity_score":48},"geometry":{"type":"Polygon","coordinates":[[[-1.8622005818584106,52.50812496309625],[-1.869088200645574,52.50686178096373],[-1.8702119204816865,52.50238440382263],[-1.8644488819545098,52.49917045674111],[-1.8575623548821907,52.50043364959959],[-1.8564377747356704,52.504910778794695],[-1.8622005818584106,52.50812496309625]]]}},{"type":"Feature","properties":{"h3_index":"88195c0437fffff","resolution":8,"footfall_idx":73,"avg_spend":27,"weekly_revenue":2171900,"store_count":6,"opportunity_score":32},"geometry":{"type":"Polygon","coordinates":[[[-1.86684025169995,52.51581579567591],[-1.873728962457662,52.514552624161496],[-1.8748525065350092,52.510075492882315],[-1.869088200645574,52.50686178096373],[-1.8622005818584106,52.50812496309625],[-1.8610761771036415,52.512601846510286],[-1.86684025169995,52.51581579567591]]]}},{"type":"Feature","properties":{"h3_index":"88195c05cbfffff","resolution":8,"footfall_idx":73,"avg_spend":31,"weekly_revenue":1965902,"store_count":6,"opportunity_score":44},"geometry":{"type":"Polygon","coordinates":[[[-1.8794945361434348,52.51776610066829],[-1.8863838848522565,52.5165022085503],[-1.887506567835812,52.512024829521344],[-1.8817407633178358,52.50881159034116],[-1.8748525065350092,52.510075492882315],[-1.873728962457662,52.514552624161496],[-1.8794945361434348,52.51776610066829]]]}},{"type":"Feature","properties":{"h3_index":"88195c05c1fffff","resolution":8,"footfall_idx":68,"avg_spend":23,"weekly_revenue":1619525,"store_count":6,"opportunity_score":30},"geometry":{"type":"Polygon","coordinates":[[[-1.892150957489069,52.51971521204283],[-1.8990409435938695,52.518450599081255],[-1.9001627650673474,52.513972972417974],[-1.8943954620595589,52.51076020633158],[-1.887506567835812,52.512024829521344],[-1.8863838848522565,52.5165022085503],[-1.892150957489069,52.51971521204283]]]}},{"type":"Feature","properties":{"h3_index":"88195c05c5fffff","resolution":8,"footfall_idx":70,"avg_spend":29,"weekly_revenue":1628647,"store_count":6,"opportunity_score":42},"geometry":{"type":"Polygon","coordinates":[[[-1.9048095150427067,52.52166312920407],[-1.9117001379878846,52.52039779515903],[-1.9128210975350413,52.515919920977026],[-1.9070522961767689,52.5127076283398],[-1.9001627650673474,52.513972972417974],[-1.8990409435938695,52.518450599081255],[-1.9048095150427067,52.52166312920407]]]}},{"type":"Feature","properties":{"h3_index":"88195c05ebfffff","resolution":8,"footfall_idx":76,"avg_spend":32,"weekly_revenue":2356793,"store_count":6,"opportunity_score":51},"geometry":{"type":"Polygon","coordinates":[[[-1.9128210975350413,52.515919920977026],[-1.9197112649744348,52.51465385577061],[-1.920831539407251,52.51017548799981],[-1.9150625084889648,52.50696343290049],[-1.9081734325845208,52.508229508053056],[-1.9070522961767689,52.5127076283398],[-1.9128210975350413,52.515919920977026]]]}},{"type":"Feature","properties":{"h3_index":"88195c05e3fffff","resolution":8,"footfall_idx":83,"avg_spend":25,"weekly_revenue":2356916,"store_count":6,"opportunity_score":33},"geometry":{"type":"Polygon","coordinates":[[[-1.920831539407251,52.51017548799981],[-1.9277212511313946,52.50890869167435],[-1.9288408405898247,52.50442983040943],[-1.9230715804608227,52.501218012900374],[-1.9161829599707958,52.50248481908497],[-1.9150625084889648,52.50696343290049],[-1.920831539407251,52.51017548799981]]]}},{"type":"Feature","properties":{"h3_index":"88195c05a9fffff","resolution":8,"footfall_idx":81,"avg_spend":28,"weekly_revenue":2047211,"store_count":6,"opportunity_score":45},"geometry":{"type":"Polygon","coordinates":[[[-1.9288408405898247,52.50442983040943],[-1.935730096389393,52.50316230300737],[-1.9368490010134514,52.49868294834317],[-1.9310795120229205,52.49547136847666],[-1.924191347156601,52.49673890565085],[-1.9230715804608227,52.501218012900374],[-1.9288408405898247,52.50442983040943]]]}},{"type":"Feature","properties":{"h3_index":"88195c05a1fffff","resolution":8,"footfall_idx":75,"avg_spend":32,"weekly_revenue":2566650,"store_count":5,"opportunity_score":33},"geometry":{"type":"Polygon","coordinates":[[[-1.9368490010134514,52.49868294834317],[-1.9437378006792851,52.497414689907075],[-1.944856020609021,52.492934841938386],[-1.9390863031060175,52.489723499766704],[-1.9321985940725488,52.49099176788792],[-1.9310795120229205,52.49547136847666],[-1.9368490010134514,52.49868294834317]]]}},{"type":"Feature","properties":{"h3_index":"88195c05a3fffff","resolution":8,"footfall_idx":74,"avg_spend":24,"weekly_revenue":1485134,"store_count":5,"opportunity_score":45},"geometry":{"type":"Polygon","coordinates":[[[-1.9321985940725488,52.49099176788792],[-1.9390863031060175,52.489723499766704],[-1.9402047006494436,52.48524340593365],[-1.9344362510253004,52.48203182766377],[-1.9275496323697618,52.48330010557798],[-1.926430373073597,52.48777995195004],[-1.9321985940725488,52.49099176788792]]]}},{"type":"Feature","properties":{"h3_index":"88195c05b5fffff","resolution":8,"footfall_idx":64,"avg_spend":38,"weekly_revenue":2439324,"store_count":4,"opportunity_score":32},"geometry":{"type":"Polygon","coordinates":[[[-1.9275496323697618,52.48330010557798],[-1.9344362510253004,52.48203182766377],[-1.9355548260033262,52.47755148810758],[-1.9297876438246861,52.47433967398866],[-1.922902115292646,52.475607961803746],[-1.9217826789288668,52.48008805381788],[-1.9275496323697618,52.48330010557798]]]}},{"type":"Feature","properties":{"h3_index":"88195c05b7fffff","resolution":8,"footfall_idx":68,"avg_spend":43,"weekly_revenue":3420491,"store_count":5,"opportunity_score":44},"geometry":{"type":"Polygon","coordinates":[[[-1.922902115292646,52.475607961803746],[-1.9297876438246861,52.47433967398866],[-1.9309063960583384,52.46985908885071],[-1.9251404808920005,52.4666470391319],[-1.9182560422290844,52.46791533695562],[-1.917136428976492,52.472395674470505],[-1.922902115292646,52.475607961803746]]]}},{"type":"Feature","properties":{"h3_index":"88195c3b59fffff","resolution":8,"footfall_idx":67,"avg_spend":32,"weekly_revenue":2008039,"store_count":9,"opportunity_score":57},"geometry":{"type":"Polygon","coordinates":[[[-1.9182560422290844,52.46791533695562],[-1.9251404808920005,52.4666470391319],[-1.9262594102024555,52.46216620855351],[-1.9204947616154064,52.45895392348397],[-1.9136114125672685,52.46022223142409],[-1.91249162260448,52.46470281429838],[-1.9182560422290844,52.46791533695562]]]}},{"type":"Feature","properties":{"h3_index":"88195c3a65fffff","resolution":8,"footfall_idx":63,"avg_spend":37,"weekly_revenue":2571961,"store_count":9,"opportunity_score":42},"geometry":{"type":"Polygon","coordinates":[[[-1.9056078189250858,52.4659703916397],[-1.91249162260448,52.46470281429838],[-1.9136114125672685,52.46022223142409],[-1.907848259201194,52.4570094736919],[-1.9009655451822034,52.45827706134437],[-1.8998448949819746,52.46275739639891],[-1.9056078189250858,52.4659703916397]]]}},{"type":"Feature","properties":{"h3_index":"88195c3a61fffff","resolution":8,"footfall_idx":73,"avg_spend":37,"weekly_revenue":2350301,"store_count":10,"opportunity_score":50},"geometry":{"type":"Polygon","coordinates":[[[-1.8929617268406034,52.46402425349715],[-1.8998448949819746,52.46275739639891],[-1.9009655451822034,52.45827706134437],[-1.8952038871766308,52.45506383130441],[-1.8883218087408555,52.45633069890852],[-1.8872002987181733,52.460810786027764],[-1.8929617268406034,52.46402425349715]]]}},{"type":"Feature","properties":{"h3_index":"88195c3a6bfffff","resolution":8,"footfall_idx":73,"avg_spend":28,"weekly_revenue":2119519,"store_count":9,"opportunity_score":34},"geometry":{"type":"Polygon","coordinates":[[[-1.880317766668814,52.46207692312232],[-1.8872002987181733,52.460810786027764],[-1.8883218087408555,52.45633069890852],[-1.882561646234734,52.45311699691563],[-1.875680203935804,52.4543831447108],[-1.8745578345057048,52.45886298377929],[-1.880317766668814,52.46207692312232]]]}},{"type":"Feature","properties":{"h3_index":"88195c3a47fffff","resolution":8,"footfall_idx":91,"avg_spend":24,"weekly_revenue":1755354,"store_count":10,"opportunity_score":38},"geometry":{"type":"Polygon","coordinates":[[[-1.8676759391018505,52.46012840110965],[-1.8745578345057048,52.45886298377929],[-1.875680203935804,52.4543831447108],[-1.8699215370674847,52.451168971119884],[-1.8630407314584947,52.45243439934557],[-1.8619175030361175,52.45691399024794],[-1.8676759391018505,52.46012840110965]]]}},{"type":"Feature","properties":{"h3_index":"88195c3a41fffff","resolution":8,"footfall_idx":90,"avg_spend":27,"weekly_revenue":2358365,"store_count":10,"opportunity_score":25},"geometry":{"type":"Polygon","coordinates":[[[-1.8596705376250589,52.46587243379965],[-1.8665528859244451,52.464607746976355],[-1.8676759391018505,52.46012840110965],[-1.8619175030361175,52.45691399024794],[-1.8550362448307869,52.458178688053714],[-1.853912332710329,52.46265778571986],[-1.8596705376250589,52.46587243379965]]]}},{"type":"Feature","properties":{"h3_index":"88195c3a49fffff","resolution":8,"footfall_idx":85,"avg_spend":20,"weekly_revenue":1933423,"store_count":10,"opportunity_score":37},"geometry":{"type":"Polygon","coordinates":[[[-1.8516639995759032,52.47161524264378],[-1.8585468005613224,52.47035128636966],[-1.8596705376250589,52.46587243379965],[-1.853912332710329,52.46265778571986],[-1.847030622118129,52.46392175306359],[-1.8459060261607116,52.468400357398615],[-1.8516639995759032,52.47161524264378]]]}},{"type":"Feature","properties":{"h3_index":"88195c04a3fffff","resolution":8,"footfall_idx":79,"avg_spend":23,"weekly_revenue":1642740,"store_count":9,"opportunity_score":52},"geometry":{"type":"Polygon","coordinates":[[[-1.843656325025107,52.477356827505155],[-1.8505395784868517,52.47609360182228],[-1.8516639995759032,52.47161524264378],[-1.8459060261607116,52.468400357398615],[-1.839023863391295,52.46966359423827],[-1.837898583458087,52.47414170514744],[-1.843656325025107,52.477356827505155]]]}},{"type":"Feature","properties":{"h3_index":"88195c04abfffff","resolution":8,"footfall_idx":72,"avg_spend":27,"weekly_revenue":2081794,"store_count":9,"opportunity_score":40},"geometry":{"type":"Polygon","coordinates":[[[-1.8356475140435329,52.4830971882471],[-1.8425312197717754,52.48183469319742],[-1.843656325025107,52.477356827505155],[-1.837898583458087,52.47414170514744],[-1.831015968721278,52.47540421144104],[-1.8298900046734385,52.479881828829605],[-1.8356475140435329,52.4830971882471]]]}},{"type":"Feature","properties":{"h3_index":"88195c04a9fffff","resolution":8,"footfall_idx":67,"avg_spend":31,"weekly_revenue":1739838,"store_count":8,"opportunity_score":55},"geometry":{"type":"Polygon","coordinates":[[[-1.8402804997061764,52.49078968566189],[-1.8471652966816015,52.48952720174848],[-1.8482902270772854,52.48504958141424],[-1.8425312197717754,52.48183469319742],[-1.8356475140435329,52.4830971882471],[-1.8345217244870298,52.48757456035844],[-1.8402804997061764,52.49078968566189]]]}},{"type":"Feature","properties":{"h3_index":"88195c04e7fffff","resolution":8,"footfall_idx":72,"avg_spend":24,"weekly_revenue":1735700,"store_count":8,"opportunity_score":36},"geometry":{"type":"Polygon","coordinates":[[[-1.8449149263205655,52.498481703295646],[-1.8518008147989877,52.49721923041084],[-1.8529255701591074,52.49274185557566],[-1.8471652966816015,52.48952720174848],[-1.8402804997061764,52.49078968566189],[-1.839154884818701,52.49526681235495],[-1.8449149263205655,52.498481703295646]]]}},{"type":"Feature","properties":{"h3_index":"88195c04e5fffff","resolution":8,"footfall_idx":76,"avg_spend":27,"weekly_revenue":2403390,"store_count":9,"opportunity_score":46},"geometry":{"type":"Polygon","coordinates":[[[-1.8495507944984066,52.50617324075861],[-1.8564377747356704,52.504910778794695],[-1.8575623548821907,52.50043364959959],[-1.8518008147989877,52.49721923041084],[-1.8449149263205655,52.498481703295646],[-1.8437894862799746,52.50295858442942],[-1.8495507944984066,52.50617324075861]]]}},{"type":"Feature","properties":{"h3_index":"88195c0433fffff","resolution":8,"footfall_idx":78,"avg_spend":30,"weekly_revenue":2194990,"store_count":9,"opportunity_score":30},"geometry":{"type":"Polygon","coordinates":[[[-1.8541881048516708,52.51386429766117],[-1.8610761771036415,52.512601846510286],[-1.8622005818584106,52.50812496309625],[-1.8564377747356704,52.504910778794695],[-1.8495507944984066,52.50617324075861],[-1.848425529482678,52.51064987619217],[-1.8541881048516708,52.51386429766117]]]}},{"type":"Feature","properties":{"h3_index":"88195c0431fffff","resolution":8,"footfall_idx":77,"avg_spend":23,"weekly_revenue":1956631,"store_count":8,"opportunity_score":42},"geometry":{"type":"Polygon","coordinates":[[[-1.8588268579926428,52.52155487361367],[-1.86571602251526,52.52029243316793],[-1.86684025169995,52.51581579567591],[-1.8610761771036415,52.512601846510286],[-1.8541881048516708,52.51386429766117],[-1.8530630150389402,52.51834068725356],[-1.8588268579926428,52.52155487361367]]]}},{"type":"Feature","properties":{"h3_index":"88195c0435fffff","resolution":8,"footfall_idx":80,"avg_spend":27,"weekly_revenue":1882665,"store_count":8,"opportunity_score":26},"geometry":{"type":"Polygon","coordinates":[[[-1.8714813650193434,52.52350614694881],[-1.878371168003352,52.52224298594461],[-1.8794945361434348,52.51776610066829],[-1.873728962457662,52.514552624161496],[-1.86684025169995,52.51581579567591],[-1.86571602251526,52.52029243316793],[-1.8714813650193434,52.52350614694881]]]}},{"type":"Feature","properties":{"h3_index":"88195c05c9fffff","resolution":8,"footfall_idx":78,"avg_spend":30,"weekly_revenue":2429835,"store_count":8,"opportunity_score":38},"geometry":{"type":"Polygon","coordinates":[[[-1.8841380099196747,52.5254562267908],[-1.8910284508101032,52.524192344988],[-1.892150957489069,52.51971521204283],[-1.8863838848522565,52.5165022085503],[-1.8794945361434348,52.51776610066829],[-1.878371168003352,52.52224298594461],[-1.8841380099196747,52.5254562267908]]]}},{"type":"Feature","properties":{"h3_index":"88195c05cdfffff","resolution":8,"footfall_idx":73,"avg_spend":23,"weekly_revenue":1351894,"store_count":8,"opportunity_score":53},"geometry":{"type":"Polygon","coordinates":[[[-1.896796791999974,52.527405112543995],[-1.903687870241278,52.526140509702586],[-1.9048095150427067,52.52166312920407],[-1.8990409435938695,52.518450599081255],[-1.892150957489069,52.51971521204283],[-1.8910284508101032,52.524192344988],[-1.896796791999974,52.527405112543995]]]}},{"type":"Feature","properties":{"h3_index":"88195c0513fffff","resolution":8,"footfall_idx":80,"avg_spend":28,"weekly_revenue":2177202,"store_count":8,"opportunity_score":34},"geometry":{"type":"Polygon","coordinates":[[[-1.909457710565443,52.52935280361285],[-1.9163494256016171,52.52808747949293],[-1.9174702081091577,52.52360985155667],[-1.9117001379878846,52.52039779515903],[-1.9048095150427067,52.52166312920407],[-1.903687870241278,52.526140509702586],[-1.909457710565443,52.52935280361285]]]}},{"type":"Feature","properties":{"h3_index":"88195c05e9fffff","resolution":8,"footfall_idx":86,"avg_spend":32,"weekly_revenue":3133846,"store_count":8,"opportunity_score":42},"geometry":{"type":"Polygon","coordinates":[[[-1.9174702081091577,52.52360985155667],[-1.9243614673385805,52.52234379618839],[-1.9254815645432855,52.51786567460333],[-1.9197112649744348,52.51465385577061],[-1.9128210975350413,52.515919920977026],[-1.9117001379878846,52.52039779515903],[-1.9174702081091577,52.52360985155667]]]}},{"type":"Feature","properties":{"h3_index":"88195c05e1fffff","resolution":8,"footfall_idx":91,"avg_spend":24,"weekly_revenue":1977697,"store_count":9,"opportunity_score":27},"geometry":{"type":"Polygon","coordinates":[[[-1.9254815645432855,52.51786567460333],[-1.9323723677564315,52.516598888028994],[-1.9334917797983755,52.51212027288985],[-1.9277212511313946,52.50890869167435],[-1.920831539407251,52.51017548799981],[-1.9197112649744348,52.51465385577061],[-1.9254815645432855,52.51786567460333]]]}},{"type":"Feature","properties":{"h3_index":"88195c05e7fffff","resolution":8,"footfall_idx":91,"avg_spend":28,"weekly_revenue":2732287,"store_count":8,"opportunity_score":37},"geometry":{"type":"Polygon","coordinates":[[[-1.9334917797983755,52.51212027288985],[-1.9403821267858976,52.510852755151895],[-1.9415008538051906,52.506373646553406],[-1.935730096389393,52.50316230300737],[-1.9288408405898247,52.50442983040943],[-1.9277212511313946,52.50890869167435],[-1.9334917797983755,52.51212027288985]]]}},{"type":"Feature","properties":{"h3_index":"88195c05adfffff","resolution":8,"footfall_idx":86,"avg_spend":31,"weekly_revenue":2237076,"store_count":8,"opportunity_score":25},"geometry":{"type":"Polygon","coordinates":[[[-1.9415008538051906,52.506373646553406],[-1.9483907443578783,52.50510539769442],[-1.94950878649469,52.50062579573136],[-1.9437378006792851,52.497414689907075],[-1.9368490010134514,52.49868294834317],[-1.935730096389393,52.50316230300737],[-1.9415008538051906,52.506373646553406]]]}},{"type":"Feature","properties":{"h3_index":"88195c05a5fffff","resolution":8,"footfall_idx":80,"avg_spend":24,"weekly_revenue":1931328,"store_count":7,"opportunity_score":39},"geometry":{"type":"Polygon","coordinates":[[[-1.94950878649469,52.50062579573136],[-1.956398220403498,52.49935681579404],[-1.9575155777980215,52.4948767205613],[-1.9517443639320942,52.49166585251091],[-1.944856020609021,52.492934841938386],[-1.9437378006792851,52.497414689907075],[-1.94950878649469,52.50062579573136]]]}},{"type":"Feature","properties":{"h3_index":"88195c05a7fffff","resolution":8,"footfall_idx":81,"avg_spend":27,"weekly_revenue":2564667,"store_count":7,"opportunity_score":49},"geometry":{"type":"Polygon","coordinates":[[[-1.944856020609021,52.492934841938386],[-1.9517443639320942,52.49166585251091],[-1.9528618993075884,52.487185511332704],[-1.9470919536410705,52.48397440690806],[-1.9402047006494436,52.48524340593365],[-1.9390863031060175,52.489723499766704],[-1.944856020609021,52.492934841938386]]]}},{"type":"Feature","properties":{"h3_index":"88195c3b49fffff","resolution":8,"footfall_idx":68,"avg_spend":42,"weekly_revenue":2683139,"store_count":6,"opportunity_score":40},"geometry":{"type":"Polygon","coordinates":[[[-1.9402047006494436,52.48524340593365],[-1.9470919536410705,52.48397440690806],[-1.9482096668182673,52.47949381992566],[-1.9424409889177727,52.476282479376025],[-1.9355548260033262,52.47755148810758],[-1.9344362510253004,52.48203182766377],[-1.9402047006494436,52.48524340593365]]]}},{"type":"Feature","properties":{"h3_index":"88195c3b4bfffff","resolution":8,"footfall_idx":72,"avg_spend":31,"weekly_revenue":2469175,"store_count":6,"opportunity_score":51},"geometry":{"type":"Polygon","coordinates":[[[-1.9355548260033262,52.47755148810758],[-1.9424409889177727,52.476282479376025],[-1.9435588797175272,52.47180164673075],[-1.937791469149814,52.46859007030533],[-1.9309063960583384,52.46985908885071],[-1.9297876438246861,52.47433967398866],[-1.9355548260033262,52.47755148810758]]]}},{"type":"Feature","properties":{"h3_index":"88195c3b5dfffff","resolution":8,"footfall_idx":74,"avg_spend":36,"weekly_revenue":2325801,"store_count":6,"opportunity_score":34},"geometry":{"type":"Polygon","coordinates":[[[-1.9309063960583384,52.46985908885071],[-1.937791469149814,52.46859007030533],[-1.9389095373931178,52.46410899213855],[-1.9331433937251372,52.46089718008654],[-1.9262594102024555,52.46216620855351],[-1.9251404808920005,52.4666470391319],[-1.9309063960583384,52.46985908885071]]]}},{"type":"Feature","properties":{"h3_index":"88195c3b51fffff","resolution":8,"footfall_idx":74,"avg_spend":41,"weekly_revenue":3154861,"store_count":6,"opportunity_score":46},"geometry":{"type":"Polygon","coordinates":[[[-1.9262594102024555,52.46216620855351],[-1.9331433937251372,52.46089718008654],[-1.9342616392331167,52.45641585653972],[-1.9284967620320081,52.45320380911028],[-1.9216138678239618,52.454472847606574],[-1.9204947616154064,52.45895392348397],[-1.9262594102024555,52.46216620855351]]]}},{"type":"Feature","properties":{"h3_index":"88195c3b5bfffff","resolution":8,"footfall_idx":74,"avg_spend":31,"weekly_revenue":1850392,"store_count":6,"opportunity_score":30},"geometry":{"type":"Polygon","coordinates":[[[-1.9136114125672685,52.46022223142409],[-1.9204947616154064,52.45895392348397],[-1.9216138678239618,52.454472847606574],[-1.915850485383328,52.45126032743542],[-1.9089682256956513,52.45252864559962],[-1.907848259201194,52.4570094736919],[-1.9136114125672685,52.46022223142409]]]}},{"type":"Feature","properties":{"h3_index":"88195c3a67fffff","resolution":8,"footfall_idx":83,"avg_spend":32,"weekly_revenue":2585376,"store_count":7,"opportunity_score":38},"geometry":{"type":"Polygon","coordinates":[[[-1.9009655451822034,52.45827706134437],[-1.907848259201194,52.4570094736919],[-1.9089682256956513,52.45252864559962],[-1.9032063381553,52.44931565304157],[-1.8963247135422237,52.450583251112825],[-1.8952038871766308,52.45506383130441],[-1.9009655451822034,52.45827706134437]]]}},{"type":"Feature","properties":{"h3_index":"88195c3a63fffff","resolution":8,"footfall_idx":90,"avg_spend":36,"weekly_revenue":3694237,"store_count":7,"opportunity_score":45},"geometry":{"type":"Polygon","coordinates":[[[-1.8883218087408555,52.45633069890852],[-1.8952038871766308,52.45506383130441],[-1.8963247135422237,52.450583251112825],[-1.890564321041399,52.44736978652267],[-1.8836833320566035,52.44863666474029],[-1.882561646234734,52.45311699691563],[-1.8883218087408555,52.45633069890852]]]}},{"type":"Feature","properties":{"h3_index":"88195c3a0dfffff","resolution":8,"footfall_idx":83,"avg_spend":40,"weekly_revenue":3011185,"store_count":6,"opportunity_score":35},"geometry":{"type":"Polygon","coordinates":[[[-1.875680203935804,52.4543831447108],[-1.882561646234734,52.45311699691563],[-1.8836833320566035,52.44863666474029],[-1.8779244347339812,52.44542272847286],[-1.8710440819306953,52.44668888707619],[-1.8699215370674847,52.451168971119884],[-1.875680203935804,52.4543831447108]]]}},{"type":"Feature","properties":{"h3_index":"88195c3a09fffff","resolution":8,"footfall_idx":99,"avg_spend":23,"weekly_revenue":2444976,"store_count":7,"opportunity_score":37},"geometry":{"type":"Polygon","coordinates":[[[-1.8630407314584947,52.45243439934557],[-1.8699215370674847,52.451168971119884],[-1.8710440819306953,52.44668888707619],[-1.8652866799244228,52.443474479486284],[-1.858406963855363,52.4447399187148],[-1.8572835603657845,52.4492197545115],[-1.8630407314584947,52.45243439934557]]]}},{"type":"Feature","properties":{"h3_index":"88195c3a43fffff","resolution":8,"footfall_idx":99,"avg_spend":26,"weekly_revenue":2163595,"store_count":7,"opportunity_score":26},"geometry":{"type":"Polygon","coordinates":[[[-1.8550362448307869,52.458178688053714],[-1.8619175030361175,52.45691399024794],[-1.8630407314584947,52.45243439934557],[-1.8572835603657845,52.4492197545115],[-1.8504033919993692,52.450484463407285],[-1.849279304999916,52.45496380602825],[-1.8550362448307869,52.458178688053714]]]}},{"type":"Feature","properties":{"h3_index":"88195c3a4bfffff","resolution":8,"footfall_idx":95,"avg_spend":29,"weekly_revenue":2775235,"store_count":7,"opportunity_score":37},"geometry":{"type":"Polygon","coordinates":[[[-1.847030622118129,52.46392175306359],[-1.853912332710329,52.46265778571986],[-1.8550362448307869,52.458178688053714],[-1.849279304999916,52.45496380602825],[-1.84239868454561,52.45622778454914],[-1.841273913897502,52.4607066338995],[-1.847030622118129,52.46392175306359]]]}},{"type":"Feature","properties":{"h3_index":"88195c04b5fffff","resolution":8,"footfall_idx":89,"avg_spend":22,"weekly_revenue":2298950,"store_count":6,"opportunity_score":27},"geometry":{"type":"Polygon","coordinates":[[[-1.839023863391295,52.46966359423827],[-1.8459060261607116,52.468400357398615],[-1.847030622118129,52.46392175306359],[-1.841273913897502,52.4607066338995],[-1.8343928415649067,52.46196988200348],[-1.8332673871294178,52.46644823798836],[-1.839023863391295,52.46966359423827]]]}},{"type":"Feature","properties":{"h3_index":"88195c04bdfffff","resolution":8,"footfall_idx":82,"avg_spend":26,"weekly_revenue":2006039,"store_count":6,"opportunity_score":40},"geometry":{"type":"Polygon","coordinates":[[[-1.831015968721278,52.47540421144104],[-1.837898583458087,52.47414170514744],[-1.839023863391295,52.46966359423827],[-1.8332673871294178,52.46644823798836],[-1.826385863128329,52.467710755633476],[-1.8252597247667648,52.472188618158135],[-1.831015968721278,52.47540421144104]]]}},{"type":"Feature","properties":{"h3_index":"88195c0487fffff","resolution":8,"footfall_idx":75,"avg_spend":29,"weekly_revenue":2409260,"store_count":5,"opportunity_score":28},"geometry":{"type":"Polygon","coordinates":[[[-1.8230069381792045,52.48114360453535],[-1.8298900046734385,52.479881828829605],[-1.831015968721278,52.47540421144104],[-1.8252597247667648,52.472188618158135],[-1.8183777493070896,52.473450405302565],[-1.8172509268807904,52.47792777427234],[-1.8230069381792045,52.48114360453535]]]}},{"type":"Feature","properties":{"h3_index":"88195c0485fffff","resolution":8,"footfall_idx":77,"avg_spend":22,"weekly_revenue":1481391,"store_count":5,"opportunity_score":39},"geometry":{"type":"Polygon","coordinates":[[[-1.8276375667022848,52.48883632473312],[-1.8345217244870298,52.48757456035844],[-1.8356475140435329,52.4830971882471],[-1.8298900046734385,52.479881828829605],[-1.8230069381792045,52.48114360453535],[-1.8218802898780202,52.48562072830864],[-1.8276375667022848,52.48883632473312]]]}},{"type":"Feature","properties":{"h3_index":"88195c04e3fffff","resolution":8,"footfall_idx":74,"avg_spend":26,"weekly_revenue":2003422,"store_count":10,"opportunity_score":52},"geometry":{"type":"Polygon","coordinates":[[[-1.832269635487506,52.49652856550619],[-1.839154884818701,52.49526681235495],[-1.8402804997061764,52.49078968566189],[-1.8345217244870298,52.48757456035844],[-1.8276375667022848,52.48883632473312],[-1.826511092703741,52.49331320316891],[-1.832269635487506,52.49652856550619]]]}},{"type":"Feature","properties":{"h3_index":"88195c04e1fffff","resolution":8,"footfall_idx":71,"avg_spend":36,"weekly_revenue":2065419,"store_count":9,"opportunity_score":38},"geometry":{"type":"Polygon","coordinates":[[[-1.8369031451463522,52.50422032646493],[-1.8437894862799746,52.50295858442942],[-1.8449149263205655,52.498481703295646],[-1.839154884818701,52.49526681235495],[-1.832269635487506,52.49652856550619],[-1.8311433359692657,52.501005198463496],[-1.8369031451463522,52.50422032646493]]]}},{"type":"Feature","properties":{"h3_index":"88195c04edfffff","resolution":8,"footfall_idx":76,"avg_spend":27,"weekly_revenue":2000400,"store_count":10,"opportunity_score":48},"geometry":{"type":"Polygon","coordinates":[[[-1.8415380962905776,52.511911607219716],[-1.848425529482678,52.51064987619217],[-1.8495507944984066,52.50617324075861],[-1.8437894862799746,52.50295858442942],[-1.8369031451463522,52.50422032646493],[-1.8357770202862174,52.50869671380279],[-1.8415380962905776,52.511911607219716]]]}},{"type":"Feature","properties":{"h3_index":"88195c043bfffff","resolution":8,"footfall_idx":81,"avg_spend":31,"weekly_revenue":2866660,"store_count":10,"opportunity_score":30},"geometry":{"type":"Polygon","coordinates":[[[-1.8461744895322731,52.519602407380994],[-1.8530630150389402,52.51834068725356],[-1.8541881048516708,52.51386429766117],[-1.848425529482678,52.51064987619217],[-1.8415380962905776,52.511911607219716],[-1.8404121462664746,52.51638774879722],[-1.8461744895322731,52.519602407380994]]]}},{"type":"Feature","properties":{"h3_index":"88195c0439fffff","resolution":8,"footfall_idx":85,"avg_spend":36,"weekly_revenue":2779790,"store_count":10,"opportunity_score":40},"geometry":{"type":"Polygon","coordinates":[[[-1.8508123254838327,52.52729272655922],[-1.8577019435611581,52.52603101722403],[-1.8588268579926428,52.52155487361367],[-1.8530630150389402,52.51834068725356],[-1.8461744895322731,52.519602407380994],[-1.845048714522285,52.5240783030573],[-1.8508123254838327,52.52729272655922]]]}},{"type":"Feature","properties":{"h3_index":"88195c043dfffff","resolution":8,"footfall_idx":81,"avg_spend":27,"weekly_revenue":2351495,"store_count":10,"opportunity_score":27},"geometry":{"type":"Polygon","coordinates":[[[-1.8634670545339487,52.529244968226436],[-1.870357311583126,52.527982538377984],[-1.8714813650193434,52.52350614694881],[-1.86571602251526,52.52029243316793],[-1.8588268579926428,52.52155487361367],[-1.8577019435611581,52.52603101722403],[-1.8634670545339487,52.529244968226436]]]}},{"type":"Feature","properties":{"h3_index":"88195c0423fffff","resolution":8,"footfall_idx":88,"avg_spend":25,"weekly_revenue":1852405,"store_count":10,"opportunity_score":35},"geometry":{"type":"Polygon","coordinates":[[[-1.8761239224293618,52.531196016525314],[-1.8830148178954667,52.52993286592336],[-1.8841380099196747,52.5254562267908],[-1.878371168003352,52.52224298594461],[-1.8714813650193434,52.52350614694881],[-1.870357311583126,52.527982538377984],[-1.8761239224293618,52.531196016525314]]]}},{"type":"Feature","properties":{"h3_index":"88195c0427fffff","resolution":8,"footfall_idx":84,"avg_spend":28,"weekly_revenue":2372672,"store_count":10,"opportunity_score":48},"geometry":{"type":"Polygon","coordinates":[[[-1.8887829284767423,52.533145870860075],[-1.895674461804383,52.53188199926449],[-1.896796791999974,52.527405112543995],[-1.8910284508101032,52.524192344988],[-1.8841380099196747,52.5254562267908],[-1.8830148178954667,52.52993286592336],[-1.8887829284767423,52.533145870860075]]]}},{"type":"Feature","properties":{"h3_index":"88195c051bfffff","resolution":8,"footfall_idx":85,"avg_spend":23,"weekly_revenue":2298251,"store_count":10,"opportunity_score":33},"geometry":{"type":"Polygon","coordinates":[[[-1.901444071981757,52.53509453063499],[-1.9083362426150394,52.53382993780571],[-1.909457710565443,52.52935280361285],[-1.903687870241278,52.526140509702586],[-1.896796791999974,52.527405112543995],[-1.895674461804383,52.53188199926449],[-1.901444071981757,52.53509453063499]]]}},{"type":"Feature","properties":{"h3_index":"88195c0511fffff","resolution":8,"footfall_idx":89,"avg_spend":26,"weekly_revenue":2180628,"store_count":10,"opportunity_score":42},"geometry":{"type":"Polygon","coordinates":[[[-1.914107352248967,52.53704199525447],[-1.9210001596314625,52.5357766809516],[-1.9221207649202108,52.531299299401994],[-1.9163494256016171,52.52808747949293],[-1.909457710565443,52.52935280361285],[-1.9083362426150394,52.53382993780571],[-1.914107352248967,52.53704199525447]]]}},{"type":"Feature","properties":{"h3_index":"88195c0517fffff","resolution":8,"footfall_idx":95,"avg_spend":30,"weekly_revenue":3161078,"store_count":10,"opportunity_score":26},"geometry":{"type":"Polygon","coordinates":[[[-1.9221207649202108,52.531299299401994],[-1.9290131161947754,52.53003325376373],[-1.930133035992154,52.525555378505445],[-1.9243614673385805,52.52234379618839],[-1.9174702081091577,52.52360985155667],[-1.9163494256016171,52.52808747949293],[-1.9221207649202108,52.531299299401994]]]}},{"type":"Feature","properties":{"h3_index":"88195c05edfffff","resolution":8,"footfall_idx":99,"avg_spend":34,"weekly_revenue":2948405,"store_count":10,"opportunity_score":34},"geometry":{"type":"Polygon","coordinates":[[[-1.930133035992154,52.525555378505445],[-1.9370249309492278,52.52428860157417],[-1.93814416539542,52.51981023270183],[-1.9323723677564315,52.516598888028994],[-1.9254815645432855,52.51786567460333],[-1.9243614673385805,52.52234379618839],[-1.930133035992154,52.525555378505445]]]}},{"type":"Feature","properties":{"h3_index":"88195c05e5fffff","resolution":8,"footfall_idx":54,"avg_spend":26,"weekly_revenue":1463985,"store_count":7,"opportunity_score":37},"geometry":{"type":"Polygon","coordinates":[[[-1.93814416539542,52.51981023270183],[-1.945035603825598,52.51854272451998],[-1.9461541530608149,52.5140638621283],[-1.9403821267858976,52.510852755151895],[-1.9334917797983755,52.51212027288985],[-1.9323723677564315,52.516598888028994],[-1.93814416539542,52.51981023270183]]]}},{"type":"Feature","properties":{"h3_index":"88195c0edbfffff","resolution":8,"footfall_idx":52,"avg_spend":30,"weekly_revenue":1262838,"store_count":7,"opportunity_score":53},"geometry":{"type":"Polygon","coordinates":[[[-1.9461541530608149,52.5140638621283],[-1.9530451347548867,52.51279562273842],[-1.9541629989193883,52.508316266922165],[-1.9483907443578783,52.50510539769442],[-1.9415008538051906,52.506373646553406],[-1.9403821267858976,52.510852755151895],[-1.9461541530608149,52.5140638621283]]]}},{"type":"Feature","properties":{"h3_index":"88195c0ed3fffff","resolution":8,"footfall_idx":49,"avg_spend":33,"weekly_revenue":1578674,"store_count":6,"opportunity_score":69},"geometry":{"type":"Polygon","coordinates":[[[-1.9541629989193883,52.508316266922165],[-1.9610535236682738,52.50704729636696],[-1.9621707029023725,52.50256744722096],[-1.956398220403498,52.49935681579404],[-1.94950878649469,52.50062579573136],[-1.9483907443578783,52.50510539769442],[-1.9541629989193883,52.508316266922165]]]}},{"type":"Feature","properties":{"h3_index":"88195c0e99fffff","resolution":8,"footfall_idx":46,"avg_spend":25,"weekly_revenue":1314548,"store_count":6,"opportunity_score":51},"geometry":{"type":"Polygon","coordinates":[[[-1.9621707029023725,52.50256744722096],[-1.9690607704971603,52.501297745543134],[-1.9701772649411926,52.49681740316234],[-1.964404554854083,52.4936070095883],[-1.9575155777980215,52.4948767205613],[-1.956398220403498,52.49935681579404],[-1.9621707029023725,52.50256744722096]]]}},{"type":"Feature","properties":{"h3_index":"88195c0e9bfffff","resolution":8,"footfall_idx":47,"avg_spend":29,"weekly_revenue":1240156,"store_count":6,"opportunity_score":66},"geometry":{"type":"Polygon","coordinates":[[[-1.9575155777980215,52.4948767205613],[-1.964404554854083,52.4936070095883],[-1.9655212276465197,52.48912642118089],[-1.959749786079066,52.48591579095656],[-1.9528618993075884,52.487185511332704],[-1.9517443639320942,52.49166585251091],[-1.9575155777980215,52.4948767205613]]]}},{"type":"Feature","properties":{"h3_index":"88195c3b4dfffff","resolution":8,"footfall_idx":39,"avg_spend":44,"weekly_revenue":1847548,"store_count":5,"opportunity_score":49},"geometry":{"type":"Polygon","coordinates":[[[-1.9528618993075884,52.487185511332704],[-1.959749786079066,52.48591579095656],[-1.9608666370404477,52.48143495666381],[-1.9550964635592614,52.478224090038445],[-1.9482096668182673,52.47949381992566],[-1.9470919536410705,52.48397440690806],[-1.9528618993075884,52.487185511332704]]]}},{"type":"Feature","properties":{"h3_index":"88195c3b41fffff","resolution":8,"footfall_idx":41,"avg_spend":34,"weekly_revenue":1175764,"store_count":5,"opportunity_score":64},"geometry":{"type":"Polygon","coordinates":[[[-1.9482096668182673,52.47949381992566],[-1.9550964635592614,52.478224090038445],[-1.956213492510253,52.47374301000172],[-1.950444586682085,52.4705319072246],[-1.9435588797175272,52.47180164673075],[-1.9424409889177727,52.476282479376025],[-1.9482096668182673,52.47949381992566]]]}},{"type":"Feature","properties":{"h3_index":"88195c3b43fffff","resolution":8,"footfall_idx":43,"avg_spend":39,"weekly_revenue":1694162,"store_count":5,"opportunity_score":42},"geometry":{"type":"Polygon","coordinates":[[[-1.9435588797175272,52.47180164673075],[-1.950444586682085,52.4705319072246],[-1.9515617934434935,52.466050581585264],[-1.9457941548352606,52.46283924290563],[-1.9389095373931178,52.46410899213855],[-1.937791469149814,52.46859007030533],[-1.9435588797175272,52.47180164673075]]]}},{"type":"Feature","properties":{"h3_index":"88195c3b55fffff","resolution":8,"footfall_idx":45,"avg_spend":43,"weekly_revenue":2277535,"store_count":5,"opportunity_score":57},"geometry":{"type":"Polygon","coordinates":[[[-1.9389095373931178,52.46410899213855],[-1.9457941548352606,52.46283924290563],[-1.9469115392280274,52.45835767180518],[-1.9411451674068338,52.455146097472266],[-1.9342616392331167,52.45641585653972],[-1.9331433937251372,52.46089718008654],[-1.9389095373931178,52.46410899213855]]]}},{"type":"Feature","properties":{"h3_index":"88195c3b57fffff","resolution":8,"footfall_idx":54,"avg_spend":26,"weekly_revenue":1325106,"store_count":6,"opportunity_score":34},"geometry":{"type":"Polygon","coordinates":[[[-1.9342616392331167,52.45641585653972],[-1.9411451674068338,52.455146097472266],[-1.9422627292520207,52.45066428105216],[-1.9364976237851586,52.4474524713152],[-1.929615184625896,52.4487222403249],[-1.9284967620320081,52.45320380911028],[-1.9342616392331167,52.45641585653972]]]}},{"type":"Feature","properties":{"h3_index":"88195c3b53fffff","resolution":8,"footfall_idx":55,"avg_spend":30,"weekly_revenue":1832481,"store_count":6,"opportunity_score":48},"geometry":{"type":"Polygon","coordinates":[[[-1.9216138678239618,52.454472847606574],[-1.9284967620320081,52.45320380911028],[-1.929615184625896,52.4487222403249],[-1.923851573458945,52.44550995776726],[-1.9169697683114213,52.44677900640049],[-1.915850485383328,52.45126032743542],[-1.9216138678239618,52.454472847606574]]]}},{"type":"Feature","properties":{"h3_index":"88195c3a2dfffff","resolution":8,"footfall_idx":53,"avg_spend":34,"weekly_revenue":1581042,"store_count":5,"opportunity_score":64},"geometry":{"type":"Polygon","coordinates":[[[-1.9089682256956513,52.45252864559962],[-1.915850485383328,52.45126032743542],[-1.9169697683114213,52.44677900640049],[-1.9112076515845102,52.44356625137688],[-1.9043264810030542,52.44483457987274],[-1.9032063381553,52.44931565304157],[-1.9089682256956513,52.45252864559962]]]}},{"type":"Feature","properties":{"h3_index":"88195c3a29fffff","resolution":8,"footfall_idx":56,"avg_spend":29,"weekly_revenue":1695730,"store_count":6,"opportunity_score":44},"geometry":{"type":"Polygon","coordinates":[[[-1.8963247135422237,52.450583251112825],[-1.9032063381553,52.44931565304157],[-1.9043264810030542,52.44483457987274],[-1.8985658588557492,52.44162135273788],[-1.891685323394159,52.44288896133552],[-1.890564321041399,52.44736978652267],[-1.8963247135422237,52.450583251112825]]]}},{"type":"Feature","properties":{"h3_index":"88195c3a05fffff","resolution":8,"footfall_idx":57,"avg_spend":33,"weekly_revenue":1525408,"store_count":5,"opportunity_score":57},"geometry":{"type":"Polygon","coordinates":[[[-1.8836833320566035,52.44863666474029],[-1.890564321041399,52.44736978652267],[-1.891685323394159,52.44288896133552],[-1.8859261959654374,52.43967526244421],[-1.8790462961770376,52.440942151382856],[-1.8779244347339812,52.44542272847286],[-1.8836833320566035,52.44863666474029]]]}},{"type":"Feature","properties":{"h3_index":"88195c3a01fffff","resolution":8,"footfall_idx":52,"avg_spend":38,"weekly_revenue":1932020,"store_count":5,"opportunity_score":41},"geometry":{"type":"Polygon","coordinates":[[[-1.8710440819306953,52.44668888707619],[-1.8779244347339812,52.44542272847286],[-1.8790462961770376,52.440942151382856],[-1.8732886636053336,52.437727981089814],[-1.8664094000429263,52.43899415060881],[-1.8652866799244228,52.443474479486284],[-1.8710440819306953,52.44668888707619]]]}},{"type":"Feature","properties":{"h3_index":"88195c3a0bfffff","resolution":8,"footfall_idx":61,"avg_spend":21,"weekly_revenue":1466143,"store_count":5,"opportunity_score":51},"geometry":{"type":"Polygon","coordinates":[[[-1.858406963855363,52.4447399187148],[-1.8652866799244228,52.443474479486284],[-1.8664094000429263,52.43899415060881],[-1.860653262466091,52.435779509268784],[-1.8537746356820435,52.4370449596076],[-1.8526510573029293,52.44152504015723],[-1.858406963855363,52.4447399187148]]]}},{"type":"Feature","properties":{"h3_index":"88195c3a55fffff","resolution":8,"footfall_idx":61,"avg_spend":24,"weekly_revenue":1334168,"store_count":5,"opportunity_score":33},"geometry":{"type":"Polygon","coordinates":[[[-1.8504033919993692,52.450484463407285],[-1.8572835603657845,52.4492197545115],[-1.858406963855363,52.4447399187148],[-1.8526510573029293,52.44152504015723],[-1.8457719785203202,52.442789760250484],[-1.84464771681949,52.44726934768496],[-1.8504033919993692,52.450484463407285]]]}},{"type":"Feature","properties":{"h3_index":"88195c3a5dfffff","resolution":8,"footfall_idx":60,"avg_spend":27,"weekly_revenue":1746528,"store_count":5,"opportunity_score":48},"geometry":{"type":"Polygon","coordinates":[[[-1.84239868454561,52.45622778454914],[-1.849279304999916,52.45496380602825],[-1.8504033919993692,52.450484463407285],[-1.84464771681949,52.44726934768496],[-1.8377681862477615,52.448533337490495],[-1.836643241086524,52.453012431714875],[-1.84239868454561,52.45622778454914]]]}},{"type":"Feature","properties":{"h3_index":"88195c04b7fffff","resolution":8,"footfall_idx":57,"avg_spend":20,"weekly_revenue":963176,"store_count":5,"opportunity_score":63},"geometry":{"type":"Polygon","coordinates":[[[-1.8343928415649067,52.46196988200348],[-1.841273913897502,52.4607066338995],[-1.84239868454561,52.45622778454914],[-1.836643241086524,52.453012431714875],[-1.8297632589352528,52.454275691190695],[-1.8286376301750122,52.45875429211009],[-1.8343928415649067,52.46196988200348]]]}},{"type":"Feature","properties":{"h3_index":"88195c04b1fffff","resolution":8,"footfall_idx":53,"avg_spend":24,"weekly_revenue":1286854,"store_count":4,"opportunity_score":46},"geometry":{"type":"Polygon","coordinates":[[[-1.826385863128329,52.467710755633476],[-1.8332673871294178,52.46644823798836],[-1.8343928415649067,52.46196988200348],[-1.8286376301750122,52.45875429211009],[-1.8217571966539272,52.46001682121422],[-1.8206308841560779,52.46449492873386],[-1.826385863128329,52.467710755633476]]]}},{"type":"Feature","properties":{"h3_index":"88195c04b9fffff","resolution":8,"footfall_idx":49,"avg_spend":27,"weekly_revenue":1559109,"store_count":4,"opportunity_score":63},"geometry":{"type":"Polygon","coordinates":[[[-1.8183777493070896,52.473450405302565],[-1.8252597247667648,52.472188618158135],[-1.826385863128329,52.467710755633476],[-1.8206308841560779,52.46449492873386],[-1.8137499994750894,52.46575672742448],[-1.8126230031010708,52.47023434144965],[-1.8183777493070896,52.473450405302565]]]}},{"type":"Feature","properties":{"h3_index":"88195c0483fffff","resolution":8,"footfall_idx":44,"avg_spend":30,"weekly_revenue":1247733,"store_count":4,"opportunity_score":45},"geometry":{"type":"Polygon","coordinates":[[[-1.8103685001726333,52.479188830874286],[-1.8172509268807904,52.47792777427234],[-1.8183777493070896,52.473450405302565],[-1.8126230031010708,52.47023434144965],[-1.8057416674702318,52.47149540968497],[-1.8046139870815436,52.47597253012101],[-1.8103685001726333,52.479188830874286]]]}},{"type":"Feature","properties":{"h3_index":"88195c0481fffff","resolution":8,"footfall_idx":46,"avg_spend":23,"weekly_revenue":1176537,"store_count":4,"opportunity_score":60},"geometry":{"type":"Polygon","coordinates":[[[-1.8149967718364557,52.486881773384766],[-1.8218802898780202,52.48562072830864],[-1.8230069381792045,52.48114360453535],[-1.8172509268807904,52.47792777427234],[-1.8103685001726333,52.479188830874286],[-1.8092409935429619,52.48366570619458],[-1.8149967718364557,52.486881773384766]]]}},{"type":"Feature","properties":{"h3_index":"88195c048dfffff","resolution":8,"footfall_idx":41,"avg_spend":34,"weekly_revenue":1225084,"store_count":3,"opportunity_score":41},"geometry":{"type":"Polygon","coordinates":[[[-1.8196264830726685,52.494574236826814],[-1.826511092703741,52.49331320316891],[-1.8276375667022848,52.48883632473312],[-1.8218802898780202,52.48562072830864],[-1.8149967718364557,52.486881773384766],[-1.8138694391431651,52.49135840344827],[-1.8196264830726685,52.494574236826814]]]}},{"type":"Feature","properties":{"h3_index":"88195c04ebfffff","resolution":8,"footfall_idx":45,"avg_spend":38,"weekly_revenue":1787998,"store_count":3,"opportunity_score":56},"geometry":{"type":"Polygon","coordinates":[[[-1.8242576344925225,52.50226622081082],[-1.8311433359692657,52.501005198463496],[-1.832269635487506,52.49652856550619],[-1.826511092703741,52.49331320316891],[-1.8196264830726685,52.494574236826814],[-1.8184993244932366,52.499050621492536],[-1.8242576344925225,52.50226622081082]]]}},{"type":"Feature","properties":{"h3_index":"88195c04e9fffff","resolution":8,"footfall_idx":49,"avg_spend":29,"weekly_revenue":1154421,"store_count":3,"opportunity_score":69},"geometry":{"type":"Polygon","coordinates":[[[-1.8288902267076073,52.50995772494726],[-1.8357770202862174,52.50869671380279],[-1.8369031451463522,52.50422032646493],[-1.8311433359692657,52.501005198463496],[-1.8242576344925225,52.50226622081082],[-1.8231306502045737,52.506742359937846],[-1.8288902267076073,52.50995772494726]]]}},{"type":"Feature","properties":{"h3_index":"88195c0417fffff","resolution":8,"footfall_idx":54,"avg_spend":33,"weekly_revenue":1744912,"store_count":9,"opportunity_score":47},"geometry":{"type":"Polygon","coordinates":[[[-1.8335242603297814,52.517648748846646],[-1.8404121462664746,52.51638774879722],[-1.8415380962905776,52.511911607219716],[-1.8357770202862174,52.50869671380279],[-1.8288902267076073,52.50995772494726],[-1.8277634168888772,52.514433618394726],[-1.8335242603297814,52.517648748846646]]]}},{"type":"Feature","properties":{"h3_index":"88195c0415fffff","resolution":8,"footfall_idx":58,"avg_spend":37,"weekly_revenue":2459261,"store_count":9,"opportunity_score":60},"geometry":{"type":"Polygon","coordinates":[[[-1.8381597359712232,52.525339292119526],[-1.845048714522285,52.5240783030573],[-1.8461744895322731,52.519602407380994],[-1.8404121462664746,52.51638774879722],[-1.8335242603297814,52.517648748846646],[-1.832397625158159,52.52212439647371],[-1.8381597359712232,52.525339292119526]]]}},{"type":"Feature","properties":{"h3_index":"88195c0403fffff","resolution":8,"footfall_idx":62,"avg_spend":28,"weekly_revenue":1584554,"store_count":9,"opportunity_score":40},"geometry":{"type":"Polygon","coordinates":[[[-1.842796654244436,52.53302935437641],[-1.8496867256661595,52.531768376193526],[-1.8508123254838327,52.52729272655922],[-1.845048714522285,52.5240783030573],[-1.8381597359712232,52.525339292119526],[-1.8370332756247267,52.52981469378536],[-1.842796654244436,52.53302935437641]]]}},{"type":"Feature","properties":{"h3_index":"88195c0407fffff","resolution":8,"footfall_idx":60,"avg_spend":32,"weekly_revenue":2072733,"store_count":9,"opportunity_score":54},"geometry":{"type":"Polygon","coordinates":[[[-1.8554516047579521,52.53498256436487],[-1.8623423156620822,52.53372086571399],[-1.8634670545339487,52.529244968226436],[-1.8577019435611581,52.52603101722403],[-1.8508123254838327,52.52729272655922],[-1.8496867256661595,52.531768376193526],[-1.8554516047579521,52.53498256436487]]]}},{"type":"Feature","properties":{"h3_index":"88195c042bfffff","resolution":8,"footfall_idx":55,"avg_spend":36,"weekly_revenue":1675744,"store_count":8,"opportunity_score":38},"geometry":{"type":"Polygon","coordinates":[[[-1.8681086950884813,52.53693458110997],[-1.8750000449202089,52.53567216175079],[-1.8761239224293618,52.531196016525314],[-1.870357311583126,52.527982538377984],[-1.8634670545339487,52.529244968226436],[-1.8623423156620822,52.53372086571399],[-1.8681086950884813,52.53693458110997]]]}},{"type":"Feature","properties":{"h3_index":"88195c0421fffff","resolution":8,"footfall_idx":57,"avg_spend":23,"weekly_revenue":1328203,"store_count":8,"opportunity_score":52},"geometry":{"type":"Polygon","coordinates":[[[-1.8807679245431277,52.53888540401579],[-1.8876599127471596,52.53762226370804],[-1.8887829284767423,52.533145870860075],[-1.8830148178954667,52.52993286592336],[-1.8761239224293618,52.531196016525314],[-1.8750000449202089,52.53567216175079],[-1.8807679245431277,52.53888540401579]]]}},{"type":"Feature","properties":{"h3_index":"88195c0425fffff","resolution":8,"footfall_idx":54,"avg_spend":26,"weekly_revenue":1656593,"store_count":8,"opportunity_score":34},"geometry":{"type":"Polygon","coordinates":[[[-1.8934292924279543,52.54083503248641],[-1.9003219184484792,52.53957117098994],[-1.901444071981757,52.53509453063499],[-1.895674461804383,52.53188199926449],[-1.8887829284767423,52.533145870860075],[-1.8876599127471596,52.53762226370804],[-1.8934292924279543,52.54083503248641]]]}},{"type":"Feature","properties":{"h3_index":"88195c0519fffff","resolution":8,"footfall_idx":57,"avg_spend":31,"weekly_revenue":1672813,"store_count":8,"opportunity_score":47},"geometry":{"type":"Polygon","coordinates":[[[-1.906092798047947,52.54278346592605],[-1.9129860613286918,52.54151888300081],[-1.914107352248967,52.53704199525447],[-1.9083362426150394,52.53382993780571],[-1.901444071981757,52.53509453063499],[-1.9003219184484792,52.53957117098994],[-1.906092798047947,52.54278346592605]]]}},{"type":"Feature","properties":{"h3_index":"88195c051dfffff","resolution":8,"footfall_idx":59,"avg_spend":24,"weekly_revenue":1576693,"store_count":8,"opportunity_score":61},"geometry":{"type":"Polygon","coordinates":[[[-1.9187584407070122,52.54473070373906],[-1.9256523406911799,52.54346539914507],[-1.9267727685818443,52.53898826412303],[-1.9210001596314625,52.5357766809516],[-1.914107352248967,52.53704199525447],[-1.9129860613286918,52.54151888300081],[-1.9187584407070122,52.54473070373906]]]}},{"type":"Feature","properties":{"h3_index":"88195c0515fffff","resolution":8,"footfall_idx":63,"avg_spend":27,"weekly_revenue":1497340,"store_count":8,"opportunity_score":41},"geometry":{"type":"Polygon","coordinates":[[[-1.9267727685818443,52.53898826412303],[-1.9336662121567014,52.537722228106674],[-1.9347859543673993,52.53324459931609],[-1.9290131161947754,52.53003325376373],[-1.9221207649202108,52.531299299401994],[-1.9210001596314625,52.5357766809516],[-1.9267727685818443,52.53898826412303]]]}},{"type":"Feature","properties":{"h3_index":"88195c053bfffff","resolution":8,"footfall_idx":65,"avg_spend":31,"weekly_revenue":2109821,"store_count":8,"opportunity_score":53},"geometry":{"type":"Polygon","coordinates":[[[-1.9347859543673993,52.53324459931609],[-1.9416789413233346,52.53197783191977],[-1.9427979979943595,52.527499709455235],[-1.9370249309492278,52.52428860157417],[-1.930133035992154,52.525555378505445],[-1.9290131161947754,52.53003325376373],[-1.9347859543673993,52.53324459931609]]]}},{"type":"Feature","properties":{"h3_index":"88195c0533fffff","resolution":8,"footfall_idx":65,"avg_spend":23,"weekly_revenue":1216698,"store_count":8,"opportunity_score":36},"geometry":{"type":"Polygon","coordinates":[[[-1.9427979979943595,52.527499709455235],[-1.9496905281219845,52.52623221072138],[-1.9508088993936568,52.52175359467758],[-1.945035603825598,52.51854272451998],[-1.93814416539542,52.51981023270183],[-1.9370249309492278,52.52428860157417],[-1.9427979979943595,52.527499709455235]]]}},{"type":"Feature","properties":{"h3_index":"88195c0ed9fffff","resolution":8,"footfall_idx":64,"avg_spend":27,"weekly_revenue":1694531,"store_count":8,"opportunity_score":50},"geometry":{"type":"Polygon","coordinates":[[[-1.9508088993936568,52.52175359467758],[-1.9577009724836716,52.52048536464875],[-1.9588186584963776,52.516006255120416],[-1.9530451347548867,52.51279562273842],[-1.9461541530608149,52.5140638621283],[-1.945035603825598,52.51854272451998],[-1.9508088993936568,52.52175359467758]]]}},{"type":"Feature","properties":{"h3_index":"88195c0ed1fffff","resolution":8,"footfall_idx":61,"avg_spend":30,"weekly_revenue":2099776,"store_count":7,"opportunity_score":33},"geometry":{"type":"Polygon","coordinates":[[[-1.9588186584963776,52.516006255120416],[-1.965710274339699,52.51473729383925],[-1.966827275233841,52.51025769092118],[-1.9610535236682738,52.50704729636696],[-1.9541629989193883,52.508316266922165],[-1.9530451347548867,52.51279562273842],[-1.9588186584963776,52.516006255120416]]]}},{"type":"Feature","properties":{"h3_index":"88195c0ed7fffff","resolution":8,"footfall_idx":57,"avg_spend":23,"weekly_revenue":1198524,"store_count":7,"opportunity_score":49},"geometry":{"type":"Polygon","coordinates":[[[-1.966827275233841,52.51025769092118],[-1.9737184336215066,52.508987998430456],[-1.9748347495375347,52.504507902217526],[-1.9690607704971603,52.501297745543134],[-1.9621707029023725,52.50256744722096],[-1.9610535236682738,52.50704729636696],[-1.966827275233841,52.51025769092118]]]}},{"type":"Feature","properties":{"h3_index":"88195c0e9dfffff","resolution":8,"footfall_idx":53,"avg_spend":26,"weekly_revenue":1489608,"store_count":7,"opportunity_score":65},"geometry":{"type":"Polygon","coordinates":[[[-1.9748347495375347,52.504507902217526],[-1.9817254502607633,52.503237478560095],[-1.9828410813391595,52.49875688914725],[-1.9770668751731046,52.49554697040477],[-1.9701772649411926,52.49681740316234],[-1.9690607704971603,52.501297745543134],[-1.9748347495375347,52.504507902217526]]]}},{"type":"Feature","properties":{"h3_index":"88195c0e91fffff","resolution":8,"footfall_idx":55,"avg_spend":30,"weekly_revenue":1398837,"store_count":7,"opportunity_score":45},"geometry":{"type":"Polygon","coordinates":[[[-1.9701772649411926,52.49681740316234],[-1.9770668751731046,52.49554697040477],[-1.978182684967469,52.49106613488412],[-1.9724097476410916,52.487855979215155],[-1.9655212276465197,52.48912642118089],[-1.964404554854083,52.4936070095883],[-1.9701772649411926,52.49681740316234]]]}},{"type":"Feature","properties":{"h3_index":"88195c0e93fffff","resolution":8,"footfall_idx":56,"avg_spend":33,"weekly_revenue":1874919,"store_count":7,"opportunity_score":59},"geometry":{"type":"Polygon","coordinates":[[[-1.9655212276465197,52.48912642118089],[-1.9724097476410916,52.487855979215155],[-1.9735257359717424,52.483374897728034],[-1.9677540670516278,52.48016450538191],[-1.9608666370404477,52.48143495666381],[-1.959749786079066,52.48591579095656],[-1.9655212276465197,52.48912642118089]]]}},{"type":"Feature","properties":{"h3_index":"88195c3b45fffff","resolution":8,"footfall_idx":48,"avg_spend":35,"weekly_revenue":1984674,"store_count":6,"opportunity_score":44},"geometry":{"type":"Polygon","coordinates":[[[-1.9608666370404477,52.48143495666381],[-1.9677540670516278,52.48016450538191],[-1.9688702337390833,52.475683178069666],[-1.9630998327919287,52.47247254929573],[-1.956213492510253,52.47374301000172],[-1.9550964635592614,52.478224090038445],[-1.9608666370404477,52.48143495666381]]]}},{"type":"Feature","properties":{"h3_index":"88195c3b47fffff","resolution":8,"footfall_idx":51,"avg_spend":40,"weekly_revenue":1934207,"store_count":6,"opportunity_score":58},"geometry":{"type":"Polygon","coordinates":[[[-1.956213492510253,52.47374301000172],[-1.9630998327919287,52.47247254929573],[-1.9642161776567895,52.46799097629978],[-1.9584470442495305,52.46478011134738],[-1.9515617934434935,52.466050581585264],[-1.950444586682085,52.4705319072246],[-1.956213492510253,52.47374301000172]]]}},{"type":"Feature","properties":{"h3_index":"88195c3b09fffff","resolution":8,"footfall_idx":53,"avg_spend":45,"weekly_revenue":2659103,"store_count":6,"opportunity_score":37},"geometry":{"type":"Polygon","coordinates":[[[-1.9515617934434935,52.466050581585264],[-1.9584470442495305,52.46478011134738],[-1.9595635671125535,52.460298292809156],[-1.9537957008122564,52.45708719192755],[-1.9469115392280274,52.45835767180518],[-1.9457941548352606,52.46283924290563],[-1.9515617934434935,52.466050581585264]]]}},{"type":"Feature","properties":{"h3_index":"88195c3b0bfffff","resolution":8,"footfall_idx":64,"avg_spend":27,"weekly_revenue":1523603,"store_count":7,"opportunity_score":47},"geometry":{"type":"Polygon","coordinates":[[[-1.9469115392280274,52.45835767180518],[-1.9537957008122564,52.45708719192755],[-1.954912401494338,52.452605127988576],[-1.9491458018682404,52.44939379142706],[-1.9422627292520207,52.45066428105216],[-1.9411451674068338,52.455146097472266],[-1.9469115392280274,52.45835767180518]]]}},{"type":"Feature","properties":{"h3_index":"88195c3b1dfffff","resolution":8,"footfall_idx":69,"avg_spend":31,"weekly_revenue":2242746,"store_count":7,"opportunity_score":58},"geometry":{"type":"Polygon","coordinates":[[[-1.9422627292520207,52.45066428105216],[-1.9491458018682404,52.44939379142706],[-1.9502626801903853,52.44491148222889],[-1.9444973468059066,52.44169991023676],[-1.9376153629039612,52.44297040971701],[-1.9364976237851586,52.4474524713152],[-1.9422627292520207,52.45066428105216]]]}},{"type":"Feature","properties":{"h3_index":"88195c3b19fffff","resolution":8,"footfall_idx":75,"avg_spend":35,"weekly_revenue":2140134,"store_count":7,"opportunity_score":38},"geometry":{"type":"Polygon","coordinates":[[[-1.929615184625896,52.4487222403249],[-1.9364976237851586,52.4474524713152],[-1.9376153629039612,52.44297040971701],[-1.9318515233588398,52.43975836482523],[-1.9249701729601414,52.441028143884786],[-1.923851573458945,52.44550995776726],[-1.929615184625896,52.4487222403249]]]}},{"type":"Feature","properties":{"h3_index":"88195c3a25fffff","resolution":8,"footfall_idx":74,"avg_spend":26,"weekly_revenue":1889514,"store_count":7,"opportunity_score":51},"geometry":{"type":"Polygon","coordinates":[[[-1.9169697683114213,52.44677900640049],[-1.923851573458945,52.44550995776726],[-1.9249701729601414,52.441028143884786],[-1.9192078273947861,52.43781562644807],[-1.9123271110537439,52.43908468532589],[-1.9112076515845102,52.44356625137688],[-1.9169697683114213,52.44677900640049]]]}},{"type":"Feature","properties":{"h3_index":"88195c3a21fffff","resolution":8,"footfall_idx":67,"avg_spend":34,"weekly_revenue":2617110,"store_count":6,"opportunity_score":38},"geometry":{"type":"Polygon","coordinates":[[[-1.9043264810030542,52.44483457987274],[-1.9112076515845102,52.44356625137688],[-1.9123271110537439,52.43908468532589],[-1.906566259608045,52.43587169569889],[-1.8996861778785525,52.43714003463399],[-1.8985658588557492,52.44162135273788],[-1.9043264810030542,52.44483457987274]]]}},{"type":"Feature","properties":{"h3_index":"88195c3a2bfffff","resolution":8,"footfall_idx":71,"avg_spend":39,"weekly_revenue":2535435,"store_count":6,"opportunity_score":49},"geometry":{"type":"Polygon","coordinates":[[[-1.891685323394159,52.44288896133552],[-1.8985658588557492,52.44162135273788],[-1.8996861778785525,52.43714003463399],[-1.8939268206918087,52.433926573171405],[-1.8870473741272984,52.435194192402925],[-1.8859261959654374,52.43967526244421],[-1.891685323394159,52.44288896133552]]]}},{"type":"Feature","properties":{"h3_index":"88195c3a07fffff","resolution":8,"footfall_idx":69,"avg_spend":29,"weekly_revenue":2165957,"store_count":6,"opportunity_score":33},"geometry":{"type":"Polygon","coordinates":[[[-1.8790462961770376,52.440942151382856],[-1.8859261959654374,52.43967526244421],[-1.8870473741272984,52.435194192402925],[-1.8812895113382269,52.431980259459436],[-1.8744107004916601,52.43324715922657],[-1.8732886636053336,52.437727981089814],[-1.8790462961770376,52.440942151382856]]]}},{"type":"Feature","properties":{"h3_index":"88195c3a03fffff","resolution":8,"footfall_idx":64,"avg_spend":34,"weekly_revenue":1847912,"store_count":6,"opportunity_score":48},"geometry":{"type":"Polygon","coordinates":[[[-1.8664094000429263,52.43899415060881],[-1.8732886636053336,52.437727981089814],[-1.8744107004916601,52.43324715922657],[-1.8686543322384048,52.43003275515688],[-1.8617761576621994,52.43129893569898],[-1.860653262466091,52.435779509268784],[-1.8664094000429263,52.43899415060881]]]}},{"type":"Feature","properties":{"h3_index":"88195c3a1dfffff","resolution":8,"footfall_idx":73,"avg_spend":28,"weekly_revenue":2076727,"store_count":6,"opportunity_score":28},"geometry":{"type":"Polygon","coordinates":[[[-1.8537746356820435,52.4370449596076],[-1.860653262466091,52.435779509268784],[-1.8617761576621994,52.43129893569898],[-1.8560212840823733,52.42808406085776],[-1.8491437463284706,52.42934952241422],[-1.8480199932373405,52.43382984757536],[-1.8537746356820435,52.4370449596076]]]}},{"type":"Feature","properties":{"h3_index":"88195c3a57fffff","resolution":8,"footfall_idx":73,"avg_spend":21,"weekly_revenue":1813230,"store_count":6,"opportunity_score":41},"geometry":{"type":"Polygon","coordinates":[[[-1.8457719785203202,52.442789760250484],[-1.8526510573029293,52.44152504015723],[-1.8537746356820435,52.4370449596076],[-1.8480199932373405,52.43382984757536],[-1.8411420037834756,52.43509457897348],[-1.8400175675587305,52.43957441108008],[-1.8457719785203202,52.442789760250484]]]}},{"type":"Feature","properties":{"h3_index":"88195c3a51fffff","resolution":8,"footfall_idx":72,"avg_spend":24,"weekly_revenue":1640883,"store_count":6,"opportunity_score":53},"geometry":{"type":"Polygon","coordinates":[[[-1.8377681862477615,52.448533337490495],[-1.84464771681949,52.44726934768496],[-1.8457719785203202,52.442789760250484],[-1.8400175675587305,52.43957441108008],[-1.833139126614312,52.44083841227769],[-1.832014007117372,52.44531775123479],[-1.8377681862477615,52.448533337490495]]]}},{"type":"Feature","properties":{"h3_index":"88195c3a59fffff","resolution":8,"footfall_idx":69,"avg_spend":27,"weekly_revenue":2079802,"store_count":5,"opportunity_score":38},"geometry":{"type":"Polygon","coordinates":[[[-1.8297632589352528,52.454275691190695],[-1.836643241086524,52.453012431714875],[-1.8377681862477615,52.448533337490495],[-1.832014007117372,52.44531775123479],[-1.8251351148919628,52.44658102218986],[-1.8240093119843181,52.45105986790254],[-1.8297632589352528,52.454275691190695]]]}},{"type":"Feature","properties":{"h3_index":"88195c04b3fffff","resolution":8,"footfall_idx":65,"avg_spend":21,"weekly_revenue":1205513,"store_count":5,"opportunity_score":53},"geometry":{"type":"Polygon","coordinates":[[[-1.8217571966539272,52.46001682121422],[-1.8286376301750122,52.45875429211009],[-1.8297632589352528,52.454275691190695],[-1.8240093119843181,52.45105986790254],[-1.8171299686876092,52.45232240857316],[-1.8160034822307562,52.45680076094659],[-1.8217571966539272,52.46001682121422]]]}},{"type":"Feature","properties":{"h3_index":"88195c04bbfffff","resolution":8,"footfall_idx":60,"avg_spend":24,"weekly_revenue":1511923,"store_count":5,"opportunity_score":38},"geometry":{"type":"Polygon","coordinates":[[[-1.8137499994750894,52.46575672742448],[-1.8206308841560779,52.46449492873386],[-1.8217571966539272,52.46001682121422],[-1.8160034822307562,52.45680076094659],[-1.8091236880726294,52.45806257129085],[-1.8079965179281567,52.46254043023028],[-1.8137499994750894,52.46575672742448]]]}},{"type":"Feature","properties":{"h3_index":"88195c0495fffff","resolution":8,"footfall_idx":55,"avg_spend":27,"weekly_revenue":1212849,"store_count":4,"opportunity_score":54},"geometry":{"type":"Polygon","coordinates":[[[-1.8057416674702318,52.47149540968497],[-1.8126230031010708,52.47023434144965],[-1.8137499994750894,52.46575672742448],[-1.8079965179281567,52.46254043023028],[-1.8011162731186043,52.463801510206494],[-1.7999884191481135,52.468278875617195],[-1.8057416674702318,52.47149540968497]]]}},{"type":"Feature","properties":{"h3_index":"88195c049dfffff","resolution":8,"footfall_idx":49,"avg_spend":20,"weekly_revenue":963850,"store_count":4,"opportunity_score":37},"geometry":{"type":"Polygon","coordinates":[[[-1.7977322007110699,52.47723286785945],[-1.8046139870815436,52.47597253012101],[-1.8057416674702318,52.47149540968497],[-1.7999884191481135,52.468278875617195],[-1.7931077238973132,52.46953922518371],[-1.7919791859624246,52.474016096971106],[-1.7977322007110699,52.47723286785945]]]}},{"type":"Feature","properties":{"h3_index":"88195c048bfffff","resolution":8,"footfall_idx":43,"avg_spend":30,"weekly_revenue":1483897,"store_count":3,"opportunity_score":55},"geometry":{"type":"Polygon","coordinates":[[[-1.802358115796567,52.484926032212435],[-1.8092409935429619,52.48366570619458],[-1.8103685001726333,52.479188830874286],[-1.8046139870815436,52.47597253012101],[-1.7977322007110699,52.47723286785945],[-1.7966038361692434,52.481709494611756],[-1.802358115796567,52.484926032212435]]]}},{"type":"Feature","properties":{"h3_index":"88195c0489fffff","resolution":8,"footfall_idx":48,"avg_spend":34,"weekly_revenue":1496698,"store_count":3,"opportunity_score":68},"geometry":{"type":"Polygon","coordinates":[[[-1.8069854697645817,52.49261871785313],[-1.8138694391431651,52.49135840344827],[-1.8149967718364557,52.486881773384766],[-1.8092409935429619,52.48366570619458],[-1.802358115796567,52.484926032212435],[-1.801229924824985,52.489402413788646],[-1.8069854697645817,52.49261871785313]]]}},{"type":"Feature","properties":{"h3_index":"88195c04c7fffff","resolution":8,"footfall_idx":53,"avg_spend":38,"weekly_revenue":2182938,"store_count":9,"opportunity_score":46},"geometry":{"type":"Polygon","coordinates":[[[-1.811614263226125,52.50031092439202],[-1.8184993244932366,52.499050621492536],[-1.8196264830726685,52.494574236826814],[-1.8138694391431651,52.49135840344827],[-1.8069854697645817,52.49261871785313],[-1.805857452540532,52.497094854112284],[-1.811614263226125,52.50031092439202]]]}},{"type":"Feature","properties":{"h3_index":"88195c04c5fffff","resolution":8,"footfall_idx":59,"avg_spend":29,"weekly_revenue":1455494,"store_count":9,"opportunity_score":58},"geometry":{"type":"Polygon","coordinates":[[[-1.81624449679261,52.50800265143963],[-1.8231306502045737,52.506742359937846],[-1.8242576344925225,52.50226622081082],[-1.8184993244932366,52.499050621492536],[-1.811614263226125,52.50031092439202],[-1.8104864199270534,52.5047868151932],[-1.81624449679261,52.50800265143963]]]}},{"type":"Feature","properties":{"h3_index":"88195c0413fffff","resolution":8,"footfall_idx":64,"avg_spend":33,"weekly_revenue":2148866,"store_count":9,"opportunity_score":38},"geometry":{"type":"Polygon","coordinates":[[[-1.8208761710756574,52.515693898606564],[-1.8277634168888772,52.514433618394726],[-1.8288902267076073,52.50995772494726],[-1.8231306502045737,52.506742359937846],[-1.81624449679261,52.50800265143963],[-1.815116827596071,52.51247829664198],[-1.8208761710756574,52.515693898606564]]]}},{"type":"Feature","properties":{"h3_index":"88195c0411fffff","resolution":8,"footfall_idx":69,"avg_spend":37,"weekly_revenue":3023372,"store_count":9,"opportunity_score":49},"geometry":{"type":"Polygon","coordinates":[[[-1.8255092866872893,52.52338466550334],[-1.832397625158159,52.52212439647371],[-1.8335242603297814,52.517648748846646],[-1.8277634168888772,52.514433618394726],[-1.8208761710756574,52.515693898606564],[-1.8197486761593584,52.52016929806923],[-1.8255092866872893,52.52338466550334]]]}},{"type":"Feature","properties":{"h3_index":"88195c041dfffff","resolution":8,"footfall_idx":74,"avg_spend":29,"weekly_revenue":2040910,"store_count":9,"opportunity_score":30},"geometry":{"type":"Polygon","coordinates":[[[-1.830143844239714,52.531074951740706],[-1.8370332756247267,52.52981469378536],[-1.8381597359712232,52.525339292119526],[-1.832397625158159,52.52212439647371],[-1.8255092866872893,52.52338466550334],[-1.824381966229036,52.52785981908559],[-1.830143844239714,52.531074951740706]]]}},{"type":"Feature","properties":{"h3_index":"88195c040bfffff","resolution":8,"footfall_idx":78,"avg_spend":33,"weekly_revenue":2877260,"store_count":10,"opportunity_score":41},"geometry":{"type":"Polygon","coordinates":[[[-1.8347798443455547,52.53876475692926],[-1.8416703689012088,52.537504509940334],[-1.842796654244436,52.53302935437641],[-1.8370332756247267,52.52981469378536],[-1.830143844239714,52.531074951740706],[-1.8290166984175031,52.53554985930178],[-1.8347798443455547,52.53876475692926]]]}},{"type":"Feature","properties":{"h3_index":"88195c0401fffff","resolution":8,"footfall_idx":81,"avg_spend":37,"weekly_revenue":2651158,"store_count":10,"opportunity_score":50},"geometry":{"type":"Polygon","coordinates":[[[-1.8474350157621962,52.54071893522794],[-1.8543261803109146,52.53945796781642],[-1.8554516047579521,52.53498256436487],[-1.8496867256661595,52.531768376193526],[-1.842796654244436,52.53302935437641],[-1.8416703689012088,52.537504509940334],[-1.8474350157621962,52.54071893522794]]]}},{"type":"Feature","properties":{"h3_index":"88195c0405fffff","resolution":8,"footfall_idx":75,"avg_spend":28,"weekly_revenue":2207921,"store_count":9,"opportunity_score":38},"geometry":{"type":"Polygon","coordinates":[[[-1.860092327967638,52.54267192040848],[-1.8669841319547444,52.54141023233393],[-1.8681086950884813,52.53693458110997],[-1.8623423156620822,52.53372086571399],[-1.8554516047579521,52.53498256436487],[-1.8543261803109146,52.53945796781642],[-1.860092327967638,52.54267192040848]]]}},{"type":"Feature","properties":{"h3_index":"88195c0429fffff","resolution":8,"footfall_idx":68,"avg_spend":32,"weekly_revenue":1780355,"store_count":8,"opportunity_score":54},"geometry":{"type":"Polygon","coordinates":[[[-1.8727517802694322,52.54462371187471],[-1.8796442231397514,52.543361302896756],[-1.8807679245431277,52.53888540401579],[-1.8750000449202089,52.53567216175079],[-1.8681086950884813,52.53693458110997],[-1.8669841319547444,52.54141023233393],[-1.8727517802694322,52.54462371187471]]]}},{"type":"Feature","properties":{"h3_index":"88195c042dfffff","resolution":8,"footfall_idx":61,"avg_spend":36,"weekly_revenue":2162983,"store_count":8,"opportunity_score":40},"geometry":{"type":"Polygon","coordinates":[[[-1.8854133719740713,52.54657430903058],[-1.892306453171887,52.54531117890897],[-1.8934292924279543,52.54083503248641],[-1.8876599127471596,52.53762226370804],[-1.8807679245431277,52.53888540401579],[-1.8796442231397514,52.543361302896756],[-1.8854133719740713,52.54657430903058]]]}},{"type":"Feature","properties":{"h3_index":"88195c0553fffff","resolution":8,"footfall_idx":67,"avg_spend":24,"weekly_revenue":1852017,"store_count":8,"opportunity_score":51},"geometry":{"type":"Polygon","coordinates":[[[-1.8980771023869412,52.54852371128011],[-1.9049708213560732,52.547259859774655],[-1.906092798047947,52.54278346592605],[-1.9003219184484792,52.53957117098994],[-1.8934292924279543,52.54083503248641],[-1.892306453171887,52.54531117890897],[-1.8980771023869412,52.54852371128011]]]}},{"type":"Feature","properties":{"h3_index":"88195c0557fffff","resolution":8,"footfall_idx":70,"avg_spend":28,"weekly_revenue":1800336,"store_count":8,"opportunity_score":33},"geometry":{"type":"Polygon","coordinates":[[[-1.9107429708123655,52.550471918027455],[-1.917637326996153,52.54920734489806],[-1.9187584407070122,52.54473070373906],[-1.9129860613286918,52.54151888300081],[-1.906092798047947,52.54278346592605],[-1.9049708213560732,52.547259859774655],[-1.9107429708123655,52.550471918027455]]]}},{"type":"Feature","properties":{"h3_index":"88195c050bfffff","resolution":8,"footfall_idx":70,"avg_spend":31,"weekly_revenue":2355157,"store_count":8,"opportunity_score":46},"geometry":{"type":"Polygon","coordinates":[[[-1.9234109765536314,52.552418928676836],[-1.9303059693948728,52.551153633683505],[-1.9314262197079974,52.546676745329826],[-1.9256523406911799,52.54346539914507],[-1.9187584407070122,52.54473070373906],[-1.917637326996153,52.54920734489806],[-1.9234109765536314,52.552418928676836]]]}},{"type":"Feature","properties":{"h3_index":"88195c0503fffff","resolution":8,"footfall_idx":74,"avg_spend":23,"weekly_revenue":1450296,"store_count":8,"opportunity_score":28},"geometry":{"type":"Polygon","coordinates":[[[-1.9314262197079974,52.546676745329826],[-1.9383207558383229,52.54541071882722],[-1.9394403202828485,52.540933336645224],[-1.9336662121567014,52.537722228106674],[-1.9267727685818443,52.53898826412303],[-1.9256523406911799,52.54346539914507],[-1.9314262197079974,52.546676745329826]]]}},{"type":"Feature","properties":{"h3_index":"88195c0539fffff","resolution":8,"footfall_idx":76,"avg_spend":27,"weekly_revenue":2090783,"store_count":8,"opportunity_score":39},"geometry":{"type":"Polygon","coordinates":[[[-1.9394403202828485,52.540933336645224],[-1.9463343994926432,52.5396665786757],[-1.947453278208997,52.53518870275991],[-1.9416789413233346,52.53197783191977],[-1.9347859543673993,52.53324459931609],[-1.9336662121567014,52.537722228106674],[-1.9394403202828485,52.540933336645224]]]}},{"type":"Feature","properties":{"h3_index":"88195c0531fffff","resolution":8,"footfall_idx":77,"avg_spend":31,"weekly_revenue":2830235,"store_count":8,"opportunity_score":50},"geometry":{"type":"Polygon","coordinates":[[[-1.947453278208997,52.53518870275991],[-1.9543469002888123,52.5339212133659],[-1.9554650934173783,52.529442843811005],[-1.9496905281219845,52.52623221072138],[-1.9427979979943595,52.527499709455235],[-1.9416789413233346,52.53197783191977],[-1.947453278208997,52.53518870275991]]]}},{"type":"Feature","properties":{"h3_index":"88195c0537fffff","resolution":8,"footfall_idx":76,"avg_spend":23,"weekly_revenue":1664925,"store_count":8,"opportunity_score":36},"geometry":{"type":"Polygon","coordinates":[[[-1.9554650934173783,52.529442843811005],[-1.962358258157933,52.52817462303506],[-1.9634757658392026,52.52369575993573],[-1.9577009724836716,52.52048536464875],[-1.9508088993936568,52.52175359467758],[-1.9496905281219845,52.52623221072138],[-1.9554650934173783,52.529442843811005]]]}},{"type":"Feature","properties":{"h3_index":"88195c0eddfffff","resolution":8,"footfall_idx":73,"avg_spend":26,"weekly_revenue":2124358,"store_count":8,"opportunity_score":49},"geometry":{"type":"Polygon","coordinates":[[[-1.9634757658392026,52.52369575993573],[-1.97036847303136,52.52242680782051],[-1.971485295405859,52.51794745127151],[-1.965710274339699,52.51473729383925],[-1.9588186584963776,52.516006255120416],[-1.9577009724836716,52.52048536464875],[-1.9634757658392026,52.52369575993573]]]}},{"type":"Feature","properties":{"h3_index":"88195c0ed5fffff","resolution":8,"footfall_idx":69,"avg_spend":30,"weekly_revenue":1834120,"store_count":7,"opportunity_score":35},"geometry":{"type":"Polygon","coordinates":[[[-1.971485295405859,52.51794745127151],[-1.9783775448406056,52.51667776785979],[-1.9794936820488929,52.51219791795593],[-1.9737184336215066,52.508987998430456],[-1.966827275233841,52.51025769092118],[-1.965710274339699,52.51473729383925],[-1.971485295405859,52.51794745127151]]]}},{"type":"Feature","properties":{"h3_index":"88195c0e8bfffff","resolution":8,"footfall_idx":64,"avg_spend":34,"weekly_revenue":2290970,"store_count":7,"opportunity_score":50},"geometry":{"type":"Polygon","coordinates":[[[-1.9794936820488929,52.51219791795593],[-1.9863854735174125,52.51092750329059],[-1.9875009257000906,52.50644716012679],[-1.9817254502607633,52.503237478560095],[-1.9748347495375347,52.504507902217526],[-1.9737184336215066,52.508987998430456],[-1.9794936820488929,52.51219791795593]]]}},{"type":"Feature","properties":{"h3_index":"88195c0e83fffff","resolution":8,"footfall_idx":58,"avg_spend":26,"weekly_revenue":1235990,"store_count":6,"opportunity_score":34},"geometry":{"type":"Polygon","coordinates":[[[-1.9875009257000906,52.50644716012679],[-1.9943922589937386,52.50517601425072],[-1.9955070262914518,52.50069517792199],[-1.9897313241893035,52.49748573436608],[-1.9828410813391595,52.49875688914725],[-1.9817254502607633,52.503237478560095],[-1.9875009257000906,52.50644716012679]]]}},{"type":"Feature","properties":{"h3_index":"88195c0e95fffff","resolution":8,"footfall_idx":61,"avg_spend":29,"weekly_revenue":1744958,"store_count":6,"opportunity_score":47},"geometry":{"type":"Polygon","coordinates":[[[-1.9828410813391595,52.49875688914725],[-1.9897313241893035,52.49748573436608],[-1.990846270570632,52.49300465184834],[-1.9850718376279182,52.48979497108975],[-1.978182684967469,52.49106613488412],[-1.9770668751731046,52.49554697040477],[-1.9828410813391595,52.49875688914725]]]}},{"type":"Feature","properties":{"h3_index":"88195c0e97fffff","resolution":8,"footfall_idx":63,"avg_spend":33,"weekly_revenue":2397495,"store_count":6,"opportunity_score":60},"geometry":{"type":"Polygon","coordinates":[[[-1.978182684967469,52.49106613488412],[-1.9850718376279182,52.48979497108975],[-1.9861869629130238,52.48531364252432],[-1.9804137986962693,52.48210372481245],[-1.9735257359717424,52.483374897728034],[-1.9724097476410916,52.487855979215155],[-1.978182684967469,52.49106613488412]]]}},{"type":"Feature","properties":{"h3_index":"88195c3b69fffff","resolution":8,"footfall_idx":54,"avg_spend":34,"weekly_revenue":1689090,"store_count":6,"opportunity_score":46},"geometry":{"type":"Polygon","coordinates":[[[-1.9735257359717424,52.483374897728034],[-1.9804137986962693,52.48210372481245],[-1.9815291027054862,52.47762215034072],[-1.975757206781401,52.47441199592494],[-1.9688702337390833,52.475683178069666],[-1.9677540670516278,52.48016450538191],[-1.9735257359717424,52.483374897728034]]]}},{"type":"Feature","properties":{"h3_index":"88195c3b6bfffff","resolution":8,"footfall_idx":57,"avg_spend":39,"weekly_revenue":2415891,"store_count":6,"opportunity_score":59},"geometry":{"type":"Polygon","coordinates":[[[-1.9688702337390833,52.475683178069666],[-1.975757206781401,52.47441199592494],[-1.976872689335145,52.469930175688326],[-1.971102061270649,52.466719784818],[-1.9642161776567895,52.46799097629978],[-1.9630998327919287,52.47247254929573],[-1.9688702337390833,52.475683178069666]]]}},{"type":"Feature","properties":{"h3_index":"88195c3b0dfffff","resolution":8,"footfall_idx":60,"avg_spend":44,"weekly_revenue":2253392,"store_count":6,"opportunity_score":39},"geometry":{"type":"Polygon","coordinates":[[[-1.9642161776567895,52.46799097629978],[-1.971102061270649,52.466719784818],[-1.9722177221894763,52.462237718957965],[-1.9664483615515913,52.459027091882476],[-1.9595635671125535,52.460298292809156],[-1.9584470442495305,52.46478011134738],[-1.9642161776567895,52.46799097629978]]]}},{"type":"Feature","properties":{"h3_index":"88195c3b01fffff","resolution":8,"footfall_idx":73,"avg_spend":27,"weekly_revenue":2011099,"store_count":6,"opportunity_score":47},"geometry":{"type":"Polygon","coordinates":[[[-1.9595635671125535,52.460298292809156],[-1.9664483615515913,52.459027091882476],[-1.9675642006562302,52.45454478054055],[-1.9617961070121777,52.45133391750921],[-1.954912401494338,52.452605127988576],[-1.9537957008122564,52.45708719192755],[-1.9595635671125535,52.460298292809156]]]}},{"type":"Feature","properties":{"h3_index":"88195c3b03fffff","resolution":8,"footfall_idx":78,"avg_spend":30,"weekly_revenue":2777888,"store_count":7,"opportunity_score":29},"geometry":{"type":"Polygon","coordinates":[[[-1.954912401494338,52.452605127988576],[-1.9617961070121777,52.45133391750921],[-1.9629121241234773,52.44685136082696],[-1.9571452970406475,52.44364026208912],[-1.9502626801903853,52.44491148222889],[-1.9491458018682404,52.44939379142706],[-1.954912401494338,52.452605127988576]]]}},{"type":"Feature","properties":{"h3_index":"88195c3b15fffff","resolution":8,"footfall_idx":83,"avg_spend":34,"weekly_revenue":2691958,"store_count":7,"opportunity_score":38},"geometry":{"type":"Polygon","coordinates":[[[-1.9502626801903853,52.44491148222889],[-1.9571452970406475,52.44364026208912],[-1.9582614919795616,52.43915746020815],[-1.9524959310255239,52.43594612601313],[-1.945614402589301,52.437217355920986],[-1.9444973468059066,52.44169991023676],[-1.9502626801903853,52.44491148222889]]]}},{"type":"Feature","properties":{"h3_index":"88195c3b11fffff","resolution":8,"footfall_idx":92,"avg_spend":26,"weekly_revenue":2680728,"store_count":7,"opportunity_score":44},"geometry":{"type":"Polygon","coordinates":[[[-1.9376153629039612,52.44297040971701],[-1.9444973468059066,52.44169991023676],[-1.945614402589301,52.437217355920986],[-1.9398503350140286,52.43400554874748],[-1.9329694395726285,52.435276058190496],[-1.9318515233588398,52.43975836482523],[-1.9376153629039612,52.44297040971701]]]}},{"type":"Feature","properties":{"h3_index":"88195c3b1bfffff","resolution":8,"footfall_idx":99,"avg_spend":30,"weekly_revenue":2635853,"store_count":8,"opportunity_score":28},"geometry":{"type":"Polygon","coordinates":[[[-1.9249701729601414,52.441028143884786],[-1.9318515233588398,52.43975836482523],[-1.9329694395726285,52.435276058190496],[-1.9272068655168613,52.43206377839312],[-1.920326603624842,52.43333356761012],[-1.9192078273947861,52.43781562644807],[-1.9249701729601414,52.441028143884786]]]}},{"type":"Feature","properties":{"h3_index":"88195c3a27fffff","resolution":8,"footfall_idx":91,"avg_spend":34,"weekly_revenue":3261941,"store_count":7,"opportunity_score":42},"geometry":{"type":"Polygon","coordinates":[[[-1.9123271110537439,52.43908468532589],[-1.9192078273947861,52.43781562644807],[-1.920326603624842,52.43333356761012],[-1.9145655232287337,52.4301208155435],[-1.9076858954400822,52.43138988477343],[-1.906566259608045,52.43587169569889],[-1.9123271110537439,52.43908468532589]]]}},{"type":"Feature","properties":{"h3_index":"88195c3a23fffff","resolution":8,"footfall_idx":84,"avg_spend":29,"weekly_revenue":2000119,"store_count":6,"opportunity_score":31},"geometry":{"type":"Polygon","coordinates":[[[-1.8996861778785525,52.43714003463399],[-1.906566259608045,52.43587169569889],[-1.9076858954400822,52.43138988477343],[-1.9019263088432656,52.42817666079217],[-1.8950473157115437,52.429445010273994],[-1.8939268206918087,52.433926573171405],[-1.8996861778785525,52.43714003463399]]]}},{"type":"Feature","properties":{"h3_index":"88195c3a3dfffff","resolution":8,"footfall_idx":85,"avg_spend":33,"weekly_revenue":2770930,"store_count":6,"opportunity_score":42},"geometry":{"type":"Polygon","coordinates":[[[-1.8870473741272984,52.435194192402925],[-1.8939268206918087,52.433926573171405],[-1.8950473157115437,52.429445010273994],[-1.8892892230530318,52.42623131473272],[-1.8824108651312714,52.42749894470556],[-1.8812895113382269,52.431980259459436],[-1.8870473741272984,52.435194192402925]]]}},{"type":"Feature","properties":{"h3_index":"88195c3a39fffff","resolution":8,"footfall_idx":81,"avg_spend":38,"weekly_revenue":3553984,"store_count":6,"opportunity_score":29},"geometry":{"type":"Polygon","coordinates":[[[-1.8744107004916601,52.43324715922657],[-1.8812895113382269,52.431980259459436],[-1.8824108651312714,52.42749894470556],[-1.8766542665495418,52.42428477795891],[-1.8697765443902912,52.42555168866197],[-1.8686543322384048,52.43003275515688],[-1.8744107004916601,52.43324715922657]]]}},{"type":"Feature","properties":{"h3_index":"88195c3a15fffff","resolution":8,"footfall_idx":75,"avg_spend":28,"weekly_revenue":1934998,"store_count":5,"opportunity_score":43},"geometry":{"type":"Polygon","coordinates":[[[-1.8617761576621994,52.43129893569898],[-1.8686543322384048,52.43003275515688],[-1.8697765443902912,52.42555168866197],[-1.8640214400232087,52.422337051064545],[-1.8571443541785229,52.42360324273709],[-1.8560212840823733,52.42808406085776],[-1.8617761576621994,52.43129893569898]]]}},{"type":"Feature","properties":{"h3_index":"88195c3a11fffff","resolution":8,"footfall_idx":84,"avg_spend":24,"weekly_revenue":2193841,"store_count":6,"opportunity_score":25},"geometry":{"type":"Polygon","coordinates":[[[-1.8491437463284706,52.42934952241422],[-1.8560212840823733,52.42808406085776],[-1.8571443541785229,52.42360324273709],[-1.851390744163462,52.420388134643545],[-1.844514295184897,52.421653607524995],[-1.8433903675590855,52.42613417715618],[-1.8491437463284706,52.42934952241422]]]}},{"type":"Feature","properties":{"h3_index":"88195c3a19fffff","resolution":8,"footfall_idx":85,"avg_spend":27,"weekly_revenue":1962229,"store_count":6,"opportunity_score":35},"geometry":{"type":"Polygon","coordinates":[[[-1.8411420037834756,52.43509457897348],[-1.8480199932373405,52.43382984757536],[-1.8491437463284706,52.42934952241422],[-1.8433903675590855,52.42613417715618],[-1.8365134671789678,52.42739891996651],[-1.8353888566076046,52.431878996603814],[-1.8411420037834756,52.43509457897348]]]}},{"type":"Feature","properties":{"h3_index":"88195c3a53fffff","resolution":8,"footfall_idx":84,"avg_spend":20,"weekly_revenue":1716605,"store_count":6,"opportunity_score":47},"geometry":{"type":"Polygon","coordinates":[[[-1.833139126614312,52.44083841227769],[-1.8400175675587305,52.43957441108008],[-1.8411420037834756,52.43509457897348],[-1.8353888566076046,52.431878996603814],[-1.8285115050353102,52.433143009300856],[-1.8273862113799266,52.4376225928493],[-1.833139126614312,52.44083841227769]]]}},{"type":"Feature","properties":{"h3_index":"88195c3a5bfffff","resolution":8,"footfall_idx":43,"avg_spend":24,"weekly_revenue":1226610,"store_count":8,"opportunity_score":49},"geometry":{"type":"Polygon","coordinates":[[[-1.8251351148919628,52.44658102218986],[-1.832014007117372,52.44531775123479],[-1.833139126614312,52.44083841227769],[-1.8273862113799266,52.4376225928493],[-1.820508408824962,52.43888587539103],[-1.8193824319471528,52.443364965755684],[-1.8251351148919628,52.44658102218986]]]}},{"type":"Feature","properties":{"h3_index":"88195c3165fffff","resolution":8,"footfall_idx":41,"avg_spend":27,"weekly_revenue":1057587,"store_count":8,"opportunity_score":66},"geometry":{"type":"Polygon","coordinates":[[[-1.8171299686876092,52.45232240857316],[-1.8240093119843181,52.45105986790254],[-1.8251351148919628,52.44658102218986],[-1.8193824319471528,52.443364965755684],[-1.8125041786192149,52.444627518100134],[-1.8113775183805816,52.4491061151861],[-1.8171299686876092,52.45232240857316]]]}},{"type":"Feature","properties":{"h3_index":"88195c316dfffff","resolution":8,"footfall_idx":38,"avg_spend":30,"weekly_revenue":1279251,"store_count":7,"opportunity_score":46},"geometry":{"type":"Polygon","coordinates":[[[-1.8091236880726294,52.45806257129085],[-1.8160034822307562,52.45680076094659],[-1.8171299686876092,52.45232240857316],[-1.8113775183805816,52.4491061151861],[-1.804498814489482,52.450367937291446],[-1.8033714707516832,52.45484604100397],[-1.8091236880726294,52.45806257129085]]]}},{"type":"Feature","properties":{"h3_index":"88195c0497fffff","resolution":8,"footfall_idx":35,"avg_spend":23,"weekly_revenue":715594,"store_count":7,"opportunity_score":64},"geometry":{"type":"Polygon","coordinates":[[[-1.8011162731186043,52.463801510206494],[-1.8079965179281567,52.46254043023028],[-1.8091236880726294,52.45806257129085],[-1.8033714707516832,52.45484604100397],[-1.796492316507415,52.45610713282846],[-1.7953642891321762,52.460584743072765],[-1.8011162731186043,52.463801510206494]]]}},{"type":"Feature","properties":{"h3_index":"88195c0491fffff","resolution":8,"footfall_idx":32,"avg_spend":26,"weekly_revenue":878362,"store_count":7,"opportunity_score":42},"geometry":{"type":"Polygon","coordinates":[[[-1.7931077238973132,52.46953922518371],[-1.7999884191481135,52.468278875617195],[-1.8011162731186043,52.463801510206494],[-1.7953642891321762,52.460584743072765],[-1.7884846847448754,52.461845104574785],[-1.7873559735939377,52.46632222125621],[-1.7931077238973132,52.46953922518371]]]}},{"type":"Feature","properties":{"h3_index":"88195c0499fffff","resolution":8,"footfall_idx":28,"avg_spend":29,"weekly_revenue":667879,"store_count":6,"opportunity_score":62},"geometry":{"type":"Polygon","coordinates":[[[-1.7850980404807129,52.47527571608636],[-1.7919791859624246,52.474016096971106],[-1.7931077238973132,52.46953922518371],[-1.7873559735939377,52.46632222125621],[-1.7804759192739121,52.4675818523942],[-1.7793465242090616,52.47205847541815],[-1.7850980404807129,52.47527571608636]]]}},{"type":"Feature","properties":{"h3_index":"88195c04d7fffff","resolution":8,"footfall_idx":26,"avg_spend":29,"weekly_revenue":745931,"store_count":6,"opportunity_score":81},"geometry":{"type":"Polygon","coordinates":[[[-1.789721599269481,52.48296910181175],[-1.7966038361692434,52.481709494611756],[-1.7977322007110699,52.47723286785945],[-1.7919791859624246,52.474016096971106],[-1.7850980404807129,52.47527571608636],[-1.7839688184431228,52.47975209415588],[-1.789721599269481,52.48296910181175]]]}},{"type":"Feature","properties":{"h3_index":"88195c04d5fffff","resolution":8,"footfall_idx":30,"avg_spend":33,"weekly_revenue":1144524,"store_count":6,"opportunity_score":56},"geometry":{"type":"Polygon","coordinates":[[[-1.7943465962507426,52.49066200918086],[-1.801229924824985,52.489402413788646],[-1.802358115796567,52.484926032212435],[-1.7966038361692434,52.481709494611756],[-1.789721599269481,52.48296910181175],[-1.788592550436111,52.48744523478583],[-1.7943465962507426,52.49066200918086]]]}},{"type":"Feature","properties":{"h3_index":"88195c04c3fffff","resolution":8,"footfall_idx":33,"avg_spend":37,"weekly_revenue":1126827,"store_count":6,"opportunity_score":72},"geometry":{"type":"Polygon","coordinates":[[[-1.7989730320353325,52.49835443780433],[-1.805857452540532,52.497094854112284],[-1.8069854697645817,52.49261871785313],[-1.801229924824985,52.489402413788646],[-1.7943465962507426,52.49066200918086],[-1.7932177207987112,52.495137896918564],[-1.7989730320353325,52.49835443780433]]]}},{"type":"Feature","properties":{"h3_index":"88195c04c1fffff","resolution":8,"footfall_idx":37,"avg_spend":28,"weekly_revenue":1128887,"store_count":6,"opportunity_score":48},"geometry":{"type":"Polygon","coordinates":[[[-1.803600907234398,52.50604638729271],[-1.8104864199270534,52.5047868151932],[-1.811614263226125,52.50031092439202],[-1.805857452540532,52.497094854112284],[-1.7989730320353325,52.49835443780433],[-1.797844330141886,52.50283008016472],[-1.803600907234398,52.50604638729271]]]}},{"type":"Feature","properties":{"h3_index":"88195c04cdfffff","resolution":8,"footfall_idx":40,"avg_spend":32,"weekly_revenue":1096251,"store_count":6,"opportunity_score":63},"geometry":{"type":"Polygon","coordinates":[[[-1.808230222459407,52.513737857256636],[-1.815116827596071,52.51247829664198],[-1.81624449679261,52.50800265143963],[-1.8104864199270534,52.5047868151932],[-1.803600907234398,52.50604638729271],[-1.8024723790769253,52.51052178413496],[-1.808230222459407,52.513737857256636]]]}},{"type":"Feature","properties":{"h3_index":"88195c041bfffff","resolution":8,"footfall_idx":44,"avg_spend":36,"weekly_revenue":1620802,"store_count":6,"opportunity_score":40},"geometry":{"type":"Polygon","coordinates":[[[-1.8128609783220846,52.521428847306815],[-1.8197486761593584,52.52016929806923],[-1.8208761710756574,52.515693898606564],[-1.815116827596071,52.51247829664198],[-1.808230222459407,52.513737857256636],[-1.807101868215402,52.51821300843994],[-1.8128609783220846,52.521428847306815]]]}},{"type":"Feature","properties":{"h3_index":"88195c0419fffff","resolution":8,"footfall_idx":47,"avg_spend":28,"weekly_revenue":1566067,"store_count":7,"opportunity_score":55},"geometry":{"type":"Polygon","coordinates":[[[-1.8174931754345418,52.529119357053915],[-1.824381966229036,52.52785981908559],[-1.8255092866872893,52.52338466550334],[-1.8197486761593584,52.52016929806923],[-1.8128609783220846,52.521428847306815],[-1.8117327981692424,52.52590375269039],[-1.8174931754345418,52.529119357053915]]]}},{"type":"Feature","properties":{"h3_index":"88195c0457fffff","resolution":8,"footfall_idx":50,"avg_spend":32,"weekly_revenue":1530892,"store_count":7,"opportunity_score":69},"geometry":{"type":"Polygon","coordinates":[[[-1.8221268144091276,52.536809386108715],[-1.8290166984175031,52.53554985930178],[-1.830143844239714,52.531074951740706],[-1.824381966229036,52.52785981908559],[-1.8174931754345418,52.529119357053915],[-1.816365169550623,52.533594016497055],[-1.8221268144091276,52.536809386108715]]]}},{"type":"Feature","properties":{"h3_index":"88195c0455fffff","resolution":8,"footfall_idx":52,"avg_spend":36,"weekly_revenue":2103369,"store_count":7,"opportunity_score":48},"geometry":{"type":"Polygon","coordinates":[[[-1.826761895858544,52.54449893408195],[-1.8336528733374777,52.54323941832848],[-1.8347798443455547,52.53876475692926],[-1.8290166984175031,52.53554985930178],[-1.8221268144091276,52.536809386108715],[-1.8209989829720428,52.54128379947075],[-1.826761895858544,52.54449893408195]]]}},{"type":"Feature","properties":{"h3_index":"88195c0409fffff","resolution":8,"footfall_idx":56,"avg_spend":27,"weekly_revenue":1346257,"store_count":7,"opportunity_score":61},"geometry":{"type":"Polygon","coordinates":[[[-1.8394172876176877,52.54645408067976],[-1.8463089056005113,52.54519384454922],[-1.8474350157621962,52.54071893522794],[-1.8416703689012088,52.537504509940334],[-1.8347798443455547,52.53876475692926],[-1.8336528733374777,52.54323941832848],[-1.8394172876176877,52.54645408067976]]]}},{"type":"Feature","properties":{"h3_index":"88195c040dfffff","resolution":8,"footfall_idx":55,"avg_spend":31,"weekly_revenue":1802472,"store_count":7,"opportunity_score":42},"geometry":{"type":"Polygon","coordinates":[[[-1.8520748211375841,52.54840803428476],[-1.8589670790697008,52.547147077536586],[-1.860092327967638,52.54267192040848],[-1.8543261803109146,52.53945796781642],[-1.8474350157621962,52.54071893522794],[-1.8463089056005113,52.54519384454922],[-1.8520748211375841,52.54840803428476]]]}},{"type":"Feature","properties":{"h3_index":"88195c0463fffff","resolution":8,"footfall_idx":51,"avg_spend":35,"weekly_revenue":1470761,"store_count":6,"opportunity_score":59},"geometry":{"type":"Polygon","coordinates":[[[-1.864734495726166,52.55036079430065],[-1.8716273930524994,52.54909911669434],[-1.8727517802694322,52.54462371187471],[-1.8669841319547444,52.54141023233393],[-1.860092327967638,52.54267192040848],[-1.8589670790697008,52.547147077536586],[-1.864734495726166,52.55036079430065]]]}},{"type":"Feature","properties":{"h3_index":"88195c0467fffff","resolution":8,"footfall_idx":46,"avg_spend":26,"weekly_revenue":1184928,"store_count":6,"opportunity_score":41},"geometry":{"type":"Polygon","coordinates":[[[-1.8773963106903342,52.55231236013116],[-1.8842898468552887,52.551049961426344],[-1.8854133719740713,52.54657430903058],[-1.8796442231397514,52.543361302896756],[-1.8727517802694322,52.54462371187471],[-1.8716273930524994,52.54909911669434],[-1.8773963106903342,52.55231236013116]]]}},{"type":"Feature","properties":{"h3_index":"88195c055bfffff","resolution":8,"footfall_idx":41,"avg_spend":31,"weekly_revenue":1471220,"store_count":5,"opportunity_score":59},"geometry":{"type":"Polygon","coordinates":[[[-1.890060265335903,52.55426273118016],[-1.8969544397834033,52.55299961113652],[-1.8980771023869412,52.54852371128011],[-1.892306453171887,52.54531117890897],[-1.8854133719740713,52.54657430903058],[-1.8842898468552887,52.551049961426344],[-1.890060265335903,52.55426273118016]]]}},{"type":"Feature","properties":{"h3_index":"88195c0551fffff","resolution":8,"footfall_idx":46,"avg_spend":30,"weekly_revenue":1275557,"store_count":5,"opportunity_score":36},"geometry":{"type":"Polygon","coordinates":[[[-1.9027263589676355,52.55621190685157],[-1.909621171141104,52.55494806522892],[-1.9107429708123655,52.550471918027455],[-1.9049708213560732,52.547259859774655],[-1.8980771023869412,52.54852371128011],[-1.8969544397834033,52.55299961113652],[-1.9027263589676355,52.55621190685157]]]}},{"type":"Feature","properties":{"h3_index":"88195c0555fffff","resolution":8,"footfall_idx":47,"avg_spend":23,"weekly_revenue":1179483,"store_count":5,"opportunity_score":52},"geometry":{"type":"Polygon","coordinates":[[[-1.915394590889178,52.55815988654947],[-1.922290040231556,52.556895323107696],[-1.9234109765536314,52.552418928676836],[-1.917637326996153,52.54920734489806],[-1.9107429708123655,52.550471918027455],[-1.909621171141104,52.55494806522892],[-1.915394590889178,52.55815988654947]]]}},{"type":"Feature","properties":{"h3_index":"88195c0509fffff","resolution":8,"footfall_idx":47,"avg_spend":26,"weekly_revenue":1048342,"store_count":5,"opportunity_score":67},"geometry":{"type":"Polygon","coordinates":[[[-1.9280649604031683,52.560106669677985],[-1.9349610463568856,52.558841384177065],[-1.9360811189129026,52.55436474263256],[-1.9303059693948728,52.551153633683505],[-1.9234109765536314,52.552418928676836],[-1.922290040231556,52.556895323107696],[-1.9280649604031683,52.560106669677985]]]}},{"type":"Feature","properties":{"h3_index":"88195c0501fffff","resolution":8,"footfall_idx":49,"avg_spend":30,"weekly_revenue":1506276,"store_count":5,"opportunity_score":46},"geometry":{"type":"Polygon","coordinates":[[[-1.9360811189129026,52.55436474263256],[-1.9429767478539262,52.553098725535435],[-1.9440961343526668,52.548621590102876],[-1.9383207558383229,52.54541071882722],[-1.9314262197079974,52.546676745329826],[-1.9303059693948728,52.551153633683505],[-1.9360811189129026,52.55436474263256]]]}},{"type":"Feature","properties":{"h3_index":"88195c0507fffff","resolution":8,"footfall_idx":51,"avg_spend":33,"weekly_revenue":2005235,"store_count":5,"opportunity_score":61},"geometry":{"type":"Polygon","coordinates":[[[-1.9440961343526668,52.548621590102876],[-1.9509913060713635,52.54735484145188],[-1.9521100066533164,52.5428772122258],[-1.9463343994926432,52.5396665786757],[-1.9394403202828485,52.540933336645224],[-1.9383207558383229,52.54541071882722],[-1.9440961343526668,52.548621590102876]]]}},{"type":"Feature","properties":{"h3_index":"88195c053dfffff","resolution":8,"footfall_idx":52,"avg_spend":26,"weekly_revenue":1295557,"store_count":5,"opportunity_score":41},"geometry":{"type":"Polygon","coordinates":[[[-1.9521100066533164,52.5428772122258],[-1.9590047209401955,52.5416097320634],[-1.9601227357459157,52.537131609138385],[-1.9543469002888123,52.5339212133659],[-1.947453278208997,52.53518870275991],[-1.9463343994926432,52.5396665786757],[-1.9521100066533164,52.5428772122258]]]}},{"type":"Feature","properties":{"h3_index":"88195c0535fffff","resolution":8,"footfall_idx":51,"avg_spend":29,"weekly_revenue":1663933,"store_count":5,"opportunity_score":56},"geometry":{"type":"Polygon","coordinates":[[[-1.9601227357459157,52.537131609138385],[-1.9670169923916427,52.53586339750713],[-1.9681343215617202,52.53138478097783],[-1.962358258157933,52.52817462303506],[-1.9554650934173783,52.529442843811005],[-1.9543469002888123,52.5339212133659],[-1.9601227357459157,52.537131609138385]]]}},{"type":"Feature","properties":{"h3_index":"88195c0ecbfffff","resolution":8,"footfall_idx":49,"avg_spend":33,"weekly_revenue":1442083,"store_count":5,"opportunity_score":37},"geometry":{"type":"Polygon","coordinates":[[[-1.9681343215617202,52.53138478097783],[-1.975028120357126,52.53011583792038],[-1.9761447640321603,52.52563672788154],[-1.97036847303136,52.52242680782051],[-1.9634757658392026,52.52369575993573],[-1.962358258157933,52.52817462303506],[-1.9681343215617202,52.53138478097783]]]}},{"type":"Feature","properties":{"h3_index":"88195c0ec3fffff","resolution":8,"footfall_idx":47,"avg_spend":25,"weekly_revenue":1243870,"store_count":4,"opportunity_score":53},"geometry":{"type":"Polygon","coordinates":[[[-1.9761447640321603,52.52563672788154],[-1.9830381047682473,52.52436705344064],[-1.984154063088921,52.51988744998705],[-1.9783775448406056,52.51667776785979],[-1.971485295405859,52.51794745127151],[-1.97036847303136,52.52242680782051],[-1.9761447640321603,52.52563672788154]]]}},{"type":"Feature","properties":{"h3_index":"88195c0e89fffff","resolution":8,"footfall_idx":44,"avg_spend":29,"weekly_revenue":1053210,"store_count":4,"opportunity_score":71},"geometry":{"type":"Polygon","coordinates":[[[-1.984154063088921,52.51988744998705],[-1.9910469455568034,52.51861704420557],[-1.9921622186638177,52.5141369474321],[-1.9863854735174125,52.51092750329059],[-1.9794936820488929,52.51219791795593],[-1.9783775448406056,52.51667776785979],[-1.984154063088921,52.51988744998705]]]}},{"type":"Feature","properties":{"h3_index":"88195c0e81fffff","resolution":8,"footfall_idx":40,"avg_spend":32,"weekly_revenue":1269999,"store_count":4,"opportunity_score":51},"geometry":{"type":"Polygon","coordinates":[[[-1.9921622186638177,52.5141369474321],[-1.999054642654822,52.51286581035299],[-2.0001692306889227,52.50838522035456],[-1.9943922589937386,52.50517601425072],[-1.9875009257000906,52.50644716012679],[-1.9863854735174125,52.51092750329059],[-1.9921622186638177,52.5141369474321]]]}},{"type":"Feature","properties":{"h3_index":"88195c0e87fffff","resolution":8,"footfall_idx":36,"avg_spend":25,"weekly_revenue":1043077,"store_count":3,"opportunity_score":70},"geometry":{"type":"Polygon","coordinates":[[[-2.0001692306889227,52.50838522035456],[-2.007061195994485,52.5071133520209],[-2.008175099096472,52.502632268892526],[-2.002397901201683,52.4994233008783],[-1.9955070262914518,52.50069517792199],[-1.9943922589937386,52.50517601425072],[-2.0001692306889227,52.50838522035456]]]}},{"type":"Feature","properties":{"h3_index":"88195c0eb9fffff","resolution":8,"footfall_idx":39,"avg_spend":28,"weekly_revenue":1010931,"store_count":3,"opportunity_score":47},"geometry":{"type":"Polygon","coordinates":[[[-1.9955070262914518,52.50069517792199],[-2.002397901201683,52.4994233008783],[-2.003511983755091,52.494941971479655],[-1.9977360553392065,52.49173276598647],[-1.990846270570632,52.49300465184834],[-1.9897313241893035,52.49748573436608],[-1.9955070262914518,52.50069517792199]]]}},{"type":"Feature","properties":{"h3_index":"88195c0ebbfffff","resolution":8,"footfall_idx":41,"avg_spend":32,"weekly_revenue":1433423,"store_count":3,"opportunity_score":63},"geometry":{"type":"Polygon","coordinates":[[[-1.990846270570632,52.49300465184834],[-1.9977360553392065,52.49173276598647],[-1.9988503171640009,52.48725119045891],[-1.9930756577935562,52.48404174773622],[-1.9861869629130238,52.48531364252432],[-1.9850718376279182,52.48979497108975],[-1.990846270570632,52.49300465184834]]]}},{"type":"Feature","properties":{"h3_index":"88195c3b6dfffff","resolution":8,"footfall_idx":42,"avg_spend":24,"weekly_revenue":866210,"store_count":3,"opportunity_score":41},"geometry":{"type":"Polygon","coordinates":[[[-1.9861869629130238,52.48531364252432],[-1.9930756577935562,52.48404174773622],[-1.9941900987098726,52.47955992622114],[-1.9884167079515367,52.47635024651837],[-1.9815291027054862,52.47762215034072],[-1.9804137986962693,52.48210372481245],[-1.9861869629130238,52.48531364252432]]]}},{"type":"Feature","properties":{"h3_index":"88195c3b61fffff","resolution":8,"footfall_idx":37,"avg_spend":38,"weekly_revenue":1442728,"store_count":3,"opportunity_score":59},"geometry":{"type":"Polygon","coordinates":[[[-1.9815291027054862,52.47762215034072],[-1.9884167079515367,52.47635024651837],[-1.9895313277796263,52.47186817915722],[-1.9837592052002708,52.468658262723814],[-1.976872689335145,52.469930175688326],[-1.975757206781401,52.47441199592494],[-1.9815291027054862,52.47762215034072]]]}},{"type":"Feature","properties":{"h3_index":"88195c3b63fffff","resolution":8,"footfall_idx":44,"avg_spend":33,"weekly_revenue":1732104,"store_count":3,"opportunity_score":72},"geometry":{"type":"Polygon","coordinates":[[[-1.976872689335145,52.469930175688326],[-1.9837592052002708,52.468658262723814],[-1.984874003760521,52.46417594965804],[-1.9791031489271578,52.460965796743416],[-1.9722177221894763,52.462237718957965],[-1.971102061270649,52.466719784818],[-1.976872689335145,52.469930175688326]]]}},{"type":"Feature","properties":{"h3_index":"88195c3b05fffff","resolution":8,"footfall_idx":48,"avg_spend":25,"weekly_revenue":1151636,"store_count":3,"opportunity_score":50},"geometry":{"type":"Polygon","coordinates":[[[-1.9722177221894763,52.462237718957965],[-1.9791031489271578,52.460965796743416],[-1.9802181260401255,52.45648323811457],[-1.9744485385199417,52.45327284896813],[-1.9675642006562302,52.45454478054055],[-1.9664483615515913,52.459027091882476],[-1.9722177221894763,52.462237718957965]]]}},{"type":"Feature","properties":{"h3_index":"88195c3b07fffff","resolution":8,"footfall_idx":52,"avg_spend":29,"weekly_revenue":1698737,"store_count":4,"opportunity_score":63},"geometry":{"type":"Polygon","coordinates":[[[-1.9675642006562302,52.45454478054055],[-1.9744485385199417,52.45327284896813],[-1.9755636940062433,52.448790044917786],[-1.9697953733666613,52.4455794197889],[-1.9629121241234773,52.44685136082696],[-1.9617961070121777,52.45133391750921],[-1.9675642006562302,52.45454478054055]]]}},{"type":"Feature","properties":{"h3_index":"88195c3b39fffff","resolution":8,"footfall_idx":56,"avg_spend":33,"weekly_revenue":1650764,"store_count":9,"opportunity_score":42},"geometry":{"type":"Polygon","coordinates":[[[-1.9629121241234773,52.44685136082696],[-1.9697953733666613,52.4455794197889],[-1.9709107070470884,52.4410963704587],[-1.9651436528556228,52.43788550959675],[-1.9582614919795616,52.43915746020815],[-1.9571452970406475,52.44364026208912],[-1.9629121241234773,52.44685136082696]]]}},{"type":"Feature","properties":{"h3_index":"88195c3b3bfffff","resolution":8,"footfall_idx":58,"avg_spend":25,"weekly_revenue":1537083,"store_count":9,"opportunity_score":55},"geometry":{"type":"Polygon","coordinates":[[[-1.9582614919795616,52.43915746020815],[-1.9651436528556228,52.43788550959675],[-1.9662591645511225,52.433402215128346],[-1.9604933763754755,52.430191118782695],[-1.953612303613168,52.43146307907512],[-1.9524959310255239,52.43594612601313],[-1.9582614919795616,52.43915746020815]]]}},{"type":"Feature","properties":{"h3_index":"88195c3b17fffff","resolution":8,"footfall_idx":65,"avg_spend":28,"weekly_revenue":1504857,"store_count":9,"opportunity_score":35},"geometry":{"type":"Polygon","coordinates":[[[-1.945614402589301,52.437217355920986],[-1.9524959310255239,52.43594612601313],[-1.953612303613168,52.43146307907512],[-1.947848008355656,52.42825150967223],[-1.9409675680799379,52.42952274945575],[-1.9398503350140286,52.43400554874748],[-1.945614402589301,52.437217355920986]]]}},{"type":"Feature","properties":{"h3_index":"88195c3b13fffff","resolution":8,"footfall_idx":71,"avg_spend":32,"weekly_revenue":2257531,"store_count":9,"opportunity_score":45},"geometry":{"type":"Polygon","coordinates":[[[-1.9329694395726285,52.435276058190496],[-1.9398503350140286,52.43400554874748],[-1.9409675680799379,52.42952274945575],[-1.9352047658816092,52.42631070735014],[-1.9283249586470925,52.4275812268635],[-1.9272068655168613,52.43206377839312],[-1.9329694395726285,52.435276058190496]]]}},{"type":"Feature","properties":{"h3_index":"88195c384dfffff","resolution":8,"footfall_idx":71,"avg_spend":24,"weekly_revenue":1977353,"store_count":9,"opportunity_score":29},"geometry":{"type":"Polygon","coordinates":[[[-1.920326603624842,52.43333356761012],[-1.9272068655168613,52.43206377839312],[-1.9283249586470925,52.4275812268635],[-1.9225636496484448,52.42436871240972],[-1.9156844760092493,52.42563851189171],[-1.9145655232287337,52.4301208155435],[-1.920326603624842,52.43333356761012]]]}},{"type":"Feature","properties":{"h3_index":"88195c3849fffff","resolution":8,"footfall_idx":66,"avg_spend":28,"weekly_revenue":1713476,"store_count":9,"opportunity_score":44},"geometry":{"type":"Polygon","coordinates":[[[-1.9076858954400822,52.43138988477343],[-1.9145655232287337,52.4301208155435],[-1.9156844760092493,52.42563851189171],[-1.9099246603501985,52.42242552544432],[-1.9030461208599698,52.42369460513382],[-1.9019263088432656,52.42817666079217],[-1.9076858954400822,52.43138988477343]]]}},{"type":"Feature","properties":{"h3_index":"88195c3a35fffff","resolution":8,"footfall_idx":61,"avg_spend":36,"weekly_revenue":2402408,"store_count":8,"opportunity_score":59},"geometry":{"type":"Polygon","coordinates":[[[-1.8950473157115437,52.429445010273994],[-1.9019263088432656,52.42817666079217],[-1.9030461208599698,52.42369460513382],[-1.8972877986798462,52.42048114704737],[-1.8904098938917366,52.42174950718337],[-1.8892892230530318,52.42623131473272],[-1.8950473157115437,52.429445010273994]]]}},{"type":"Feature","properties":{"h3_index":"88195c3a31fffff","resolution":8,"footfall_idx":61,"avg_spend":40,"weekly_revenue":2100302,"store_count":8,"opportunity_score":42},"geometry":{"type":"Polygon","coordinates":[[[-1.8824108651312714,52.42749894470556],[-1.8892892230530318,52.42623131473272],[-1.8904098938917366,52.42174950718337],[-1.8846530653292983,52.41853557781243],[-1.8777757957959578,52.41980321863401],[-1.8766542665495418,52.42428477795891],[-1.8824108651312714,52.42749894470556]]]}},{"type":"Feature","properties":{"h3_index":"88195c3a3bfffff","resolution":8,"footfall_idx":58,"avg_spend":31,"weekly_revenue":1847565,"store_count":8,"opportunity_score":57},"geometry":{"type":"Polygon","coordinates":[[[-1.8697765443902912,52.42555168866197],[-1.8766542665495418,52.42428477795891],[-1.8777757957959578,52.41980321863401],[-1.8720204609894355,52.416588818333146],[-1.8651438272630148,52.417855740079474],[-1.8640214400232087,52.422337051064545],[-1.8697765443902912,52.42555168866197]]]}},{"type":"Feature","properties":{"h3_index":"88195c3a17fffff","resolution":8,"footfall_idx":53,"avg_spend":35,"weekly_revenue":2215526,"store_count":7,"opportunity_score":40},"geometry":{"type":"Polygon","coordinates":[[[-1.8571443541785229,52.42360324273709],[-1.8640214400232087,52.422337051064545],[-1.8651438272630148,52.417855740079474],[-1.8593899863500492,52.414640869203225],[-1.8525139889822124,52.4159070721136],[-1.851390744163462,52.420388134643545],[-1.8571443541785229,52.42360324273709]]]}},{"type":"Feature","properties":{"h3_index":"88195c3a13fffff","resolution":8,"footfall_idx":59,"avg_spend":29,"weekly_revenue":1644512,"store_count":8,"opportunity_score":52},"geometry":{"type":"Polygon","coordinates":[[[-1.844514295184897,52.421653607524995],[-1.851390744163462,52.420388134643545],[-1.8525139889822124,52.4159070721136],[-1.846761642099845,52.412691731016565],[-1.8398862816418042,52.4139572153303],[-1.8387621796585831,52.418438029289945],[-1.844514295184897,52.421653607524995]]]}},{"type":"Feature","properties":{"h3_index":"88195c3a1bfffff","resolution":8,"footfall_idx":60,"avg_spend":22,"weekly_revenue":1488865,"store_count":8,"opportunity_score":34},"geometry":{"type":"Polygon","coordinates":[[[-1.8365134671789678,52.42739891996651],[-1.8433903675590855,52.42613417715618],[-1.844514295184897,52.421653607524995],[-1.8387621796585831,52.418438029289945],[-1.8318863680972144,52.41970278361979],[-1.8307615833564475,52.424183104646346],[-1.8365134671789678,52.42739891996651]]]}},{"type":"Feature","properties":{"h3_index":"88195c3125fffff","resolution":8,"footfall_idx":59,"avg_spend":25,"weekly_revenue":1319704,"store_count":7,"opportunity_score":48},"geometry":{"type":"Polygon","coordinates":[[[-1.8285115050353102,52.433143009300856],[-1.8353888566076046,52.431878996603814],[-1.8365134671789678,52.42739891996651],[-1.8307615833564475,52.424183104646346],[-1.8238853209010792,52.425447128950104],[-1.822759853264415,52.429926956948506],[-1.8285115050353102,52.433143009300856]]]}},{"type":"Feature","properties":{"h3_index":"88195c312dfffff","resolution":8,"footfall_idx":57,"avg_spend":29,"weekly_revenue":1754662,"store_count":7,"opportunity_score":63},"geometry":{"type":"Polygon","coordinates":[[[-1.820508408824962,52.43888587539103],[-1.8273862113799266,52.4376225928493],[-1.8285115050353102,52.433143009300856],[-1.822759853264415,52.429926956948506],[-1.8158831401245183,52.4311902511842],[-1.814756989453635,52.435669586059454],[-1.820508408824962,52.43888587539103]]]}},{"type":"Feature","properties":{"h3_index":"88195c3167fffff","resolution":8,"footfall_idx":54,"avg_spend":22,"weekly_revenue":984007,"store_count":7,"opportunity_score":46},"geometry":{"type":"Polygon","coordinates":[[[-1.8125041786192149,52.444627518100134],[-1.8193824319471528,52.443364965755684],[-1.820508408824962,52.43888587539103],[-1.814756989453635,52.435669586059454],[-1.807879825838875,52.43693215018513],[-1.806752991995498,52.441410991842346],[-1.8125041786192149,52.444627518100134]]]}},{"type":"Feature","properties":{"h3_index":"88195c3161fffff","resolution":8,"footfall_idx":51,"avg_spend":25,"weekly_revenue":1268722,"store_count":6,"opportunity_score":62},"geometry":{"type":"Polygon","coordinates":[[[-1.804498814489482,52.450367937291446],[-1.8113775183805816,52.4491061151861],[-1.8125041786192149,52.444627518100134],[-1.806752991995498,52.441410991842346],[-1.7998753781156678,52.44267282581613],[-1.798747860961557,52.44715117416048],[-1.804498814489482,52.450367937291446]]]}},{"type":"Feature","properties":{"h3_index":"88195c3169fffff","resolution":8,"footfall_idx":46,"avg_spend":28,"weekly_revenue":1496479,"store_count":6,"opportunity_score":44},"geometry":{"type":"Polygon","coordinates":[[[-1.796492316507415,52.45610713282846],[-1.8033714707516832,52.45484604100397],[-1.804498814489482,52.450367937291446],[-1.798747860961557,52.44715117416048],[-1.7918697970266046,52.448412277940655],[-1.790741596423578,52.45289013287738],[-1.796492316507415,52.45610713282846]]]}},{"type":"Feature","properties":{"h3_index":"88195c0493fffff","resolution":8,"footfall_idx":42,"avg_spend":21,"weekly_revenue":819069,"store_count":6,"opportunity_score":62},"geometry":{"type":"Polygon","coordinates":[[[-1.7884846847448754,52.461845104574785],[-1.7953642891321762,52.460584743072765],[-1.796492316507415,52.45610713282846],[-1.790741596423578,52.45289013287738],[-1.7838630826435953,52.454150506422295],[-1.7827341984535243,52.45862786785665],[-1.7884846847448754,52.461845104574785]]]}},{"type":"Feature","properties":{"h3_index":"88195c049bfffff","resolution":8,"footfall_idx":37,"avg_spend":25,"weekly_revenue":1013279,"store_count":5,"opportunity_score":43},"geometry":{"type":"Polygon","coordinates":[[[-1.7804759192739121,52.4675818523942],[-1.7873559735939377,52.46632222125621],[-1.7884846847448754,52.461845104574785],[-1.7827341984535243,52.45862786785665],[-1.7758552350388028,52.45988751112476],[-1.7747256671235467,52.464364378962145],[-1.7804759192739121,52.4675818523942]]]}},{"type":"Feature","properties":{"h3_index":"88195c3325fffff","resolution":8,"footfall_idx":31,"avg_spend":28,"weekly_revenue":748410,"store_count":5,"opportunity_score":62},"geometry":{"type":"Polygon","coordinates":[[[-1.7724660201667461,52.47331737615068],[-1.7793465242090616,52.47205847541815],[-1.7804759192739121,52.4675818523942],[-1.7747256671235467,52.464364378962145],[-1.7678462542844773,52.46562329191205],[-1.7667160025060091,52.47009966605785],[-1.7724660201667461,52.47331737615068]]]}},{"type":"Feature","properties":{"h3_index":"88195c04d3fffff","resolution":8,"footfall_idx":32,"avg_spend":27,"weekly_revenue":889066,"store_count":4,"opportunity_score":79},"geometry":{"type":"Polygon","coordinates":[[[-1.7770872229409955,52.481010982778436],[-1.7839688184431228,52.47975209415588],[-1.7850980404807129,52.47527571608636],[-1.7793465242090616,52.47205847541815],[-1.7724660201667461,52.47331737615068],[-1.7713359410498002,52.477793505422675],[-1.7770872229409955,52.481010982778436]]]}},{"type":"Feature","properties":{"h3_index":"88195c04d1fffff","resolution":8,"footfall_idx":37,"avg_spend":31,"weekly_revenue":1371580,"store_count":5,"opportunity_score":54},"geometry":{"type":"Polygon","coordinates":[[[-1.78170986321759,52.48870411140591],[-1.788592550436111,52.48744523478583],[-1.789721599269481,52.48296910181175],[-1.7839688184431228,52.47975209415588],[-1.7770872229409955,52.481010982778436],[-1.775957316662414,52.48548686703558],[-1.78170986321759,52.48870411140591]]]}},{"type":"Feature","properties":{"h3_index":"88195c04ddfffff","resolution":8,"footfall_idx":41,"avg_spend":35,"weekly_revenue":1381310,"store_count":5,"opportunity_score":69},"geometry":{"type":"Polygon","coordinates":[[[-1.7863339416071675,52.49639676164371],[-1.7932177207987112,52.495137896918564],[-1.7943465962507426,52.49066200918086],[-1.788592550436111,52.48744523478583],[-1.78170986321759,52.48870411140591],[-1.780580129954294,52.49317975050729],[-1.7863339416071675,52.49639676164371]]]}},{"type":"Feature","properties":{"h3_index":"88195c04cbfffff","resolution":8,"footfall_idx":46,"avg_spend":26,"weekly_revenue":1350729,"store_count":5,"opportunity_score":46},"geometry":{"type":"Polygon","coordinates":[[[-1.790959458720665,52.50408893310252],[-1.797844330141886,52.50283008016472],[-1.7989730320353325,52.49835443780433],[-1.7932177207987112,52.495137896918564],[-1.7863339416071675,52.49639676164371],[-1.7852043815361962,52.500872155448455],[-1.790959458720665,52.50408893310252]]]}},{"type":"Feature","properties":{"h3_index":"88195c04c9fffff","resolution":8,"footfall_idx":50,"avg_spend":30,"weekly_revenue":1344239,"store_count":5,"opportunity_score":60},"geometry":{"type":"Polygon","coordinates":[[[-1.7955864151693144,52.51178062539307],[-1.8024723790769253,52.51052178413496],[-1.803600907234398,52.50604638729271],[-1.797844330141886,52.50283008016472],[-1.790959458720665,52.50408893310252],[-1.7898300720192324,52.508564081469785],[-1.7955864151693144,52.51178062539307]]]}},{"type":"Feature","properties":{"h3_index":"88195c06a7fffff","resolution":8,"footfall_idx":55,"avg_spend":34,"weekly_revenue":1987709,"store_count":5,"opportunity_score":38},"geometry":{"type":"Polygon","coordinates":[[[-1.8002148115646732,52.51947183812608],[-1.807101868215402,52.51821300843994],[-1.808230222459407,52.513737857256636],[-1.8024723790769253,52.51052178413496],[-1.7955864151693144,52.51178062539307],[-1.794457202014759,52.51625552818202],[-1.8002148115646732,52.51947183812608]]]}},{"type":"Feature","properties":{"h3_index":"88195c06a5fffff","resolution":8,"footfall_idx":59,"avg_spend":38,"weekly_revenue":1860262,"store_count":6,"opportunity_score":51},"geometry":{"type":"Polygon","coordinates":[[[-1.8048446485185974,52.52716257091233],[-1.8117327981692424,52.52590375269039],[-1.8128609783220846,52.521428847306815],[-1.807101868215402,52.51821300843994],[-1.8002148115646732,52.51947183812608],[-1.7990857721344444,52.523946495196014],[-1.8048446485185974,52.52716257091233]]]}},{"type":"Feature","properties":{"h3_index":"88195c0453fffff","resolution":8,"footfall_idx":63,"avg_spend":30,"weekly_revenue":1883423,"store_count":6,"opportunity_score":31},"geometry":{"type":"Polygon","coordinates":[[[-1.8094759266432294,52.53485282336262],[-1.816365169550623,52.533594016497055],[-1.8174931754345418,52.529119357053915],[-1.8117327981692424,52.52590375269039],[-1.8048446485185974,52.52716257091233],[-1.8037157829902943,52.531636982122535],[-1.8094759266432294,52.53485282336262]]]}},{"type":"Feature","properties":{"h3_index":"88195c0451fffff","resolution":8,"footfall_idx":66,"avg_spend":34,"weekly_revenue":2610462,"store_count":6,"opportunity_score":44},"geometry":{"type":"Polygon","coordinates":[[[-1.8141086465510803,52.54254259508784],[-1.8209989829720428,52.54128379947075],[-1.8221268144091276,52.536809386108715],[-1.816365169550623,52.533594016497055],[-1.8094759266432294,52.53485282336262],[-1.808347235194613,52.53932698857245],[-1.8141086465510803,52.54254259508784]]]}},{"type":"Feature","properties":{"h3_index":"88195c045dfffff","resolution":8,"footfall_idx":67,"avg_spend":38,"weekly_revenue":2368020,"store_count":6,"opportunity_score":56},"geometry":{"type":"Polygon","coordinates":[[[-1.8187428088548934,52.55023188569882],[-1.825634239046328,52.54897310122228],[-1.826761895858544,52.54449893408195],[-1.8209989829720428,52.54128379947075],[-1.8141086465510803,52.54254259508784],[-1.8129801293599725,52.54701651415667],[-1.8187428088548934,52.55023188569882]]]}},{"type":"Feature","properties":{"h3_index":"88195c0443fffff","resolution":8,"footfall_idx":73,"avg_spend":29,"weekly_revenue":2322098,"store_count":6,"opportunity_score":37},"geometry":{"type":"Polygon","coordinates":[[[-1.831398420395728,52.55218800058449],[-1.8382904916019929,52.55092849577648],[-1.8394172876176877,52.54645408067976],[-1.8336528733374777,52.54323941832848],[-1.826761895858544,52.54449893408195],[-1.825634239046328,52.54897310122228],[-1.831398420395728,52.55218800058449]]]}},{"type":"Feature","properties":{"h3_index":"88195c0447fffff","resolution":8,"footfall_idx":75,"avg_spend":33,"weekly_revenue":2137579,"store_count":6,"opportunity_score":48},"geometry":{"type":"Polygon","coordinates":[[[-1.8440561746693214,52.5541429226029],[-1.8509488863358992,52.55288269722275],[-1.8520748211375841,52.54840803428476],[-1.8463089056005113,52.54519384454922],[-1.8394172876176877,52.54645408067976],[-1.8382904916019929,52.55092849577648],[-1.8440561746693214,52.5541429226029]]]}},{"type":"Feature","properties":{"h3_index":"88195c046bfffff","resolution":8,"footfall_idx":72,"avg_spend":37,"weekly_revenue":2745133,"store_count":6,"opportunity_score":34},"geometry":{"type":"Polygon","coordinates":[[[-1.8567160709840236,52.55609665115754],[-1.863609422555958,52.554835704964624],[-1.864734495726166,52.55036079430065],[-1.8589670790697008,52.547147077536586],[-1.8520748211375841,52.54840803428476],[-1.8509488863358992,52.55288269722275],[-1.8567160709840236,52.55609665115754]]]}},{"type":"Feature","properties":{"h3_index":"88195c0461fffff","resolution":8,"footfall_idx":66,"avg_spend":28,"weekly_revenue":2212504,"store_count":5,"opportunity_score":49},"geometry":{"type":"Polygon","coordinates":[[[-1.8693781086471728,52.558049185651974],[-1.8762720995689774,52.556787518405784],[-1.8773963106903342,52.55231236013116],[-1.8716273930524994,52.54909911669434],[-1.864734495726166,52.55036079430065],[-1.863609422555958,52.554835704964624],[-1.8693781086471728,52.558049185651974]]]}},{"type":"Feature","properties":{"h3_index":"88195c0465fffff","resolution":8,"footfall_idx":60,"avg_spend":32,"weekly_revenue":1850937,"store_count":5,"opportunity_score":34},"geometry":{"type":"Polygon","coordinates":[[[-1.8820422869649953,52.560000525489855],[-1.8889369166807028,52.55873813695],[-1.890060265335903,52.55426273118016],[-1.8842898468552887,52.551049961426344],[-1.8773963106903342,52.55231236013116],[-1.8762720995689774,52.556787518405784],[-1.8820422869649953,52.560000525489855]]]}},{"type":"Feature","properties":{"h3_index":"88195c0559fffff","resolution":8,"footfall_idx":53,"avg_spend":37,"weekly_revenue":2217531,"store_count":4,"opportunity_score":51},"geometry":{"type":"Polygon","coordinates":[[[-1.8947086052426636,52.561950670074964],[-1.9016038731957914,52.560687560001114],[-1.9027263589676355,52.55621190685157],[-1.8969544397834033,52.55299961113652],[-1.890060265335903,52.55426273118016],[-1.8889369166807028,52.55873813695],[-1.8947086052426636,52.561950670074964]]]}},{"type":"Feature","properties":{"h3_index":"88195c055dfffff","resolution":8,"footfall_idx":60,"avg_spend":24,"weekly_revenue":1292549,"store_count":4,"opportunity_score":61},"geometry":{"type":"Polygon","coordinates":[[[-1.9073770627842503,52.563899618811156],[-1.9142729684178579,52.562635786963085],[-1.915394590889178,52.55815988654947],[-1.909621171141104,52.55494806522892],[-1.9027263589676355,52.55621190685157],[-1.9016038731957914,52.560687560001114],[-1.9073770627842503,52.563899618811156]]]}},{"type":"Feature","properties":{"h3_index":"88195c0543fffff","resolution":8,"footfall_idx":61,"avg_spend":28,"weekly_revenue":1817979,"store_count":4,"opportunity_score":43},"geometry":{"type":"Polygon","coordinates":[[[-1.9200476588928101,52.56584737110242],[-1.926944201649419,52.56458281723998],[-1.9280649604031683,52.560106669677985],[-1.922290040231556,52.556895323107696],[-1.915394590889178,52.55815988654947],[-1.9142729684178579,52.562635786963085],[-1.9200476588928101,52.56584737110242]]]}},{"type":"Feature","properties":{"h3_index":"88195c0547fffff","resolution":8,"footfall_idx":59,"avg_spend":31,"weekly_revenue":1520224,"store_count":4,"opportunity_score":58},"geometry":{"type":"Polygon","coordinates":[[[-1.9327203928702872,52.56779392635276],[-1.9396175721919298,52.56652865023594],[-1.9407374668111375,52.56205225564136],[-1.9349610463568856,52.558841384177065],[-1.9280649604031683,52.560106669677985],[-1.926944201649419,52.56458281723998],[-1.9327203928702872,52.56779392635276]]]}},{"type":"Feature","properties":{"h3_index":"88195c050dfffff","resolution":8,"footfall_idx":62,"avg_spend":24,"weekly_revenue":1484972,"store_count":9,"opportunity_score":38},"geometry":{"type":"Polygon","coordinates":[[[-1.9407374668111375,52.56205225564136],[-1.9476341888181117,52.56078624784139],[-1.9487533971913187,52.556309359299085],[-1.9429767478539262,52.553098725535435],[-1.9360811189129026,52.55436474263256],[-1.9349610463568856,52.558841384177065],[-1.9407374668111375,52.56205225564136]]]}},{"type":"Feature","properties":{"h3_index":"88195c0505fffff","resolution":8,"footfall_idx":64,"avg_spend":27,"weekly_revenue":2012691,"store_count":9,"opportunity_score":51},"geometry":{"type":"Polygon","coordinates":[[[-1.9487533971913187,52.556309359299085],[-1.9556496616739594,52.555042619858334],[-1.9567681839417497,52.55056523746282],[-1.9509913060713635,52.54735484145188],[-1.9440961343526668,52.548621590102876],[-1.9429767478539262,52.553098725535435],[-1.9487533971913187,52.556309359299085]]]}},{"type":"Feature","properties":{"h3_index":"88195c052bfffff","resolution":8,"footfall_idx":65,"avg_spend":31,"weekly_revenue":1877051,"store_count":9,"opportunity_score":33},"geometry":{"type":"Polygon","coordinates":[[[-1.9567681839417497,52.55056523746282],[-1.9636639906905218,52.54929776642374],[-1.964781826993552,52.54481989026955],[-1.9590047209401955,52.5416097320634],[-1.9521100066533164,52.5428772122258],[-1.9509913060713635,52.54735484145188],[-1.9567681839417497,52.55056523746282]]]}},{"type":"Feature","properties":{"h3_index":"88195c0523fffff","resolution":8,"footfall_idx":64,"avg_spend":23,"weekly_revenue":1616736,"store_count":9,"opportunity_score":47},"geometry":{"type":"Polygon","coordinates":[[[-1.964781826993552,52.54481989026955],[-1.9716771757991212,52.54355168767472],[-1.9727943262780703,52.539073317856456],[-1.9670169923916427,52.53586339750713],[-1.9601227357459157,52.537131609138385],[-1.9590047209401955,52.5416097320634],[-1.964781826993552,52.54481989026955]]]}},{"type":"Feature","properties":{"h3_index":"88195c0ec9fffff","resolution":8,"footfall_idx":62,"avg_spend":27,"weekly_revenue":1448199,"store_count":9,"opportunity_score":62},"geometry":{"type":"Polygon","coordinates":[[[-1.9727943262780703,52.539073317856456],[-1.9796892169312004,52.537804383748515],[-1.980805681726843,52.5333255203609],[-1.975028120357126,52.53011583792038],[-1.9681343215617202,52.53138478097783],[-1.9670169923916427,52.53586339750713],[-1.9727943262780703,52.539073317856456]]]}},{"type":"Feature","properties":{"h3_index":"88195c0ec1fffff","resolution":8,"footfall_idx":59,"avg_spend":30,"weekly_revenue":1826463,"store_count":8,"opportunity_score":45},"geometry":{"type":"Polygon","coordinates":[[[-1.980805681726843,52.5333255203609],[-1.9877001140185113,52.53205585478259],[-1.9888158932715836,52.52757649792035],[-1.9830381047682473,52.52436705344064],[-1.9761447640321603,52.52563672788154],[-1.975028120357126,52.53011583792038],[-1.980805681726843,52.5333255203609]]]}},{"type":"Feature","properties":{"h3_index":"88195c0ec7fffff","resolution":8,"footfall_idx":55,"avg_spend":23,"weekly_revenue":1516339,"store_count":8,"opportunity_score":61},"geometry":{"type":"Polygon","coordinates":[[[-1.9888158932715836,52.52757649792035],[-1.9957098669928945,52.52630610091458],[-1.9968249608442066,52.52182625067256],[-1.9910469455568034,52.51861704420557],[-1.984154063088921,52.51988744998705],[-1.9830381047682473,52.52436705344064],[-1.9888158932715836,52.52757649792035]]]}},{"type":"Feature","properties":{"h3_index":"88195c0e8dfffff","resolution":8,"footfall_idx":51,"avg_spend":26,"weekly_revenue":1280219,"store_count":7,"opportunity_score":44},"geometry":{"type":"Polygon","coordinates":[[[-1.9968249608442066,52.52182625067256],[-2.003718475786414,52.52055512228226],[-2.004832884376851,52.51607477875535],[-1.999054642654822,52.51286581035299],[-1.9921622186638177,52.5141369474321],[-1.9910469455568034,52.51861704420557],[-1.9968249608442066,52.52182625067256]]]}},{"type":"Feature","properties":{"h3_index":"88195c0e85fffff","resolution":8,"footfall_idx":46,"avg_spend":30,"weekly_revenue":1562520,"store_count":7,"opportunity_score":62},"geometry":{"type":"Polygon","coordinates":[[[-2.004832884376851,52.51607477875535],[-2.0117259403314054,52.51480291902356],[-2.012839663801822,52.510322082306736],[-2.007061195994485,52.5071133520209],[-2.0001692306889227,52.50838522035456],[-1.999054642654822,52.51286581035299],[-2.004832884376851,52.51607477875535]]]}},{"type":"Feature","properties":{"h3_index":"88195c0eabfffff","resolution":8,"footfall_idx":41,"avg_spend":33,"weekly_revenue":1216412,"store_count":6,"opportunity_score":43},"geometry":{"type":"Polygon","coordinates":[[[-2.012839663801822,52.510322082306736],[-2.0197322605602834,52.50904949127666],[-2.0208452990516634,52.50456816146494],[-2.015066605508217,52.501359669347465],[-2.008175099096472,52.502632268892526],[-2.007061195994485,52.5071133520209],[-2.012839663801822,52.510322082306736]]]}},{"type":"Feature","properties":{"h3_index":"88195c0ebdfffff","resolution":8,"footfall_idx":44,"avg_spend":26,"weekly_revenue":1219315,"store_count":7,"opportunity_score":58},"geometry":{"type":"Polygon","coordinates":[[[-2.008175099096472,52.502632268892526],[-2.015066605508217,52.501359669347465],[-2.0161798238189,52.49687809318422],[-2.0104024000735907,52.49366936331146],[-2.003511983755091,52.494941971479655],[-2.002397901201683,52.4994233008783],[-2.008175099096472,52.502632268892526]]]}},{"type":"Feature","properties":{"h3_index":"88195c0eb1fffff","resolution":8,"footfall_idx":47,"avg_spend":29,"weekly_revenue":1134864,"store_count":7,"opportunity_score":36},"geometry":{"type":"Polygon","coordinates":[[[-2.003511983755091,52.494941971479655],[-2.0104024000735907,52.49366936331146],[-2.0115157980234115,52.489187540938026],[-2.005739643642714,52.48597857355948],[-1.9988503171640009,52.48725119045891],[-1.9977360553392065,52.49173276598647],[-2.003511983755091,52.494941971479655]]]}},{"type":"Feature","properties":{"h3_index":"88195c0eb3fffff","resolution":8,"footfall_idx":49,"avg_spend":33,"weekly_revenue":1616045,"store_count":7,"opportunity_score":51},"geometry":{"type":"Polygon","coordinates":[[[-1.9988503171640009,52.48725119045891],[-2.005739643642714,52.48597857355948],[-2.0068532210516112,52.48149650511725],[-2.001078335602194,52.47828730048245],[-1.9941900987098726,52.47955992622114],[-1.9930756577935562,52.48404174773622],[-1.9988503171640009,52.48725119045891]]]}},{"type":"Feature","properties":{"h3_index":"88195c3b65fffff","resolution":8,"footfall_idx":44,"avg_spend":34,"weekly_revenue":1744630,"store_count":6,"opportunity_score":69},"geometry":{"type":"Polygon","coordinates":[[[-1.9941900987098726,52.47955992622114],[-2.001078335602194,52.47828730048245],[-2.0021920922902474,52.47380498611289],[-1.9964184753389569,52.47059554447127],[-1.9895313277796263,52.47186817915722],[-1.9884167079515367,52.47635024651837],[-1.9941900987098726,52.47955992622114]]]}},{"type":"Feature","properties":{"h3_index":"88195c3b67fffff","resolution":8,"footfall_idx":52,"avg_spend":31,"weekly_revenue":1503969,"store_count":7,"opportunity_score":45},"geometry":{"type":"Polygon","coordinates":[[[-1.9895313277796263,52.47186817915722],[-1.9964184753389569,52.47059554447127],[-1.997532411126353,52.46611298431589],[-1.9917600622401828,52.46290330591693],[-1.984874003760521,52.46417594965804],[-1.9837592052002708,52.468658262723814],[-1.9895313277796263,52.47186817915722]]]}},{"type":"Feature","properties":{"h3_index":"88195c3b29fffff","resolution":8,"footfall_idx":57,"avg_spend":35,"weekly_revenue":2194042,"store_count":7,"opportunity_score":57},"geometry":{"type":"Polygon","coordinates":[[[-1.984874003760521,52.46417594965804],[-1.9917600622401828,52.46290330591693],[-1.992874176947281,52.458420500117256],[-1.9871030956934268,52.45521058521042],[-1.9802181260401255,52.45648323811457],[-1.9791031489271578,52.460965796743416],[-1.984874003760521,52.46417594965804]]]}},{"type":"Feature","properties":{"h3_index":"88195c3b2bfffff","resolution":8,"footfall_idx":62,"avg_spend":26,"weekly_revenue":1396890,"store_count":7,"opportunity_score":37},"geometry":{"type":"Polygon","coordinates":[[[-1.9802181260401255,52.45648323811457],[-1.9871030956934268,52.45521058521042],[-1.9882173891406918,52.45072753390806],[-1.98244757508649,52.44751738274277],[-1.9755636940062433,52.448790044917786],[-1.9744485385199417,52.45327284896813],[-1.9802181260401255,52.45648323811457]]]}},{"type":"Feature","properties":{"h3_index":"88195c3b3dfffff","resolution":8,"footfall_idx":66,"avg_spend":30,"weekly_revenue":2046022,"store_count":7,"opportunity_score":49},"geometry":{"type":"Polygon","coordinates":[[[-1.9755636940062433,52.448790044917786],[-1.98244757508649,52.44751738274277],[-1.9835620470945288,52.44303408607935],[-1.9777934998075102,52.439823698905094],[-1.9709107070470884,52.4410963704587],[-1.9697953733666613,52.4455794197889],[-1.9755636940062433,52.448790044917786]]]}},{"type":"Feature","properties":{"h3_index":"88195c3b31fffff","resolution":8,"footfall_idx":70,"avg_spend":34,"weekly_revenue":1904313,"store_count":7,"opportunity_score":30},"geometry":{"type":"Polygon","coordinates":[[[-1.9709107070470884,52.4410963704587],[-1.9777934998075102,52.439823698905094],[-1.9789081501970536,52.4353401570223],[-1.973140869244895,52.432129534088446],[-1.9662591645511225,52.433402215128346],[-1.9651436528556228,52.43788550959675],[-1.9709107070470884,52.4410963704587]]]}},{"type":"Feature","properties":{"h3_index":"88195c3b33fffff","resolution":8,"footfall_idx":73,"avg_spend":26,"weekly_revenue":1835211,"store_count":7,"opportunity_score":42},"geometry":{"type":"Polygon","coordinates":[[[-1.9662591645511225,52.433402215128346],[-1.973140869244895,52.432129534088446],[-1.9742556978368364,52.42764574712805],[-1.9684896827874052,52.42443488868402],[-1.9616090659070817,52.42570757931784],[-1.9604933763754755,52.430191118782695],[-1.9662591645511225,52.433402215128346]]]}},{"type":"Feature","properties":{"h3_index":"88195c386dfffff","resolution":8,"footfall_idx":81,"avg_spend":30,"weekly_revenue":2754904,"store_count":8,"opportunity_score":49},"geometry":{"type":"Polygon","coordinates":[[[-1.953612303613168,52.43146307907512],[-1.9604933763754755,52.430191118782695],[-1.9616090659070817,52.42570757931784],[-1.9558445433151397,52.422496247737854],[-1.948964558413274,52.42376821781883],[-1.947848008355656,52.42825150967223],[-1.953612303613168,52.43146307907512]]]}},{"type":"Feature","properties":{"h3_index":"88195c3869fffff","resolution":8,"footfall_idx":88,"avg_spend":34,"weekly_revenue":2694274,"store_count":8,"opportunity_score":32},"geometry":{"type":"Polygon","coordinates":[[[-1.9409675680799379,52.42952274945575],[-1.947848008355656,52.42825150967223],[-1.948964558413274,52.42376821781883],[-1.943201528420187,52.42055641345736],[-1.9363221760514864,52.421827663224136],[-1.9352047658816092,52.42631070735014],[-1.9409675680799379,52.42952274945575]]]}},{"type":"Feature","properties":{"h3_index":"88195c3845fffff","resolution":8,"footfall_idx":92,"avg_spend":25,"weekly_revenue":2454743,"store_count":8,"opportunity_score":40},"geometry":{"type":"Polygon","coordinates":[[[-1.9283249586470925,52.4275812268635],[-1.9352047658816092,52.42631070735014],[-1.9363221760514864,52.421827663224136],[-1.9305606387980356,52.41861538643567],[-1.9236819195167314,52.41988591612687],[-1.9225636496484448,52.42436871240972],[-1.9283249586470925,52.4275812268635]]]}},{"type":"Feature","properties":{"h3_index":"88195c3841fffff","resolution":8,"footfall_idx":89,"avg_spend":29,"weekly_revenue":2152726,"store_count":8,"opportunity_score":28},"geometry":{"type":"Polygon","coordinates":[[[-1.9156844760092493,52.42563851189171],[-1.9225636496484448,52.42436871240972],[-1.9236819195167314,52.41988591612687],[-1.9179218751431757,52.41667316726588],[-1.9110437895029955,52.417942977120305],[-1.9099246603501985,52.42242552544432],[-1.9156844760092493,52.42563851189171]]]}},{"type":"Feature","properties":{"h3_index":"88195c384bfffff","resolution":8,"footfall_idx":83,"avg_spend":33,"weekly_revenue":2741338,"store_count":7,"opportunity_score":42},"geometry":{"type":"Polygon","coordinates":[[[-1.9030461208599698,52.42369460513382],[-1.9099246603501985,52.42242552544432],[-1.9110437895029955,52.417942977120305],[-1.9052852381489556,52.414729756541284],[-1.898407786703176,52.415998846797805],[-1.8972877986798462,52.42048114704737],[-1.9030461208599698,52.42369460513382]]]}},{"type":"Feature","properties":{"h3_index":"88195c3a37fffff","resolution":8,"footfall_idx":78,"avg_spend":28,"weekly_revenue":2550127,"store_count":7,"opportunity_score":29},"geometry":{"type":"Polygon","coordinates":[[[-1.8904098938917366,52.42174950718337],[-1.8972877986798462,52.42048114704737],[-1.898407786703176,52.415998846797805],[-1.89265072850774,52.41278515485524],[-1.8857739118091104,52.4140535257528],[-1.8846530653292983,52.41853557781243],[-1.8904098938917366,52.42174950718337]]]}},{"type":"Feature","properties":{"h3_index":"88195c3a33fffff","resolution":8,"footfall_idx":41,"avg_spend":32,"weekly_revenue":1225969,"store_count":4,"opportunity_score":58},"geometry":{"type":"Polygon","coordinates":[[[-1.8777757957959578,52.41980321863401],[-1.8846530653292983,52.41853557781243],[-1.8857739118091104,52.4140535257528],[-1.8800183469107885,52.410839362801205],[-1.8731421655115699,52.41210701457888],[-1.8720204609894355,52.416588818333146],[-1.8777757957959578,52.41980321863401]]]}},{"type":"Feature","properties":{"h3_index":"88195c3aedfffff","resolution":8,"footfall_idx":39,"avg_spend":37,"weekly_revenue":1589053,"store_count":4,"opportunity_score":75},"geometry":{"type":"Polygon","coordinates":[[[-1.8651438272630148,52.417855740079474],[-1.8720204609894355,52.416588818333146],[-1.8731421655115699,52.41210701457888],[-1.867388094048306,52.408892380972766],[-1.8605125485002838,52.41015931386967],[-1.8593899863500492,52.414640869203225],[-1.8651438272630148,52.417855740079474]]]}},{"type":"Feature","properties":{"h3_index":"88195c3ae9fffff","resolution":8,"footfall_idx":36,"avg_spend":27,"weekly_revenue":843698,"store_count":4,"opportunity_score":55},"geometry":{"type":"Polygon","coordinates":[[[-1.8525139889822124,52.4159070721136],[-1.8593899863500492,52.414640869203225],[-1.8605125485002838,52.41015931386967],[-1.8547599706094593,52.406944209963534],[-1.8478850614638995,52.40821042421893],[-1.846761642099845,52.412691731016565],[-1.8525139889822124,52.4159070721136]]]}},{"type":"Feature","properties":{"h3_index":"88195c3ac5fffff","resolution":8,"footfall_idx":39,"avg_spend":23,"weekly_revenue":928206,"store_count":4,"opportunity_score":70},"geometry":{"type":"Polygon","coordinates":[[[-1.8398862816418042,52.4139572153303],[-1.846761642099845,52.412691731016565],[-1.8478850614638995,52.40821042421893],[-1.8421339772823186,52.404994850367274],[-1.835259705090056,52.40626034622048],[-1.8341354289265503,52.41074140436705],[-1.8398862816418042,52.4139572153303]]]}},{"type":"Feature","properties":{"h3_index":"88195c3acdfffff","resolution":8,"footfall_idx":40,"avg_spend":27,"weekly_revenue":865702,"store_count":4,"opportunity_score":48},"geometry":{"type":"Polygon","coordinates":[[[-1.8318863680972144,52.41970278361979],[-1.8387621796585831,52.418438029289945],[-1.8398862816418042,52.4139572153303],[-1.8341354289265503,52.41074140436705],[-1.827260705928949,52.4120061703236],[-1.8261357471958617,52.416486735597886],[-1.8318863680972144,52.41970278361979]]]}},{"type":"Feature","properties":{"h3_index":"88195c3127fffff","resolution":8,"footfall_idx":39,"avg_spend":30,"weekly_revenue":1132985,"store_count":4,"opportunity_score":65},"geometry":{"type":"Polygon","coordinates":[[[-1.8238853209010792,52.425447128950104],[-1.8307615833564475,52.424183104646346],[-1.8318863680972144,52.41970278361979],[-1.8261357471958617,52.416486735597886],[-1.8192605736022656,52.41775077161564],[-1.8181349321613287,52.42223084392253],[-1.8238853209010792,52.425447128950104]]]}},{"type":"Feature","properties":{"h3_index":"88195c3121fffff","resolution":8,"footfall_idx":38,"avg_spend":23,"weekly_revenue":992121,"store_count":3,"opportunity_score":44},"geometry":{"type":"Polygon","coordinates":[[[-1.8158831401245183,52.4311902511842],[-1.822759853264415,52.429926956948506],[-1.8238853209010792,52.425447128950104],[-1.8181349321613287,52.42223084392253],[-1.8112593081811588,52.42349414995945],[-1.8101329838941735,52.42797372920394],[-1.8158831401245183,52.4311902511842]]]}},{"type":"Feature","properties":{"h3_index":"88195c3129fffff","resolution":8,"footfall_idx":37,"avg_spend":26,"weekly_revenue":867663,"store_count":3,"opportunity_score":61},"geometry":{"type":"Polygon","coordinates":[[[-1.807879825838875,52.43693215018513],[-1.814756989453635,52.435669586059454],[-1.8158831401245183,52.4311902511842],[-1.8101329838941735,52.42797372920394],[-1.8032569097370599,52.42923630521809],[-1.8021299024658408,52.433715391305235],[-1.807879825838875,52.43693215018513]]]}},{"type":"Feature","properties":{"h3_index":"88195c3163fffff","resolution":8,"footfall_idx":34,"avg_spend":29,"weekly_revenue":1053762,"store_count":3,"opportunity_score":40},"geometry":{"type":"Polygon","coordinates":[[[-1.7998753781156678,52.44267282581613],[-1.806752991995498,52.441410991842346],[-1.807879825838875,52.43693215018513],[-1.8021299024658408,52.433715391305235],[-1.795253378341554,52.43497723725474],[-1.794125687947992,52.43945583008968],[-1.7998753781156678,52.44267282581613]]]}},{"type":"Feature","properties":{"h3_index":"88195c316bfffff","resolution":8,"footfall_idx":32,"avg_spend":22,"weekly_revenue":588200,"store_count":3,"opportunity_score":58},"geometry":{"type":"Polygon","coordinates":[[[-1.7918697970266046,52.448412277940655],[-1.798747860961557,52.44715117416048],[-1.7998753781156678,52.44267282581613],[-1.794125687947992,52.43945583008968],[-1.787248714066423,52.44071694593283],[-1.7861203404124377,52.445195045420725],[-1.7918697970266046,52.448412277940655]]]}},{"type":"Feature","properties":{"h3_index":"88195c3145fffff","resolution":8,"footfall_idx":28,"avg_spend":26,"weekly_revenue":729673,"store_count":2,"opportunity_score":78},"geometry":{"type":"Polygon","coordinates":[[[-1.7838630826435953,52.454150506422295],[-1.790741596423578,52.45289013287738],[-1.7918697970266046,52.448412277940655],[-1.7861203404124377,52.445195045420725],[-1.7792429169836619,52.44645543111589],[-1.7781138599312076,52.450933037162],[-1.7838630826435953,52.454150506422295]]]}},{"type":"Feature","properties":{"h3_index":"88195c314dfffff","resolution":8,"footfall_idx":25,"avg_spend":29,"weekly_revenue":847587,"store_count":2,"opportunity_score":56},"geometry":{"type":"Polygon","coordinates":[[[-1.7758552350388028,52.45988751112476],[-1.7827341984535243,52.45862786785665],[-1.7838630826435953,52.454150506422295],[-1.7781138599312076,52.450933037162],[-1.7712359871654726,52.45219269266762],[-1.7701062465765383,52.4566698051773],[-1.7758552350388028,52.45988751112476]]]}},{"type":"Feature","properties":{"h3_index":"88195c3327fffff","resolution":8,"footfall_idx":21,"avg_spend":22,"weekly_revenue":432373,"store_count":1,"opportunity_score":76},"geometry":{"type":"Polygon","coordinates":[[[-1.7678462542844773,52.46562329191205],[-1.7747256671235467,52.464364378962145],[-1.7758552350388028,52.45988751112476],[-1.7701062465765383,52.4566698051773],[-1.7632279246842093,52.45792873045193],[-1.7620975004208643,52.46240534933057],[-1.7678462542844773,52.46562329191205]]]}},{"type":"Feature","properties":{"h3_index":"88195c3321fffff","resolution":8,"footfall_idx":16,"avg_spend":32,"weekly_revenue":564561,"store_count":6,"opportunity_score":53},"geometry":{"type":"Polygon","coordinates":[[[-1.7598361404531697,52.47135784864819],[-1.7667160025060091,52.47009966605785],[-1.7678462542844773,52.46562329191205],[-1.7620975004208643,52.46240534933057],[-1.7552187296124715,52.46366354433289],[-1.7540876215367847,52.46813966948595],[-1.7598361404531697,52.47135784864819]]]}},{"type":"Feature","properties":{"h3_index":"88195c332dfffff","resolution":8,"footfall_idx":20,"avg_spend":36,"weekly_revenue":626001,"store_count":6,"opportunity_score":71},"geometry":{"type":"Polygon","coordinates":[[[-1.7644549874957987,52.47905167570838],[-1.7713359410498002,52.477793505422675],[-1.7724660201667461,52.47331737615068],[-1.7667160025060091,52.47009966605785],[-1.7598361404531697,52.47135784864819],[-1.7587052046734573,52.47583372900797],[-1.7644549874957987,52.47905167570838]]]}},{"type":"Feature","properties":{"h3_index":"88195c04dbfffff","resolution":8,"footfall_idx":23,"avg_spend":28,"weekly_revenue":667334,"store_count":6,"opportunity_score":45},"geometry":{"type":"Polygon","coordinates":[[[-1.7690752713504967,52.48674502512414],[-1.775957316662414,52.48548686703558],[-1.7770872229409955,52.481010982778436],[-1.7713359410498002,52.477793505422675],[-1.7644549874957987,52.47905167570838],[-1.7633242241886704,52.48352731113392],[-1.7690752713504967,52.48674502512414]]]}},{"type":"Feature","properties":{"h3_index":"88195c04d9fffff","resolution":8,"footfall_idx":27,"avg_spend":32,"weekly_revenue":693809,"store_count":6,"opportunity_score":62},"geometry":{"type":"Polygon","coordinates":[[[-1.7736969926276855,52.494437896506156],[-1.780580129954294,52.49317975050729],[-1.78170986321759,52.48870411140591],[-1.775957316662414,52.48548686703558],[-1.7690752713504967,52.48674502512414],[-1.7679446806926995,52.4912204154745],[-1.7736969926276855,52.494437896506156]]]}},{"type":"Feature","properties":{"h3_index":"88195c06b7fffff","resolution":8,"footfall_idx":30,"avg_spend":36,"weekly_revenue":1047392,"store_count":6,"opportunity_score":79},"geometry":{"type":"Polygon","coordinates":[[[-1.7783201519380794,52.50213028946519],[-1.7852043815361962,52.500872155448455],[-1.7863339416071675,52.49639676164371],[-1.780580129954294,52.49317975050729],[-1.7736969926276855,52.494437896506156],[-1.772566574796106,52.4989130416405],[-1.7783201519380794,52.50213028946519]]]}},{"type":"Feature","properties":{"h3_index":"88195c06b5fffff","resolution":8,"footfall_idx":33,"avg_spend":27,"weekly_revenue":1012706,"store_count":6,"opportunity_score":54},"geometry":{"type":"Polygon","coordinates":[[[-1.782944749892736,52.50982220361199],[-1.7898300720192324,52.508564081469785],[-1.790959458720665,52.50408893310252],[-1.7852043815361962,52.500872155448455],[-1.7783201519380794,52.50213028946519],[-1.7771899071097434,52.50660518924264],[-1.782944749892736,52.50982220361199]]]}},{"type":"Feature","properties":{"h3_index":"88195c06a3fffff","resolution":8,"footfall_idx":37,"avg_spend":31,"weekly_revenue":1036178,"store_count":7,"opportunity_score":70},"geometry":{"type":"Polygon","coordinates":[[[-1.7875707871029671,52.51751363855741],[-1.794457202014759,52.51625552818202],[-1.7955864151693144,52.51178062539307],[-1.7898300720192324,52.508564081469785],[-1.782944749892736,52.50982220361199],[-1.7818146782447726,52.5142968578918],[-1.7875707871029671,52.51751363855741]]]}},{"type":"Feature","properties":{"h3_index":"88195c06a1fffff","resolution":8,"footfall_idx":40,"avg_spend":35,"weekly_revenue":1498236,"store_count":7,"opportunity_score":46},"geometry":{"type":"Polygon","coordinates":[[[-1.7921982641804644,52.525204593912264],[-1.7990857721344444,52.523946495196014],[-1.8002148115646732,52.51947183812608],[-1.794457202014759,52.51625552818202],[-1.7875707871029671,52.51751363855741],[-1.7864408888126795,52.52198804719883],[-1.7921982641804644,52.525204593912264]]]}},{"type":"Feature","properties":{"h3_index":"88195c06adfffff","resolution":8,"footfall_idx":42,"avg_spend":26,"weekly_revenue":913955,"store_count":7,"opportunity_score":62},"geometry":{"type":"Polygon","coordinates":[[[-1.7968271817371242,52.532895069287456],[-1.8037157829902943,52.531636982122535],[-1.8048446485185974,52.52716257091233],[-1.7990857721344444,52.523946495196014],[-1.7921982641804644,52.525204593912264],[-1.7910685394252155,52.529678756774636],[-1.7968271817371242,52.532895069287456]]]}},{"type":"Feature","properties":{"h3_index":"88195c045bfffff","resolution":8,"footfall_idx":45,"avg_spend":30,"weekly_revenue":1355052,"store_count":7,"opportunity_score":40},"geometry":{"type":"Polygon","coordinates":[[[-1.8014575403852384,52.54058506429388],[-1.808347235194613,52.53932698857245],[-1.8094759266432294,52.53485282336262],[-1.8037157829902943,52.531636982122535],[-1.7968271817371242,52.532895069287456],[-1.7956976306945134,52.53736898623011],[-1.8014575403852384,52.54058506429388]]]}},{"type":"Feature","properties":{"h3_index":"88195c0459fffff","resolution":8,"footfall_idx":47,"avg_spend":34,"weekly_revenue":1870506,"store_count":7,"opportunity_score":55},"geometry":{"type":"Polygon","coordinates":[[[-1.8060893407373377,52.54827457854254],[-1.8129801293599725,52.54701651415667],[-1.8141086465510803,52.54254259508784],[-1.808347235194613,52.53932698857245],[-1.8014575403852384,52.54058506429388],[-1.8003281632329253,52.54505873517626],[-1.8060893407373377,52.54827457854254]]]}},{"type":"Feature","properties":{"h3_index":"88195c0637fffff","resolution":8,"footfall_idx":48,"avg_spend":26,"weekly_revenue":1169771,"store_count":7,"opportunity_score":70},"geometry":{"type":"Polygon","coordinates":[[[-1.8107225834063467,52.555963611644366],[-1.817614466099329,52.55470555848611],[-1.8187428088548934,52.55023188569882],[-1.8129801293599725,52.54701651415667],[-1.8060893407373377,52.54827457854254],[-1.804960137653166,52.55274800322407],[-1.8107225834063467,52.555963611644366]]]}},{"type":"Feature","properties":{"h3_index":"88195c044bfffff","resolution":8,"footfall_idx":52,"avg_spend":30,"weekly_revenue":1722402,"store_count":7,"opportunity_score":48},"geometry":{"type":"Polygon","coordinates":[[[-1.8233784141677496,52.55792069480654],[-1.8302709383865972,52.556661921362526],[-1.831398420395728,52.55218800058449],[-1.825634239046328,52.54897310122228],[-1.8187428088548934,52.55023188569882],[-1.817614466099329,52.55470555848611],[-1.8233784141677496,52.55792069480654]]]}},{"type":"Feature","properties":{"h3_index":"88195c0441fffff","resolution":8,"footfall_idx":55,"avg_spend":34,"weekly_revenue":1628565,"store_count":7,"opportunity_score":61},"geometry":{"type":"Polygon","coordinates":[[[-1.8360363886340056,52.55987658522716],[-1.8429295538243324,52.55861709125658],[-1.8440561746693214,52.5541429226029],[-1.8382904916019929,52.55092849577648],[-1.831398420395728,52.55218800058449],[-1.8302709383865972,52.556661921362526],[-1.8360363886340056,52.55987658522716]]]}},{"type":"Feature","properties":{"h3_index":"88195c0445fffff","resolution":8,"footfall_idx":55,"avg_spend":38,"weekly_revenue":2168746,"store_count":7,"opportunity_score":42},"geometry":{"type":"Polygon","coordinates":[[[-1.8486965061139211,52.56183128230952],[-1.8555903117208756,52.56057106757165],[-1.8567160709840236,52.55609665115754],[-1.8509488863358992,52.55288269722275],[-1.8440561746693214,52.5541429226029],[-1.8429295538243324,52.55861709125658],[-1.8486965061139211,52.56183128230952]]]}},{"type":"Feature","properties":{"h3_index":"88195c0469fffff","resolution":8,"footfall_idx":52,"avg_spend":29,"weekly_revenue":1213133,"store_count":6,"opportunity_score":59},"geometry":{"type":"Polygon","coordinates":[[[-1.8613587659152404,52.563784785456974],[-1.8682532113834127,52.56252384971122],[-1.8693781086471728,52.558049185651974],[-1.863609422555958,52.554835704964624],[-1.8567160709840236,52.55609665115754],[-1.8555903117208756,52.56057106757165],[-1.8613587659152404,52.563784785456974]]]}},{"type":"Feature","properties":{"h3_index":"88195c046dfffff","resolution":8,"footfall_idx":48,"avg_spend":33,"weekly_revenue":1538463,"store_count":6,"opportunity_score":40},"geometry":{"type":"Polygon","coordinates":[[[-1.874023167344572,52.56573709407308],[-1.8809182521181407,52.56447543707887],[-1.8820422869649953,52.560000525489855],[-1.8762720995689774,52.556787518405784],[-1.8693781086471728,52.558049185651974],[-1.8682532113834127,52.56252384971122],[-1.874023167344572,52.56573709407308]]]}},{"type":"Feature","properties":{"h3_index":"88195c0733fffff","resolution":8,"footfall_idx":43,"avg_spend":37,"weekly_revenue":1810620,"store_count":6,"opportunity_score":58},"geometry":{"type":"Polygon","coordinates":[[[-1.886689709707537,52.56768820756137],[-1.8935854332301336,52.56642582907826],[-1.8947086052426636,52.561950670074964],[-1.8889369166807028,52.55873813695],[-1.8820422869649953,52.560000525489855],[-1.8809182521181407,52.56447543707887],[-1.886689709707537,52.56768820756137]]]}},{"type":"Feature","properties":{"h3_index":"88195c0737fffff","resolution":8,"footfall_idx":38,"avg_spend":29,"weekly_revenue":997118,"store_count":5,"opportunity_score":39},"geometry":{"type":"Polygon","coordinates":[[[-1.8993583923086714,52.56963812532553],[-1.9062547540234005,52.5683750251132],[-1.9073770627842503,52.563899618811156],[-1.9016038731957914,52.560687560001114],[-1.8947086052426636,52.561950670074964],[-1.8935854332301336,52.56642582907826],[-1.8993583923086714,52.56963812532553]]]}},{"type":"Feature","properties":{"h3_index":"88195c054bfffff","resolution":8,"footfall_idx":44,"avg_spend":29,"weekly_revenue":1367378,"store_count":5,"opportunity_score":53},"geometry":{"type":"Polygon","coordinates":[[[-1.912029214451374,52.57158684676933],[-1.9189262138009004,52.57032302458753],[-1.9200476588928101,52.56584737110242],[-1.9142729684178579,52.562635786963085],[-1.9073770627842503,52.563899618811156],[-1.9062547540234005,52.5683750251132],[-1.912029214451374,52.57158684676933]]]}},{"type":"Feature","properties":{"h3_index":"88195c0541fffff","resolution":8,"footfall_idx":44,"avg_spend":32,"weekly_revenue":1180467,"store_count":5,"opportunity_score":69},"geometry":{"type":"Polygon","coordinates":[[[-1.924702175438028,52.57353437129666],[-1.9315998118645081,52.57226982690522],[-1.9327203928702872,52.56779392635276],[-1.926944201649419,52.56458281723998],[-1.9200476588928101,52.56584737110242],[-1.9189262138009004,52.57032302458753],[-1.924702175438028,52.57353437129666]]]}},{"type":"Feature","properties":{"h3_index":"88195c0545fffff","resolution":8,"footfall_idx":42,"avg_spend":24,"weekly_revenue":1013228,"store_count":5,"opportunity_score":49},"geometry":{"type":"Polygon","coordinates":[[[-1.9373772745699296,52.575480698311495],[-1.9442755475150006,52.57421543147035],[-1.945395264017561,52.56973928396638],[-1.9396175721919298,52.56652865023594],[-1.9327203928702872,52.56779392635276],[-1.9315998118645081,52.57226982690522],[-1.9373772745699296,52.575480698311495]]]}},{"type":"Feature","properties":{"h3_index":"88195c056bfffff","resolution":8,"footfall_idx":44,"avg_spend":28,"weekly_revenue":1443872,"store_count":5,"opportunity_score":64},"geometry":{"type":"Polygon","coordinates":[[[-1.945395264017561,52.56973928396638],[-1.952293079345776,52.56847328535522],[-1.953412109413535,52.56399664384395],[-1.9476341888181117,52.56078624784139],[-1.9407374668111375,52.56205225564136],[-1.9396175721919298,52.56652865023594],[-1.945395264017561,52.56973928396638]]]}},{"type":"Feature","properties":{"h3_index":"88195c0563fffff","resolution":8,"footfall_idx":46,"avg_spend":32,"weekly_revenue":1381856,"store_count":5,"opportunity_score":43},"geometry":{"type":"Polygon","coordinates":[[[-1.953412109413535,52.56399664384395],[-1.9603094669152195,52.562729913505095],[-1.9614278106888974,52.558252778080934],[-1.9556496616739594,52.555042619858334],[-1.9487533971913187,52.556309359299085],[-1.9476341888181117,52.56078624784139],[-1.953412109413535,52.56399664384395]]]}},{"type":"Feature","properties":{"h3_index":"88195c0529fffff","resolution":8,"footfall_idx":46,"avg_spend":24,"weekly_revenue":1220525,"store_count":5,"opportunity_score":58},"geometry":{"type":"Polygon","coordinates":[[[-1.9614278106888974,52.558252778080934],[-1.9683247101544747,52.55698531605688],[-1.9694423677748238,52.55250768681436],[-1.9636639906905218,52.54929776642374],[-1.9567681839417497,52.55056523746282],[-1.9556496616739594,52.555042619858334],[-1.9614278106888974,52.558252778080934]]]}},{"type":"Feature","properties":{"h3_index":"88195c0521fffff","resolution":8,"footfall_idx":46,"avg_spend":27,"weekly_revenue":1083440,"store_count":5,"opportunity_score":38},"geometry":{"type":"Polygon","coordinates":[[[-1.9694423677748238,52.55250768681436],[-1.9763388089949276,52.55123949314764],[-1.977455780602748,52.54676137018135],[-1.9716771757991212,52.54355168767472],[-1.964781826993552,52.54481989026955],[-1.9636639906905218,52.54929776642374],[-1.9694423677748238,52.55250768681436]]]}},{"type":"Feature","properties":{"h3_index":"88195c0527fffff","resolution":8,"footfall_idx":45,"avg_spend":31,"weekly_revenue":1449575,"store_count":5,"opportunity_score":54},"geometry":{"type":"Polygon","coordinates":[[[-1.977455780602748,52.54676137018135],[-1.984351763368133,52.545492444914615],[-1.985468049104253,52.5410138283192],[-1.9796892169312004,52.537804383748515],[-1.9727943262780703,52.539073317856456],[-1.9716771757991212,52.54355168767472],[-1.977455780602748,52.54676137018135]]]}},{"type":"Feature","properties":{"h3_index":"88195c0ecdfffff","resolution":8,"footfall_idx":43,"avg_spend":23,"weekly_revenue":797044,"store_count":4,"opportunity_score":71},"geometry":{"type":"Polygon","coordinates":[[[-1.985468049104253,52.5410138283192],[-1.9923635732058265,52.539744171495244],[-1.9934791732111319,52.53526506136543],[-1.9877001140185113,52.53205585478259],[-1.980805681726843,52.5333255203609],[-1.9796892169312004,52.537804383748515],[-1.985468049104253,52.5410138283192]]]}},{"type":"Feature","properties":{"h3_index":"88195c0ec5fffff","resolution":8,"footfall_idx":40,"avg_spend":27,"weekly_revenue":1050512,"store_count":4,"opportunity_score":51},"geometry":{"type":"Polygon","coordinates":[[[-1.9934791732111319,52.53526506136543],[-2.0003742384399916,52.53399467302708],[-2.0014891528554157,52.52951506945764],[-1.9957098669928945,52.52630610091458],[-1.9888158932715836,52.52757649792035],[-1.9877001140185113,52.53205585478259],[-1.9934791732111319,52.53526506136543]]]}},{"type":"Feature","properties":{"h3_index":"88195c0eebfffff","resolution":8,"footfall_idx":37,"avg_spend":31,"weekly_revenue":1306987,"store_count":4,"opportunity_score":70},"geometry":{"type":"Polygon","coordinates":[[[-2.0014891528554157,52.52951506945764],[-2.008383759002771,52.52824394964787],[-2.009497987969271,52.52376385273369],[-2.003718475786414,52.52055512228226],[-1.9968249608442066,52.52182625067256],[-1.9957098669928945,52.52630610091458],[-2.0014891528554157,52.52951506945764]]]}},{"type":"Feature","properties":{"h3_index":"88195c0ee3fffff","resolution":8,"footfall_idx":33,"avg_spend":23,"weekly_revenue":687859,"store_count":3,"opportunity_score":49},"geometry":{"type":"Polygon","coordinates":[[[-2.009497987969271,52.52376385273369],[-2.016392134826541,52.52249200149554],[-2.017505678485106,52.518011411331535],[-2.0117259403314054,52.51480291902356],[-2.004832884376851,52.51607477875535],[-2.003718475786414,52.52055512228226],[-2.009497987969271,52.52376385273369]]]}},{"type":"Feature","properties":{"h3_index":"88195c0ea9fffff","resolution":8,"footfall_idx":29,"avg_spend":26,"weekly_revenue":809085,"store_count":3,"opportunity_score":68},"geometry":{"type":"Polygon","coordinates":[[[-2.017505678485106,52.518011411331535],[-2.0243993658438435,52.51673882870819],[-2.0255122243355164,52.51225774538934],[-2.0197322605602834,52.50904949127666],[-2.012839663801822,52.510322082306736],[-2.0117259403314054,52.51480291902356],[-2.017505678485106,52.518011411331535]]]}},{"type":"Feature","properties":{"h3_index":"88195c0ea1fffff","resolution":8,"footfall_idx":25,"avg_spend":30,"weekly_revenue":629883,"store_count":2,"opportunity_score":46},"geometry":{"type":"Polygon","coordinates":[[[-2.0255122243355164,52.51225774538934],[-2.032405451987421,52.51098443142405],[-2.0335176254533,52.50650285504545],[-2.027737436405794,52.5032948391798],[-2.0208452990516634,52.50456816146494],[-2.0197322605602834,52.50904949127666],[-2.0255122243355164,52.51225774538934]]]}},{"type":"Feature","properties":{"h3_index":"88195c0ea3fffff","resolution":8,"footfall_idx":28,"avg_spend":34,"weekly_revenue":958313,"store_count":3,"opportunity_score":64},"geometry":{"type":"Polygon","coordinates":[[[-2.0208452990516634,52.50456816146494],[-2.027737436405794,52.5032948391798],[-2.0288497900590587,52.49881301636831],[-2.0230708711286165,52.495604762471],[-2.0161798238189,52.49687809318422],[-2.015066605508217,52.501359669347465],[-2.0208452990516634,52.50456816146494]]]}},{"type":"Feature","properties":{"h3_index":"88195c0eb5fffff","resolution":8,"footfall_idx":30,"avg_spend":26,"weekly_revenue":915266,"store_count":3,"opportunity_score":80},"geometry":{"type":"Polygon","coordinates":[[[-2.0161798238189,52.49687809318422],[-2.0230708711286165,52.495604762471],[-2.024183404788866,52.49112269336802],[-2.0184057555419623,52.487914201688604],[-2.0115157980234115,52.489187540938026],[-2.0104024000735907,52.49366936331146],[-2.0161798238189,52.49687809318422]]]}},{"type":"Feature","properties":{"h3_index":"88195c0eb7fffff","resolution":8,"footfall_idx":32,"avg_spend":29,"weekly_revenue":872511,"store_count":3,"opportunity_score":56},"geometry":{"type":"Polygon","coordinates":[[[-2.0115157980234115,52.489187540938026],[-2.0184057555419623,52.487914201688604],[-2.0195184690289794,52.483431886435554],[-2.0137420890322737,52.480223157223556],[-2.0068532210516112,52.48149650511725],[-2.005739643642714,52.48597857355948],[-2.0115157980234115,52.489187540938026]]]}},{"type":"Feature","properties":{"h3_index":"88195c0cd9fffff","resolution":8,"footfall_idx":34,"avg_spend":33,"weekly_revenue":1242045,"store_count":3,"opportunity_score":73},"geometry":{"type":"Polygon","coordinates":[[[-2.0068532210516112,52.48149650511725],[-2.0137420890322737,52.480223157223556],[-2.0148549821659314,52.4757405959619],[-2.009079870986232,52.47253162946687],[-2.0021920922902474,52.47380498611289],[-2.001078335602194,52.47828730048245],[-2.0068532210516112,52.48149650511725]]]}},{"type":"Feature","properties":{"h3_index":"88195c0cdbfffff","resolution":8,"footfall_idx":35,"avg_spend":27,"weekly_revenue":825722,"store_count":2,"opportunity_score":50},"geometry":{"type":"Polygon","coordinates":[[[-2.0021920922902474,52.47380498611289],[-2.009079870986232,52.47253162946687],[-2.0101929435865484,52.46804882233811],[-2.0044191007908414,52.464839618809584],[-1.997532411126353,52.46611298431589],[-1.9964184753389569,52.47059554447127],[-2.0021920922902474,52.47380498611289]]]}},{"type":"Feature","properties":{"h3_index":"88195c3b2dfffff","resolution":8,"footfall_idx":39,"avg_spend":31,"weekly_revenue":1258045,"store_count":3,"opportunity_score":65},"geometry":{"type":"Polygon","coordinates":[[[-1.997532411126353,52.46611298431589],[-2.0044191007908414,52.464839618809584],[-2.005532352677982,52.46035656595529],[-1.9997597778334226,52.457147125642784],[-1.992874176947281,52.458420500117256],[-1.9917600622401828,52.46290330591693],[-1.997532411126353,52.46611298431589]]]}},{"type":"Feature","properties":{"h3_index":"88195c3b21fffff","resolution":8,"footfall_idx":43,"avg_spend":35,"weekly_revenue":1215067,"store_count":8,"opportunity_score":42},"geometry":{"type":"Polygon","coordinates":[[[-1.992874176947281,52.458420500117256],[-1.9997597778334226,52.457147125642784],[-2.000873208827677,52.452663827204546],[-1.9951019015015923,52.44945415035754],[-1.9882173891406918,52.45072753390806],[-1.9871030956934268,52.45521058521042],[-1.992874176947281,52.458420500117256]]]}},{"type":"Feature","properties":{"h3_index":"88195c3b23fffff","resolution":8,"footfall_idx":47,"avg_spend":27,"weekly_revenue":1236184,"store_count":8,"opportunity_score":56},"geometry":{"type":"Polygon","coordinates":[[[-1.9882173891406918,52.45072753390806],[-1.9951019015015923,52.44945415035754],[-1.9962155114233917,52.44497060647702],[-1.9904454711832837,52.441760693345024],[-1.9835620470945288,52.44303408607935],[-1.98244757508649,52.44751738274277],[-1.9882173891406918,52.45072753390806]]]}},{"type":"Feature","properties":{"h3_index":"88195c3b35fffff","resolution":8,"footfall_idx":50,"avg_spend":30,"weekly_revenue":1711391,"store_count":8,"opportunity_score":35},"geometry":{"type":"Polygon","coordinates":[[[-1.9835620470945288,52.44303408607935],[-1.9904454711832837,52.441760693345024],[-1.9915592598531755,52.437276904163944],[-1.9857904862666889,52.43406675499642],[-1.9789081501970536,52.4353401570223],[-1.9777934998075102,52.439823698905094],[-1.9835620470945288,52.44303408607935]]]}},{"type":"Feature","properties":{"h3_index":"88195c3b37fffff","resolution":8,"footfall_idx":52,"avg_spend":34,"weekly_revenue":1604839,"store_count":8,"opportunity_score":50},"geometry":{"type":"Polygon","coordinates":[[[-1.9789081501970536,52.4353401570223],[-1.9857904862666889,52.43406675499642],[-1.9869044535053821,52.429582720656505],[-1.9811369461403814,52.42637233570292],[-1.9742556978368364,52.42764574712805],[-1.973140869244895,52.432129534088446],[-1.9789081501970536,52.4353401570223]]]}},{"type":"Feature","properties":{"h3_index":"88195c3959fffff","resolution":8,"footfall_idx":54,"avg_spend":26,"weekly_revenue":1508600,"store_count":8,"opportunity_score":63},"geometry":{"type":"Polygon","coordinates":[[[-1.9742556978368364,52.42764574712805],[-1.9811369461403814,52.42637233570292],[-1.98225109176868,52.42188805634599],[-1.9764848501931505,52.4186774358558],[-1.9696046894027432,52.419950856787764],[-1.9684896827874052,52.42443488868402],[-1.9742556978368364,52.42764574712805]]]}},{"type":"Feature","properties":{"h3_index":"88195c3865fffff","resolution":8,"footfall_idx":61,"avg_spend":30,"weekly_revenue":1539558,"store_count":8,"opportunity_score":41},"geometry":{"type":"Polygon","coordinates":[[[-1.9616090659070817,52.42570757931784],[-1.9684896827874052,52.42443488868402],[-1.9696046894027432,52.419950856787764],[-1.9638399398240534,52.41673976308297],[-1.9569604105040577,52.418012463418286],[-1.9558445433151397,52.422496247737854],[-1.9616090659070817,52.42570757931784]]]}},{"type":"Feature","properties":{"h3_index":"88195c3861fffff","resolution":8,"footfall_idx":67,"avg_spend":34,"weekly_revenue":2296396,"store_count":9,"opportunity_score":52},"geometry":{"type":"Polygon","coordinates":[[[-1.948964558413274,52.42376821781883],[-1.9558445433151397,52.422496247737854],[-1.9569604105040577,52.418012463418286],[-1.9511971530638663,52.4148008968533],[-1.944318255769149,52.4160728768304],[-1.943201528420187,52.42055641345736],[-1.948964558413274,52.42376821781883]]]}},{"type":"Feature","properties":{"h3_index":"88195c386bfffff","resolution":8,"footfall_idx":71,"avg_spend":25,"weekly_revenue":2085381,"store_count":9,"opportunity_score":34},"geometry":{"type":"Polygon","coordinates":[[[-1.9363221760514864,52.421827663224136],[-1.943201528420187,52.42055641345736],[-1.944318255769149,52.4160728768304],[-1.9385564906085457,52.41286083775966],[-1.9316782258934075,52.41413209761713],[-1.9305606387980356,52.41861538643567],[-1.9363221760514864,52.421827663224136]]]}},{"type":"Feature","properties":{"h3_index":"88195c3847fffff","resolution":8,"footfall_idx":71,"avg_spend":29,"weekly_revenue":1938857,"store_count":9,"opportunity_score":46},"geometry":{"type":"Polygon","coordinates":[[[-1.9236819195167314,52.41988591612687],[-1.9305606387980356,52.41861538643567],[-1.9316782258934075,52.41413209761713],[-1.9259179531529411,52.41091958639504],[-1.9190403215712406,52.41219012637154],[-1.9179218751431757,52.41667316726588],[-1.9236819195167314,52.41988591612687]]]}},{"type":"Feature","properties":{"h3_index":"88195c3843fffff","resolution":8,"footfall_idx":68,"avg_spend":33,"weekly_revenue":2487332,"store_count":8,"opportunity_score":31},"geometry":{"type":"Polygon","coordinates":[[[-1.9110437895029955,52.417942977120305],[-1.9179218751431757,52.41667316726588],[-1.9190403215712406,52.41219012637154],[-1.9132815413908804,52.40897714335249],[-1.906404543495958,52.41024696368676],[-1.9052852381489556,52.414729756541284],[-1.9110437895029955,52.417942977120305]]]}},{"type":"Feature","properties":{"h3_index":"88195c385dfffff","resolution":8,"footfall_idx":63,"avg_spend":25,"weekly_revenue":1378478,"store_count":8,"opportunity_score":46},"geometry":{"type":"Polygon","coordinates":[[[-1.898407786703176,52.415998846797805],[-1.9052852381489556,52.414729756541284],[-1.906404543495958,52.41024696368676],[-1.9006472560150698,52.40703350922526],[-1.8937708923598138,52.40830261015613],[-1.89265072850774,52.41278515485524],[-1.898407786703176,52.415998846797805]]]}},{"type":"Feature","properties":{"h3_index":"88195c3859fffff","resolution":8,"footfall_idx":60,"avg_spend":33,"weekly_revenue":2063182,"store_count":7,"opportunity_score":61},"geometry":{"type":"Polygon","coordinates":[[[-1.8857739118091104,52.4140535257528],[-1.89265072850774,52.41278515485524],[-1.8937708923598138,52.40830261015613],[-1.8880150977172288,52.40508868460654],[-1.8811393688540032,52.40635706637297],[-1.8800183469107885,52.410839362801205],[-1.8857739118091104,52.4140535257528]]]}},{"type":"Feature","properties":{"h3_index":"88195c3ae5fffff","resolution":8,"footfall_idx":58,"avg_spend":37,"weekly_revenue":1735680,"store_count":7,"opportunity_score":44},"geometry":{"type":"Polygon","coordinates":[[[-1.8731421655115699,52.41210701457888],[-1.8800183469107885,52.410839362801205],[-1.8811393688540032,52.40635706637297],[-1.8753850671879548,52.403142670089736],[-1.8685099736686301,52.40441033293076],[-1.867388094048306,52.408892380972766],[-1.8731421655115699,52.41210701457888]]]}},{"type":"Feature","properties":{"h3_index":"88195c3ae1fffff","resolution":8,"footfall_idx":54,"avg_spend":28,"weekly_revenue":1475084,"store_count":7,"opportunity_score":60},"geometry":{"type":"Polygon","coordinates":[[[-1.8605125485002838,52.41015931386967],[-1.867388094048306,52.408892380972766],[-1.8685099736686301,52.40441033293076],[-1.862757165116849,52.40119546626835],[-1.8558827074927937,52.40246241042308],[-1.8547599706094593,52.406944209963534],[-1.8605125485002838,52.41015931386967]]]}},{"type":"Feature","properties":{"h3_index":"88195c3aebfffff","resolution":8,"footfall_idx":49,"avg_spend":32,"weekly_revenue":1791239,"store_count":6,"opportunity_score":43},"geometry":{"type":"Polygon","coordinates":[[[-1.8478850614638995,52.40821042421893],[-1.8547599706094593,52.406944209963534],[-1.8558827074927937,52.40246241042308],[-1.8501313921923712,52.39924707373594],[-1.84325757101453,52.40051329944356],[-1.8421339772823186,52.404994850367274],[-1.8478850614638995,52.40821042421893]]]}},{"type":"Feature","properties":{"h3_index":"88195c3ac7fffff","resolution":8,"footfall_idx":53,"avg_spend":27,"weekly_revenue":1301007,"store_count":6,"opportunity_score":56},"geometry":{"type":"Polygon","coordinates":[[[-1.835259705090056,52.40626034622048],[-1.8421339772823186,52.404994850367274],[-1.84325757101453,52.40051329944356],[-1.8375077491019853,52.39729749308612],[-1.8306345649207505,52.39856300058599],[-1.829510114753936,52.40304430277784],[-1.835259705090056,52.40626034622048]]]}},{"type":"Feature","properties":{"h3_index":"88195c3ac1fffff","resolution":8,"footfall_idx":53,"avg_spend":30,"weekly_revenue":1710754,"store_count":6,"opportunity_score":37},"geometry":{"type":"Polygon","coordinates":[[[-1.827260705928949,52.4120061703236],[-1.8341354289265503,52.41074140436705],[-1.835259705090056,52.40626034622048],[-1.829510114753936,52.40304430277784],[-1.8226364800652217,52.404309080468295],[-1.82151134751672,52.40878988984871],[-1.827260705928949,52.4120061703236]]]}},{"type":"Feature","properties":{"h3_index":"88195c3ac9fffff","resolution":8,"footfall_idx":53,"avg_spend":23,"weekly_revenue":1027292,"store_count":6,"opportunity_score":52},"geometry":{"type":"Polygon","coordinates":[[[-1.8192605736022656,52.41775077161564],[-1.8261357471958617,52.416486735597886],[-1.827260705928949,52.4120061703236],[-1.82151134751672,52.40878988984871],[-1.8146372625297906,52.410053937687664],[-1.8135114474614573,52.414534254161524],[-1.8192605736022656,52.41775077161564]]]}},{"type":"Feature","properties":{"h3_index":"88195c3123fffff","resolution":8,"footfall_idx":51,"avg_spend":26,"weekly_revenue":1338624,"store_count":6,"opportunity_score":68},"geometry":{"type":"Polygon","coordinates":[[[-1.8112593081811588,52.42349414995945],[-1.8181349321613287,52.42223084392253],[-1.8192605736022656,52.41775077161564],[-1.8135114474614573,52.414534254161524],[-1.8066369123857366,52.41579757210688],[-1.805510414659479,52.42027739557915],[-1.8112593081811588,52.42349414995945]]]}},{"type":"Feature","properties":{"h3_index":"88195c312bfffff","resolution":8,"footfall_idx":49,"avg_spend":29,"weekly_revenue":1671532,"store_count":6,"opportunity_score":49},"geometry":{"type":"Polygon","coordinates":[[[-1.8032569097370599,52.42923630521809],[-1.8101329838941735,52.42797372920394],[-1.8112593081811588,52.42349414995945],[-1.805510414659479,52.42027739557915],[-1.798635429704511,52.421539983589],[-1.7975082491822478,52.426019313964666],[-1.8032569097370599,52.42923630521809]]]}},{"type":"Feature","properties":{"h3_index":"88195c3105fffff","resolution":8,"footfall_idx":46,"avg_spend":23,"weekly_revenue":997794,"store_count":5,"opportunity_score":66},"geometry":{"type":"Polygon","coordinates":[[[-1.795253378341554,52.43497723725474],[-1.8021299024658408,52.433715391305235],[-1.8032569097370599,52.42923630521809],[-1.7975082491822478,52.426019313964666],[-1.7906328145577846,52.42728117199717],[-1.7895049511015213,52.431760009181346],[-1.795253378341554,52.43497723725474]]]}},{"type":"Feature","properties":{"h3_index":"88195c310dfffff","resolution":8,"footfall_idx":42,"avg_spend":26,"weekly_revenue":1211990,"store_count":5,"opportunity_score":47},"geometry":{"type":"Polygon","coordinates":[[[-1.787248714066423,52.44071694593283],[-1.794125687947992,52.43945583008968],[-1.795253378341554,52.43497723725474],[-1.7895049511015213,52.431760009181346],[-1.7826290670174503,52.43302113719475],[-1.781500520489167,52.43749948109257],[-1.787248714066423,52.44071694593283]]]}},{"type":"Feature","properties":{"h3_index":"88195c3147fffff","resolution":8,"footfall_idx":38,"avg_spend":29,"weekly_revenue":966088,"store_count":5,"opportunity_score":66},"geometry":{"type":"Polygon","coordinates":[[[-1.7792429169836619,52.44645543111589],[-1.7861203404124377,52.445195045420725],[-1.787248714066423,52.44071694593283],[-1.781500520489167,52.43749948109257],[-1.7746241871555286,52.43875987904523],[-1.773494957417329,52.44323772956191],[-1.7792429169836619,52.44645543111589]]]}},{"type":"Feature","properties":{"h3_index":"88195c3141fffff","resolution":8,"footfall_idx":33,"avg_spend":22,"weekly_revenue":757549,"store_count":4,"opportunity_score":46},"geometry":{"type":"Polygon","coordinates":[[[-1.7712359871654726,52.45219269266762],[-1.7781138599312076,52.450933037162],[-1.7792429169836619,52.44645543111589],[-1.773494957417329,52.44323772956191],[-1.766618175044298,52.44449739741232],[-1.7654882619582828,52.448974754453154],[-1.7712359871654726,52.45219269266762]]]}},{"type":"Feature","properties":{"h3_index":"88195c3149fffff","resolution":8,"footfall_idx":28,"avg_spend":25,"weekly_revenue":567170,"store_count":4,"opportunity_score":65},"geometry":{"type":"Polygon","coordinates":[[[-1.7632279246842093,52.45792873045193],[-1.7701062465765383,52.4566698051773],[-1.7712359871654726,52.45219269266762],[-1.7654882619582828,52.448974754453154],[-1.7586110307562144,52.45023369215984],[-1.757480434184516,52.45471055563022],[-1.7632279246842093,52.45792873045193]]]}},{"type":"Feature","properties":{"h3_index":"88195c3323fffff","resolution":8,"footfall_idx":22,"avg_spend":28,"weekly_revenue":601850,"store_count":3,"opportunity_score":44},"geometry":{"type":"Polygon","coordinates":[[[-1.7552187296124715,52.46366354433289],[-1.7620975004208643,52.46240534933057],[-1.7632279246842093,52.45792873045193],[-1.757480434184516,52.45471055563022],[-1.750602754363909,52.45596876315186],[-1.74947147416873,52.460445132957176],[-1.7552187296124715,52.46366354433289]]]}},{"type":"Feature","properties":{"h3_index":"88195c332bfffff","resolution":8,"footfall_idx":18,"avg_spend":28,"weekly_revenue":576483,"store_count":3,"opportunity_score":64},"geometry":{"type":"Polygon","coordinates":[[[-1.7472084020230463,52.4693971341747],[-1.7540876215367847,52.46813966948595],[-1.7552187296124715,52.46366354433289],[-1.74947147416873,52.460445132957176],[-1.742593345940261,52.461702610252516],[-1.741461381983826,52.46617848629828],[-1.7472084020230463,52.4693971341747]]]}},{"type":"Feature","properties":{"h3_index":"88195c3329fffff","resolution":8,"footfall_idx":23,"avg_spend":32,"weekly_revenue":670204,"store_count":3,"opportunity_score":81},"geometry":{"type":"Polygon","coordinates":[[[-1.7518248936175658,52.47709118119749],[-1.7587052046734573,52.47583372900797],[-1.7598361404531697,52.47135784864819],[-1.7540876215367847,52.46813966948595],[-1.7472084020230463,52.4693971341747],[-1.74607660999714,52.47387276550773],[-1.7518248936175658,52.47709118119749]]]}},{"type":"Feature","properties":{"h3_index":"88195c3367fffff","resolution":8,"footfall_idx":27,"avg_spend":36,"weekly_revenue":1047224,"store_count":3,"opportunity_score":55},"geometry":{"type":"Polygon","coordinates":[[[-1.7564428213337548,52.48478475093158],[-1.7633242241886704,52.48352731113392],[-1.7644549874957987,52.47905167570838],[-1.7587052046734573,52.47583372900797],[-1.7518248936175658,52.47709118119749],[-1.7506932736986172,52.48156656767681],[-1.7564428213337548,52.48478475093158]]]}},{"type":"Feature","properties":{"h3_index":"88195c3365fffff","resolution":8,"footfall_idx":32,"avg_spend":27,"weekly_revenue":729369,"store_count":3,"opportunity_score":70},"geometry":{"type":"Polygon","coordinates":[[[-1.7610621857818056,52.49247784298777],[-1.7679446806926995,52.4912204154745],[-1.7690752713504967,52.48674502512414],[-1.7633242241886704,52.48352731113392],[-1.7564428213337548,52.48478475093158],[-1.755311373698335,52.48925989241631],[-1.7610621857818056,52.49247784298777]]]}},{"type":"Feature","properties":{"h3_index":"88195c06b3fffff","resolution":8,"footfall_idx":37,"avg_spend":31,"weekly_revenue":1159576,"store_count":3,"opportunity_score":46},"geometry":{"type":"Polygon","coordinates":[[[-1.7656829875722453,52.500170456976875],[-1.772566574796106,52.4989130416405],[-1.7736969926276855,52.494437896506156],[-1.7679446806926995,52.4912204154745],[-1.7610621857818056,52.49247784298777],[-1.7599309106066139,52.49695273933701],[-1.7656829875722453,52.500170456976875]]]}},{"type":"Feature","properties":{"h3_index":"88195c06b1fffff","resolution":8,"footfall_idx":41,"avg_spend":35,"weekly_revenue":1690074,"store_count":4,"opportunity_score":61},"geometry":{"type":"Polygon","coordinates":[[[-1.7703052273159114,52.507862592509696],[-1.7771899071097434,52.50660518924264],[-1.7783201519380794,52.50213028946519],[-1.772566574796106,52.4989130416405],[-1.7656829875722453,52.500170456976875],[-1.7645518850341202,52.50464510804982],[-1.7703052273159114,52.507862592509696]]]}},{"type":"Feature","properties":{"h3_index":"88195c06bdfffff","resolution":8,"footfall_idx":46,"avg_spend":26,"weekly_revenue":1129668,"store_count":4,"opportunity_score":38},"geometry":{"type":"Polygon","coordinates":[[[-1.7749289056238908,52.51555424919719],[-1.7818146782447726,52.5142968578918],[-1.782944749892736,52.50982220361199],[-1.7771899071097434,52.50660518924264],[-1.7703052273159114,52.507862592509696],[-1.7691742975917777,52.51233699816561],[-1.7749289056238908,52.51555424919719]]]}},{"type":"Feature","properties":{"h3_index":"88195c06abfffff","resolution":8,"footfall_idx":50,"avg_spend":30,"weekly_revenue":1666989,"store_count":4,"opportunity_score":52},"geometry":{"type":"Polygon","coordinates":[[[-1.7795540231076767,52.52324542665021],[-1.7864408888126795,52.52198804719883],[-1.7875707871029671,52.51751363855741],[-1.7818146782447726,52.5142968578918],[-1.7749289056238908,52.51555424919719],[-1.77379814889088,52.52002840929533],[-1.7795540231076767,52.52324542665021]]]}},{"type":"Feature","properties":{"h3_index":"88195c06a9fffff","resolution":8,"footfall_idx":54,"avg_spend":35,"weekly_revenue":1659633,"store_count":4,"opportunity_score":65},"geometry":{"type":"Polygon","coordinates":[[[-1.7841805803789568,52.53093612447975],[-1.7910685394252155,52.529678756774636],[-1.7921982641804644,52.525204593912264],[-1.7864408888126795,52.52198804719883],[-1.7795540231076767,52.52324542665021],[-1.778423439543003,52.52771934104991],[-1.7841805803789568,52.53093612447975]]]}},{"type":"Feature","properties":{"h3_index":"88195c06e7fffff","resolution":8,"footfall_idx":57,"avg_spend":26,"weekly_revenue":1548541,"store_count":4,"opportunity_score":44},"geometry":{"type":"Polygon","coordinates":[[[-1.7888085780498029,52.53862634229679],[-1.7956976306945134,52.53736898623011],[-1.7968271817371242,52.532895069287456],[-1.7910685394252155,52.529678756774636],[-1.7841805803789568,52.53093612447975],[-1.7830501701600157,52.53540979304038],[-1.7888085780498029,52.53862634229679]]]}},{"type":"Feature","properties":{"h3_index":"88195c06e5fffff","resolution":8,"footfall_idx":60,"avg_spend":30,"weekly_revenue":1461036,"store_count":4,"opportunity_score":57},"geometry":{"type":"Polygon","coordinates":[[[-1.7934380167325836,52.546316079712334],[-1.8003281632329253,52.54505873517626],[-1.8014575403852384,52.54058506429388],[-1.7956976306945134,52.53736898623011],[-1.7888085780498029,52.53862634229679],[-1.7876783413540691,52.54309976487778],[-1.7934380167325836,52.546316079712334]]]}},{"type":"Feature","properties":{"h3_index":"88195c0633fffff","resolution":8,"footfall_idx":62,"avg_spend":34,"weekly_revenue":2062623,"store_count":4,"opportunity_score":38},"geometry":{"type":"Polygon","coordinates":[[[-1.7980688970399241,52.55400533633748],[-1.804960137653166,52.55274800322407],[-1.8060893407373377,52.54827457854254],[-1.8003281632329253,52.54505873517626],[-1.7934380167325836,52.546316079712334],[-1.7923079537376627,52.55078925617318],[-1.7980688970399241,52.55400533633748]]]}},{"type":"Feature","properties":{"h3_index":"88195c0631fffff","resolution":8,"footfall_idx":63,"avg_spend":38,"weekly_revenue":2741754,"store_count":9,"opportunity_score":52},"geometry":{"type":"Polygon","coordinates":[[[-1.8027012195847973,52.561694111783325],[-1.8095935545682338,52.560436789984564],[-1.8107225834063467,52.555963611644366],[-1.804960137653166,52.55274800322407],[-1.7980688970399241,52.55400533633748],[-1.7969390079236123,52.55847826653766],[-1.8027012195847973,52.561694111783325]]]}},{"type":"Feature","properties":{"h3_index":"88195c0635fffff","resolution":8,"footfall_idx":69,"avg_spend":29,"weekly_revenue":1825008,"store_count":9,"opportunity_score":32},"geometry":{"type":"Polygon","coordinates":[[[-1.8153572690053843,52.56365216321046],[-1.8222502460258487,52.562394121171785],[-1.8233784141677496,52.55792069480654],[-1.817614466099329,52.55470555848611],[-1.8107225834063467,52.555963611644366],[-1.8095935545682338,52.560436789984564],[-1.8153572690053843,52.56365216321046]]]}},{"type":"Feature","properties":{"h3_index":"88195c0449fffff","resolution":8,"footfall_idx":74,"avg_spend":33,"weekly_revenue":2634515,"store_count":10,"opportunity_score":42},"geometry":{"type":"Polygon","coordinates":[[[-1.8280154631030345,52.565609022021924],[-1.834909081606268,52.56435025950237],[-1.8360363886340056,52.55987658522716],[-1.8302709383865972,52.556661921362526],[-1.8233784141677496,52.55792069480654],[-1.8222502460258487,52.562394121171785],[-1.8280154631030345,52.565609022021924]]]}},{"type":"Feature","properties":{"h3_index":"88195c044dfffff","resolution":8,"footfall_idx":76,"avg_spend":37,"weekly_revenue":2377889,"store_count":10,"opportunity_score":53},"geometry":{"type":"Polygon","coordinates":[[[-1.84067580118696,52.56756468762084],[-1.8475700606181913,52.566305204379574],[-1.8486965061139211,52.56183128230952],[-1.8429295538243324,52.55861709125658],[-1.8360363886340056,52.55987658522716],[-1.834909081606268,52.56435025950237],[-1.84067580118696,52.56756468762084]]]}},{"type":"Feature","properties":{"h3_index":"88195c0713fffff","resolution":8,"footfall_idx":74,"avg_spend":29,"weekly_revenue":2172630,"store_count":9,"opportunity_score":39},"geometry":{"type":"Polygon","coordinates":[[[-1.8533382825653204,52.569519159410376],[-1.8602331823692977,52.56825895520666],[-1.8613587659152404,52.563784785456974],[-1.8555903117208756,52.56057106757165],[-1.8486965061139211,52.56183128230952],[-1.8475700606181913,52.566305204379574],[-1.8533382825653204,52.569519159410376]]]}},{"type":"Feature","properties":{"h3_index":"88195c0717fffff","resolution":8,"footfall_idx":70,"avg_spend":33,"weekly_revenue":2723943,"store_count":9,"opportunity_score":53},"geometry":{"type":"Polygon","coordinates":[[[-1.8660029065452066,52.57147243679385],[-1.8728984461661535,52.57021151138702],[-1.874023167344572,52.56573709407308],[-1.8682532113834127,52.56252384971122],[-1.8613587659152404,52.563784785456974],[-1.8602331823692977,52.56825895520666],[-1.8660029065452066,52.57147243679385]]]}},{"type":"Feature","properties":{"h3_index":"88195c073bfffff","resolution":8,"footfall_idx":64,"avg_spend":37,"weekly_revenue":2240088,"store_count":8,"opportunity_score":39},"geometry":{"type":"Polygon","coordinates":[[[-1.8786696724325895,52.57342451917465],[-1.8855658513142586,52.57216287232418],[-1.886689709707537,52.56768820756137],[-1.8809182521181407,52.56447543707887],[-1.874023167344572,52.56573709407308],[-1.8728984461661535,52.57021151138702],[-1.8786696724325895,52.57342451917465]]]}},{"type":"Feature","properties":{"h3_index":"88195c0731fffff","resolution":8,"footfall_idx":57,"avg_spend":28,"weekly_revenue":1775981,"store_count":8,"opportunity_score":56},"geometry":{"type":"Polygon","coordinates":[[[-1.8913385795324353,52.5753754059563],[-1.8982353971180705,52.574113037421675],[-1.8993583923086714,52.56963812532553],[-1.8935854332301336,52.56642582907826],[-1.886689709707537,52.56768820756137],[-1.8855658513142586,52.57216287232418],[-1.8913385795324353,52.5753754059563]]]}},{"type":"Feature","properties":{"h3_index":"88195c0735fffff","resolution":8,"footfall_idx":57,"avg_spend":28,"weekly_revenue":1403773,"store_count":8,"opportunity_score":37},"geometry":{"type":"Polygon","coordinates":[[[-1.9040096271485807,52.577325096542346],[-1.9109070828809238,52.576062006083255],[-1.912029214451374,52.57158684676933],[-1.9062547540234005,52.5683750251132],[-1.8993583923086714,52.56963812532553],[-1.8982353971180705,52.574113037421675],[-1.9040096271485807,52.577325096542346]]]}},{"type":"Feature","properties":{"h3_index":"88195c0549fffff","resolution":8,"footfall_idx":57,"avg_spend":32,"weekly_revenue":1908532,"store_count":8,"opportunity_score":52},"geometry":{"type":"Polygon","coordinates":[[[-1.9166828145838168,52.579273590336534],[-1.9235809079051447,52.578009777712644],[-1.924702175438028,52.57353437129666],[-1.9189262138009004,52.57032302458753],[-1.912029214451374,52.57158684676933],[-1.9109070828809238,52.576062006083255],[-1.9166828145838168,52.579273590336534]]]}},{"type":"Feature","properties":{"h3_index":"88195c054dfffff","resolution":8,"footfall_idx":56,"avg_spend":24,"weekly_revenue":1092848,"store_count":7,"opportunity_score":33},"geometry":{"type":"Polygon","coordinates":[[[-1.9293581411398721,52.58122088674261],[-1.9362568714919202,52.57995635171377],[-1.9373772745699296,52.575480698311495],[-1.9315998118645081,52.57226982690522],[-1.924702175438028,52.57353437129666],[-1.9235809079051447,52.578009777712644],[-1.9293581411398721,52.58122088674261]]]}},{"type":"Feature","properties":{"h3_index":"88195c0093fffff","resolution":8,"footfall_idx":54,"avg_spend":28,"weekly_revenue":1481636,"store_count":7,"opportunity_score":49},"geometry":{"type":"Polygon","coordinates":[[[-1.9420356061173736,52.58316698516448],[-1.9489349729414116,52.58190172749059],[-1.9500545111473118,52.5774258272179],[-1.9442755475150006,52.57421543147035],[-1.9373772745699296,52.575480698311495],[-1.9362568714919202,52.57995635171377],[-1.9420356061173736,52.58316698516448]]]}},{"type":"Feature","properties":{"h3_index":"88195c0569fffff","resolution":8,"footfall_idx":56,"avg_spend":31,"weekly_revenue":1990680,"store_count":7,"opportunity_score":62},"geometry":{"type":"Polygon","coordinates":[[[-1.9500545111473118,52.5774258272179],[-1.956953420052125,52.57615983768711],[-1.9580722716344228,52.57168344334753],[-1.952293079345776,52.56847328535522],[-1.945395264017561,52.56973928396638],[-1.9442755475150006,52.57421543147035],[-1.9500545111473118,52.5774258272179]]]}},{"type":"Feature","properties":{"h3_index":"88195c0561fffff","resolution":8,"footfall_idx":31,"avg_spend":24,"weekly_revenue":679638,"store_count":5,"opportunity_score":53},"geometry":{"type":"Polygon","coordinates":[[[-1.9580722716344228,52.57168344334753],[-1.9649707224102886,52.57041672200217],[-1.966088887509768,52.565939833690166],[-1.9603094669152195,52.562729913505095],[-1.953412109413535,52.56399664384395],[-1.952293079345776,52.56847328535522],[-1.9580722716344228,52.57168344334753]]]}},{"type":"Feature","properties":{"h3_index":"88195c0567fffff","resolution":8,"footfall_idx":32,"avg_spend":27,"weekly_revenue":933361,"store_count":5,"opportunity_score":70},"geometry":{"type":"Polygon","coordinates":[[[-1.966088887509768,52.565939833690166],[-1.9729868799471035,52.56467238057272],[-1.9741043587046379,52.560194998382734],[-1.9683247101544747,52.55698531605688],[-1.9614278106888974,52.558252778080934],[-1.9603094669152195,52.562729913505095],[-1.966088887509768,52.565939833690166]]]}},{"type":"Feature","properties":{"h3_index":"88195c052dfffff","resolution":8,"footfall_idx":32,"avg_spend":31,"weekly_revenue":840290,"store_count":5,"opportunity_score":48},"geometry":{"type":"Polygon","coordinates":[[[-1.9741043587046379,52.560194998382734],[-1.9810018925940167,52.55892681353573],[-1.9821186851504977,52.55444893756233],[-1.9763388089949276,52.55123949314764],[-1.9694423677748238,52.55250768681436],[-1.9683247101544747,52.55698531605688],[-1.9741043587046379,52.560194998382734]]]}},{"type":"Feature","properties":{"h3_index":"88195c0525fffff","resolution":8,"footfall_idx":31,"avg_spend":23,"weekly_revenue":722877,"store_count":5,"opportunity_score":66},"geometry":{"type":"Polygon","coordinates":[[[-1.9821186851504977,52.55444893756233],[-1.9890157602826681,52.553180021028446],[-1.9901318667790613,52.54870165136622],[-1.984351763368133,52.545492444914615],[-1.977455780602748,52.54676137018135],[-1.9763388089949276,52.55123949314764],[-1.9821186851504977,52.55444893756233]]]}},{"type":"Feature","properties":{"h3_index":"88195c0e1bfffff","resolution":8,"footfall_idx":30,"avg_spend":27,"weekly_revenue":956319,"store_count":5,"opportunity_score":43},"geometry":{"type":"Polygon","coordinates":[[[-1.9901318667790613,52.54870165136622],[-1.9970284829448854,52.54743200318821],[-1.9981439035221722,52.54295313993185],[-1.9923635732058265,52.539744171495244],[-1.985468049104253,52.5410138283192],[-1.984351763368133,52.545492444914615],[-1.9901318667790613,52.54870165136622]]]}},{"type":"Feature","properties":{"h3_index":"88195c0e13fffff","resolution":8,"footfall_idx":28,"avg_spend":30,"weekly_revenue":795839,"store_count":5,"opportunity_score":62},"geometry":{"type":"Polygon","coordinates":[[[-1.9981439035221722,52.54295313993185],[-2.0050400605127168,52.54168276015259],[-2.0061547953119354,52.537203403396816],[-2.0003742384399916,52.53399467302708],[-1.9934791732111319,52.53526506136543],[-1.9923635732058265,52.539744171495244],[-1.9981439035221722,52.54295313993185]]]}},{"type":"Feature","properties":{"h3_index":"88195c0ee9fffff","resolution":8,"footfall_idx":26,"avg_spend":22,"weekly_revenue":637331,"store_count":4,"opportunity_score":81},"geometry":{"type":"Polygon","coordinates":[[[-2.0061547953119354,52.537203403396816],[-2.0130504929183806,52.53593229205928],[-2.0141645420805765,52.53145244189895],[-2.008383759002771,52.52824394964787],[-2.0014891528554157,52.52951506945764],[-2.0003742384399916,52.53399467302708],[-2.0061547953119354,52.537203403396816]]]}},{"type":"Feature","properties":{"h3_index":"88195c0ee1fffff","resolution":8,"footfall_idx":23,"avg_spend":26,"weekly_revenue":526839,"store_count":4,"opportunity_score":58},"geometry":{"type":"Polygon","coordinates":[[[-2.0141645420805765,52.53145244189895],[-2.021059780094313,52.53018059904617],[-2.022173143760613,52.525700255576155],[-2.016392134826541,52.52249200149554],[-2.009497987969271,52.52376385273369],[-2.008383759002771,52.52824394964787],[-2.0141645420805765,52.53145244189895]]]}},{"type":"Feature","properties":{"h3_index":"88195c0ee7fffff","resolution":8,"footfall_idx":20,"avg_spend":30,"weekly_revenue":628673,"store_count":4,"opportunity_score":79},"geometry":{"type":"Polygon","coordinates":[[[-2.022173143760613,52.525700255576155],[-2.0290679219731462,52.5244276812513],[-2.030180600284682,52.51994684456657],[-2.0243993658438435,52.51673882870819],[-2.017505678485106,52.518011411331535],[-2.016392134826541,52.52249200149554],[-2.022173143760613,52.525700255576155]]]}},{"type":"Feature","properties":{"h3_index":"88195c0eadfffff","resolution":8,"footfall_idx":17,"avg_spend":33,"weekly_revenue":456977,"store_count":3,"opportunity_score":55},"geometry":{"type":"Polygon","coordinates":[[[-2.030180600284682,52.51994684456657],[-2.0370749184877104,52.51867353881289],[-2.038186911585698,52.514192209008456],[-2.032405451987421,52.51098443142405],[-2.0255122243355164,52.51225774538934],[-2.0243993658438435,52.51673882870819],[-2.030180600284682,52.51994684456657]]]}},{"type":"Feature","properties":{"h3_index":"88195c0ea5fffff","resolution":8,"footfall_idx":14,"avg_spend":25,"weekly_revenue":343477,"store_count":3,"opportunity_score":76},"geometry":{"type":"Polygon","coordinates":[[[-2.038186911585698,52.514192209008456],[-2.045080769571007,52.51291817186934],[-2.04619207759666,52.508436349040316],[-2.040410393190223,52.50522880978158],[-2.0335176254533,52.50650285504545],[-2.032405451987421,52.51098443142405],[-2.038186911585698,52.514192209008456]]]}},{"type":"Feature","properties":{"h3_index":"88195c0ea7fffff","resolution":8,"footfall_idx":16,"avg_spend":29,"weekly_revenue":532741,"store_count":3,"opportunity_score":49},"geometry":{"type":"Polygon","coordinates":[[[-2.0335176254533,52.50650285504545],[-2.040410393190223,52.50522880978158],[-2.0415218817714456,52.500746740438316],[-2.035741467800745,52.49753896287148],[-2.0288497900590587,52.49881301636831],[-2.027737436405794,52.5032948391798],[-2.0335176254533,52.50650285504545]]]}},{"type":"Feature","properties":{"h3_index":"88195c0cc9fffff","resolution":8,"footfall_idx":18,"avg_spend":33,"weekly_revenue":543472,"store_count":3,"opportunity_score":68},"geometry":{"type":"Polygon","coordinates":[[[-2.0288497900590587,52.49881301636831],[-2.035741467800745,52.49753896287148],[-2.0368531367569394,52.49305664715537],[-2.0310739927884565,52.489848631530016],[-2.024183404788866,52.49112269336802],[-2.0230708711286165,52.495604762471],[-2.0288497900590587,52.49881301636831]]]}},{"type":"Feature","properties":{"h3_index":"88195c0ccbfffff","resolution":8,"footfall_idx":20,"avg_spend":25,"weekly_revenue":540862,"store_count":3,"opportunity_score":86},"geometry":{"type":"Polygon","coordinates":[[[-2.024183404788866,52.49112269336802],[-2.0310739927884565,52.489848631530016],[-2.032185841939202,52.48536606958253],[-2.026407967539557,52.48215781614826],[-2.0195184690289794,52.483431886435554],[-2.0184057555419623,52.487914201688604],[-2.024183404788866,52.49112269336802]]]}},{"type":"Feature","properties":{"h3_index":"88195c0cddfffff","resolution":8,"footfall_idx":22,"avg_spend":29,"weekly_revenue":541350,"store_count":3,"opportunity_score":61},"geometry":{"type":"Polygon","coordinates":[[[-2.0195184690289794,52.483431886435554],[-2.026407967539557,52.48215781614826],[-2.027519996704558,52.47767500811084],[-2.0217433914405376,52.47446651711726],[-2.0148549821659314,52.4757405959619],[-2.0137420890322737,52.480223157223556],[-2.0195184690289794,52.483431886435554]]]}},{"type":"Feature","properties":{"h3_index":"88195c0cd1fffff","resolution":8,"footfall_idx":23,"avg_spend":34,"weekly_revenue":793963,"store_count":3,"opportunity_score":79},"geometry":{"type":"Polygon","coordinates":[[[-2.0148549821659314,52.4757405959619],[-2.0217433914405376,52.47446651711726],[-2.0228556004396503,52.469983463131435],[-2.0170802638782224,52.466774734828114],[-2.0101929435865484,52.46804882233811],[-2.009079870986232,52.47253162946687],[-2.0148549821659314,52.4757405959619]]]}},{"type":"Feature","properties":{"h3_index":"88195c0cd3fffff","resolution":8,"footfall_idx":26,"avg_spend":26,"weekly_revenue":799089,"store_count":3,"opportunity_score":53},"geometry":{"type":"Polygon","coordinates":[[[-2.0101929435865484,52.46804882233811],[-2.0170802638782224,52.466774734828114],[-2.018192652531395,52.46229143503547],[-2.012418584239689,52.45908246967199],[-2.005532352677982,52.46035656595529],[-2.0044191007908414,52.464839618809584],[-2.0101929435865484,52.46804882233811]]]}},{"type":"Feature","properties":{"h3_index":"88195c3b25fffff","resolution":8,"footfall_idx":29,"avg_spend":30,"weekly_revenue":825519,"store_count":3,"opportunity_score":70},"geometry":{"type":"Polygon","coordinates":[[[-2.005532352677982,52.46035656595529],[-2.012418584239689,52.45908246967199],[-2.0135311523670683,52.454598924214146],[-2.0077583519123854,52.45138972204006],[-2.000873208827677,52.452663827204546],[-1.9997597778334226,52.457147125642784],[-2.005532352677982,52.46035656595529]]]}},{"type":"Feature","properties":{"h3_index":"88195c3b27fffff","resolution":8,"footfall_idx":31,"avg_spend":34,"weekly_revenue":1175905,"store_count":3,"opportunity_score":46},"geometry":{"type":"Polygon","coordinates":[[[-2.000873208827677,52.452663827204546],[-2.0077583519123854,52.45138972204006],[-2.008871099334181,52.44690593105867],[-2.0030995662840163,52.443696492323504],[-1.9962155114233917,52.44497060647702],[-1.9951019015015923,52.44945415035754],[-2.000873208827677,52.452663827204546]]]}},{"type":"Feature","properties":{"h3_index":"88195c3949fffff","resolution":8,"footfall_idx":34,"avg_spend":26,"weekly_revenue":780082,"store_count":3,"opportunity_score":62},"geometry":{"type":"Polygon","coordinates":[[[-1.9962155114233917,52.44497060647702],[-2.0030995662840163,52.443696492323504],[-2.004212492820619,52.4392124559603],[-1.9984422267425956,52.436002780913626],[-1.9915592598531755,52.437276904163944],[-1.9904454711832837,52.441760693345024],[-1.9962155114233917,52.44497060647702]]]}},{"type":"Feature","properties":{"h3_index":"88195c394bfffff","resolution":8,"footfall_idx":36,"avg_spend":29,"weekly_revenue":1095399,"store_count":3,"opportunity_score":39},"geometry":{"type":"Polygon","coordinates":[[[-1.9915592598531755,52.437276904163944],[-1.9984422267425956,52.436002780913626],[-1.9995553322145079,52.431518499310364],[-1.9937863326764549,52.42830858820167],[-1.9869044535053821,52.429582720656505],[-1.9857904862666889,52.43406675499642],[-1.9915592598531755,52.437276904163944]]]}},{"type":"Feature","properties":{"h3_index":"88195c395dfffff","resolution":8,"footfall_idx":38,"avg_spend":33,"weekly_revenue":1023289,"store_count":3,"opportunity_score":56},"geometry":{"type":"Polygon","coordinates":[[[-1.9869044535053821,52.429582720656505],[-1.9937863326764549,52.42830858820167],[-1.994899616904325,52.42382406150018],[-1.9891318834742184,52.42061391457897],[-1.98225109176868,52.42188805634599],[-1.9811369461403814,52.42637233570292],[-1.9869044535053821,52.429582720656505]]]}},{"type":"Feature","properties":{"h3_index":"88195c3951fffff","resolution":8,"footfall_idx":39,"avg_spend":25,"weekly_revenue":958237,"store_count":3,"opportunity_score":72},"geometry":{"type":"Polygon","coordinates":[[[-1.98225109176868,52.42188805634599],[-1.9891318834742184,52.42061391457897],[-1.990245346278819,52.41612914292108],[-1.9844788785247938,52.412918760436895],[-1.9775991740320433,52.41419291162367],[-1.9764848501931505,52.4186774358558],[-1.98225109176868,52.42188805634599]]]}},{"type":"Feature","properties":{"h3_index":"88195c395bfffff","resolution":8,"footfall_idx":45,"avg_spend":29,"weekly_revenue":1500220,"store_count":3,"opportunity_score":48},"geometry":{"type":"Polygon","coordinates":[[[-1.9696046894027432,52.419950856787764],[-1.9764848501931505,52.4186774358558],[-1.9775991740320433,52.41419291162367],[-1.9718341978141674,52.410982055846326],[-1.9649551242839483,52.412255486392695],[-1.9638399398240534,52.41673976308297],[-1.9696046894027432,52.419950856787764]]]}},{"type":"Feature","properties":{"h3_index":"88195c3867fffff","resolution":8,"footfall_idx":49,"avg_spend":33,"weekly_revenue":1481788,"store_count":3,"opportunity_score":62},"geometry":{"type":"Polygon","coordinates":[[[-1.9569604105040577,52.418012463418286],[-1.9638399398240534,52.41673976308297],[-1.9649551242839483,52.412255486392695],[-1.9591916397441886,52.40904415767652],[-1.9523131977314314,52.410316867820846],[-1.9511971530638663,52.4148008968533],[-1.9569604105040577,52.418012463418286]]]}},{"type":"Feature","properties":{"h3_index":"88195c3863fffff","resolution":8,"footfall_idx":53,"avg_spend":24,"weekly_revenue":1377790,"store_count":4,"opportunity_score":40},"geometry":{"type":"Polygon","coordinates":[[[-1.944318255769149,52.4160728768304],[-1.9511971530638663,52.4148008968533],[-1.9523131977314314,52.410316867820846],[-1.946551205011205,52.407105066520195],[-1.9396733950703593,52.4083770565009],[-1.9385564906085457,52.41286083775966],[-1.944318255769149,52.4160728768304]]]}},{"type":"Feature","properties":{"h3_index":"88195c380dfffff","resolution":8,"footfall_idx":55,"avg_spend":28,"weekly_revenue":1308931,"store_count":9,"opportunity_score":54},"geometry":{"type":"Polygon","coordinates":[[[-1.9316782258934075,52.41413209761713],[-1.9385564906085457,52.41286083775966],[-1.9396733950703593,52.4083770565009],[-1.9339128943104982,52.40516478297015],[-1.9270357169955148,52.406436053025764],[-1.9259179531529411,52.41091958639504],[-1.9316782258934075,52.41413209761713]]]}},{"type":"Feature","properties":{"h3_index":"88195c3809fffff","resolution":8,"footfall_idx":54,"avg_spend":32,"weekly_revenue":1756931,"store_count":8,"opportunity_score":35},"geometry":{"type":"Polygon","coordinates":[[[-1.9190403215712406,52.41219012637154],[-1.9259179531529411,52.41091958639504],[-1.9270357169955148,52.406436053025764],[-1.9212767083362847,52.40322330761925],[-1.9144001642006252,52.40449385798843],[-1.9132815413908804,52.40897714335249],[-1.9190403215712406,52.41219012637154]]]}},{"type":"Feature","properties":{"h3_index":"88195c3855fffff","resolution":8,"footfall_idx":52,"avg_spend":36,"weekly_revenue":2215567,"store_count":8,"opportunity_score":51},"geometry":{"type":"Polygon","coordinates":[[[-1.906404543495958,52.41024696368676],[-1.9132815413908804,52.40897714335249],[-1.9144001642006252,52.40449385798843],[-1.9086426477817253,52.401280641060524],[-1.9017667373783258,52.40255047198199],[-1.9006472560150698,52.40703350922526],[-1.906404543495958,52.41024696368676]]]}},{"type":"Feature","properties":{"h3_index":"88195c3851fffff","resolution":8,"footfall_idx":46,"avg_spend":31,"weekly_revenue":1355151,"store_count":8,"opportunity_score":69},"geometry":{"type":"Polygon","coordinates":[[[-1.8937708923598138,52.40830261015613],[-1.9006472560150698,52.40703350922526],[-1.9017667373783258,52.40255047198199],[-1.8960107133389148,52.39933678388705],[-1.8891354372202693,52.40060589559963],[-1.8880150977172288,52.40508868460654],[-1.8937708923598138,52.40830261015613]]]}},{"type":"Feature","properties":{"h3_index":"88195c385bfffff","resolution":8,"footfall_idx":45,"avg_spend":36,"weekly_revenue":1809707,"store_count":7,"opportunity_score":49},"geometry":{"type":"Polygon","coordinates":[[[-1.8811393688540032,52.40635706637297],[-1.8880150977172288,52.40508868460654],[-1.8891354372202693,52.40060589559963],[-1.8833809056988768,52.39739173669204],[-1.876506264416977,52.398660129434624],[-1.8753850671879548,52.403142670089736],[-1.8811393688540032,52.40635706637297]]]}},{"type":"Feature","properties":{"h3_index":"88195c3ae7fffff","resolution":8,"footfall_idx":43,"avg_spend":40,"weekly_revenue":1520292,"store_count":7,"opportunity_score":66},"geometry":{"type":"Polygon","coordinates":[[[-1.8685099736686301,52.40441033293076],[-1.8753850671879548,52.403142670089736],[-1.876506264416977,52.398660129434624],[-1.8707532255516006,52.39544550006875],[-1.863879219657948,52.39671317408036],[-1.862757165116849,52.40119546626835],[-1.8685099736686301,52.40441033293076]]]}},{"type":"Feature","properties":{"h3_index":"88195c3ae3fffff","resolution":8,"footfall_idx":40,"avg_spend":31,"weekly_revenue":1302840,"store_count":7,"opportunity_score":46},"geometry":{"type":"Polygon","coordinates":[[[-1.8558827074927937,52.40246241042308],[-1.862757165116849,52.40119546626835],[-1.863879219657948,52.39671317408036],[-1.85812767358601,52.393498074610605],[-1.8512543036316043,52.394765030130294],[-1.8501313921923712,52.39924707373594],[-1.8558827074927937,52.40246241042308]]]}},{"type":"Feature","properties":{"h3_index":"88195c3a8dfffff","resolution":8,"footfall_idx":36,"avg_spend":35,"weekly_revenue":1030005,"store_count":6,"opportunity_score":65},"geometry":{"type":"Polygon","coordinates":[[[-1.84325757101453,52.40051329944356],[-1.8501313921923712,52.39924707373594],[-1.8512543036316043,52.394765030130294],[-1.845504250489951,52.391549460911044],[-1.838631517025308,52.39281569817804],[-1.8375077491019853,52.39729749308612],[-1.84325757101453,52.40051329944356]]]}},{"type":"Feature","properties":{"h3_index":"88195c3a89fffff","resolution":8,"footfall_idx":38,"avg_spend":29,"weekly_revenue":1084645,"store_count":6,"opportunity_score":42},"geometry":{"type":"Polygon","coordinates":[[[-1.8306345649207505,52.39856300058599],[-1.8375077491019853,52.39729749308612],[-1.838631517025308,52.39281569817804],[-1.8328829569502392,52.38959965956367],[-1.8260108605253655,52.39086517881726],[-1.8248862365320937,52.39534672491271],[-1.8306345649207505,52.39856300058599]]]}},{"type":"Feature","properties":{"h3_index":"88195c3ac3fffff","resolution":8,"footfall_idx":39,"avg_spend":22,"weekly_revenue":987591,"store_count":6,"opportunity_score":58},"geometry":{"type":"Polygon","coordinates":[[[-1.8226364800652217,52.404309080468295],[-1.829510114753936,52.40304430277784],[-1.8306345649207505,52.39856300058599],[-1.8248862365320937,52.39534672491271],[-1.8180136898973767,52.39661151444421],[-1.8168883837102705,52.401092567789156],[-1.8226364800652217,52.404309080468295]]]}},{"type":"Feature","properties":{"h3_index":"88195c3acbfffff","resolution":8,"footfall_idx":38,"avg_spend":25,"weekly_revenue":871934,"store_count":6,"opportunity_score":76},"geometry":{"type":"Polygon","coordinates":[[[-1.8146372625297906,52.410053937687664],[-1.82151134751672,52.40878988984871],[-1.8226364800652217,52.404309080468295],[-1.8168883837102705,52.401092567789156],[-1.810015387074924,52.40235662755641],[-1.8088893985559764,52.406837188055704],[-1.8146372625297906,52.410053937687664]]]}},{"type":"Feature","properties":{"h3_index":"88195c3135fffff","resolution":8,"footfall_idx":37,"avg_spend":29,"weekly_revenue":1163789,"store_count":6,"opportunity_score":54},"geometry":{"type":"Polygon","coordinates":[[[-1.8066369123857366,52.41579757210688],[-1.8135114474614573,52.414534254161524],[-1.8146372625297906,52.410053937687664],[-1.8088893985559764,52.406837188055704],[-1.8020159521293952,52.40810051801665],[-1.8008892811405544,52.41258058557519],[-1.8066369123857366,52.41579757210688]]]}},{"type":"Feature","properties":{"h3_index":"88195c313dfffff","resolution":8,"footfall_idx":36,"avg_spend":22,"weekly_revenue":674309,"store_count":6,"opportunity_score":72},"geometry":{"type":"Polygon","coordinates":[[[-1.798635429704511,52.421539983589],[-1.805510414659479,52.42027739557915],[-1.8066369123857366,52.41579757210688],[-1.8008892811405544,52.41258058557519],[-1.7940153851322893,52.413843185687924],[-1.792888031535633,52.41832276021069],[-1.798635429704511,52.421539983589]]]}},{"type":"Feature","properties":{"h3_index":"88195c3107fffff","resolution":8,"footfall_idx":34,"avg_spend":25,"weekly_revenue":865459,"store_count":6,"opportunity_score":50},"geometry":{"type":"Polygon","coordinates":[[[-1.7906328145577846,52.42728117199717],[-1.7975082491822478,52.426019313964666],[-1.798635429704511,52.421539983589],[-1.792888031535633,52.41832276021069],[-1.786013686155353,52.41958463043335],[-1.7848856498129635,52.4240637118254],[-1.7906328145577846,52.42728117199717]]]}},{"type":"Feature","properties":{"h3_index":"88195c3101fffff","resolution":8,"footfall_idx":31,"avg_spend":28,"weekly_revenue":1028557,"store_count":5,"opportunity_score":69},"geometry":{"type":"Polygon","coordinates":[[[-1.7826290670174503,52.43302113719475],[-1.7895049511015213,52.431760009181346],[-1.7906328145577846,52.42728117199717],[-1.7848856498129635,52.4240637118254],[-1.7780108552705403,52.42532485211623],[-1.776882136044537,52.429803440282676],[-1.7826290670174503,52.43302113719475]]]}},{"type":"Feature","properties":{"h3_index":"88195c3109fffff","resolution":8,"footfall_idx":27,"avg_spend":21,"weekly_revenue":539648,"store_count":5,"opportunity_score":48},"geometry":{"type":"Polygon","coordinates":[[[-1.7746241871555286,52.43875987904523],[-1.781500520489167,52.43749948109257],[-1.7826290670174503,52.43302113719475],[-1.776882136044537,52.429803440282676],[-1.7700068925499635,52.43106385060006],[-1.7688774903025173,52.43554194544608],[-1.7746241871555286,52.43875987904523]]]}},{"type":"Feature","properties":{"h3_index":"88195c3143fffff","resolution":8,"footfall_idx":24,"avg_spend":24,"weekly_revenue":644284,"store_count":5,"opportunity_score":67},"geometry":{"type":"Polygon","coordinates":[[[-1.766618175044298,52.44449739741232],[-1.773494957417329,52.44323772956191],[-1.7746241871555286,52.43875987904523],[-1.7688774903025173,52.43554194544608],[-1.7620017980659548,52.43680162574847],[-1.7608717126592839,52.4412792271793],[-1.766618175044298,52.44449739741232]]]}},{"type":"Feature","properties":{"h3_index":"88195c314bfffff","resolution":8,"footfall_idx":20,"avg_spend":28,"weekly_revenue":495788,"store_count":4,"opportunity_score":44},"geometry":{"type":"Polygon","coordinates":[[[-1.7586110307562144,52.45023369215984],[-1.7654882619582828,52.448974754453154],[-1.766618175044298,52.44449739741232],[-1.7608717126592839,52.4412792271793],[-1.7539955718910503,52.44253817742529],[-1.7528648031873988,52.44701528534626],[-1.7586110307562144,52.45023369215984]]]}},{"type":"Feature","properties":{"h3_index":"88195c3335fffff","resolution":8,"footfall_idx":15,"avg_spend":21,"weekly_revenue":331418,"store_count":4,"opportunity_score":65},"geometry":{"type":"Polygon","coordinates":[[[-1.750602754363909,52.45596876315186],[-1.757480434184516,52.45471055563022],[-1.7586110307562144,52.45023369215984],[-1.7528648031873988,52.44701528534626],[-1.745988214097967,52.44827350549447],[-1.7448567619596358,52.45275011981098],[-1.750602754363909,52.45596876315186]]]}},{"type":"Feature","properties":{"h3_index":"88195c333dfffff","resolution":8,"footfall_idx":14,"avg_spend":24,"weekly_revenue":275153,"store_count":3,"opportunity_score":86},"geometry":{"type":"Polygon","coordinates":[[[-1.742593345940261,52.461702610252516],[-1.74947147416873,52.460445132957176],[-1.750602754363909,52.45596876315186],[-1.7448567619596358,52.45275011981098],[-1.7379797247596251,52.454007609820195],[-1.736847589048947,52.458483730437685],[-1.742593345940261,52.461702610252516]]]}},{"type":"Feature","properties":{"h3_index":"88195c3307fffff","resolution":8,"footfall_idx":15,"avg_spend":35,"weekly_revenue":517490,"store_count":3,"opportunity_score":60},"geometry":{"type":"Polygon","coordinates":[[[-1.7345828055583183,52.46743523332619],[-1.741461381983826,52.46617848629828],[-1.742593345940261,52.461702610252516],[-1.736847589048947,52.458483730437685],[-1.7299701039491395,52.45974049026677],[-1.7288372845285045,52.4642161170908],[-1.7345828055583183,52.46743523332619]]]}},{"type":"Feature","properties":{"h3_index":"88195c3305fffff","resolution":8,"footfall_idx":15,"avg_spend":26,"weekly_revenue":449468,"store_count":3,"opportunity_score":79},"geometry":{"type":"Polygon","coordinates":[[[-1.7391969419888953,52.475129499841785],[-1.74607660999714,52.47387276550773],[-1.7472084020230463,52.4693971341747],[-1.741461381983826,52.46617848629828],[-1.7345828055583183,52.46743523332619],[-1.7334501577028807,52.471910615517984],[-1.7391969419888953,52.475129499841785]]]}},{"type":"Feature","properties":{"h3_index":"88195c3363fffff","resolution":8,"footfall_idx":17,"avg_spend":30,"weekly_revenue":468828,"store_count":3,"opportunity_score":53},"geometry":{"type":"Polygon","coordinates":[[[-1.743812513850605,52.48282328942436],[-1.7506932736986172,52.48156656767681],[-1.7518248936175658,52.47709118119749],[-1.74607660999714,52.47387276550773],[-1.7391969419888953,52.475129499841785],[-1.7380644658749442,52.47960463726038],[-1.743812513850605,52.48282328942436]]]}},{"type":"Feature","properties":{"h3_index":"88195c3361fffff","resolution":8,"footfall_idx":21,"avg_spend":34,"weekly_revenue":775445,"store_count":3,"opportunity_score":70},"geometry":{"type":"Polygon","coordinates":[[[-1.7484295217534176,52.490516601684774],[-1.755311373698335,52.48925989241631],[-1.7564428213337548,52.48478475093158],[-1.7506932736986172,52.48156656767681],[-1.743812513850605,52.48282328942436],[-1.7426802096544953,52.4872981819289],[-1.7484295217534176,52.490516601684774]]]}},{"type":"Feature","properties":{"h3_index":"88195c336dfffff","resolution":8,"footfall_idx":25,"avg_spend":38,"weekly_revenue":810202,"store_count":4,"opportunity_score":44},"geometry":{"type":"Polygon","coordinates":[[[-1.7530479663076717,52.49820943623388],[-1.7599309106066139,52.49695273933701],[-1.7610621857818056,52.49247784298777],[-1.755311373698335,52.48925989241631],[-1.7484295217534176,52.490516601684774],[-1.7472973896516701,52.49499124913435],[-1.7530479663076717,52.49820943623388]]]}},{"type":"Feature","properties":{"h3_index":"88195c06bbfffff","resolution":8,"footfall_idx":29,"avg_spend":29,"weekly_revenue":857510,"store_count":4,"opportunity_score":61},"geometry":{"type":"Polygon","coordinates":[[[-1.7576678481239831,52.50590179268258],[-1.7645518850341202,52.50464510804982],[-1.7656829875722453,52.500170456976875],[-1.7599309106066139,52.49695273933701],[-1.7530479663076717,52.49820943623388],[-1.7519160064769412,52.50268383848771],[-1.7576678481239831,52.50590179268258]]]}},{"type":"Feature","properties":{"h3_index":"88195c06b9fffff","resolution":8,"footfall_idx":32,"avg_spend":33,"weekly_revenue":1252858,"store_count":4,"opportunity_score":77},"geometry":{"type":"Polygon","coordinates":[[[-1.7622891678132475,52.513593670641875],[-1.7691742975917777,52.51233699816561],[-1.7703052273159114,52.507862592509696],[-1.7645518850341202,52.50464510804982],[-1.7576678481239831,52.50590179268258],[-1.7565360607410283,52.51037594959993],[-1.7622891678132475,52.513593670641875]]]}},{"type":"Feature","properties":{"h3_index":"88195c0687fffff","resolution":8,"footfall_idx":36,"avg_spend":38,"weekly_revenue":1303985,"store_count":4,"opportunity_score":53},"geometry":{"type":"Polygon","coordinates":[[[-1.7669119259866908,52.52128506972272],[-1.77379814889088,52.52002840929533],[-1.7749289056238908,52.51555424919719],[-1.7691742975917777,52.51233699816561],[-1.7622891678132475,52.513593670641875],[-1.761157553054987,52.51806758208203],[-1.7669119259866908,52.52128506972272]]]}},{"type":"Feature","properties":{"h3_index":"88195c0685fffff","resolution":8,"footfall_idx":39,"avg_spend":29,"weekly_revenue":1266711,"store_count":4,"opportunity_score":68},"geometry":{"type":"Polygon","coordinates":[[[-1.771536123255854,52.52897598953617],[-1.778423439543003,52.52771934104991],[-1.7795540231076767,52.52324542665021],[-1.77379814889088,52.52002840929533],[-1.7669119259866908,52.52128506972272],[-1.7657804840301767,52.52575873554503],[-1.771536123255854,52.52897598953617]]]}},{"type":"Feature","properties":{"h3_index":"88195c06e3fffff","resolution":8,"footfall_idx":42,"avg_spend":33,"weekly_revenue":1229076,"store_count":4,"opportunity_score":46},"geometry":{"type":"Polygon","coordinates":[[[-1.776161760232568,52.536666429693234],[-1.7830501701600157,52.53540979304038],[-1.7841805803789568,52.53093612447975],[-1.778423439543003,52.52771934104991],[-1.771536123255854,52.52897598953617],[-1.770404854278272,52.53344940960001],[-1.776161760232568,52.536666429693234]]]}},{"type":"Feature","properties":{"h3_index":"88195c06e1fffff","resolution":8,"footfall_idx":45,"avg_spend":37,"weekly_revenue":1754188,"store_count":4,"opportunity_score":60},"geometry":{"type":"Polygon","coordinates":[[[-1.7807888375289913,52.54435638980505],[-1.7876783413540691,52.54309976487778],[-1.7888085780498029,52.53862634229679],[-1.7830501701600157,52.53540979304038],[-1.776161760232568,52.536666429693234],[-1.7750306644112148,52.54113960385807],[-1.7807888375289913,52.54435638980505]]]}},{"type":"Feature","properties":{"h3_index":"88195c06edfffff","resolution":8,"footfall_idx":47,"avg_spend":28,"weekly_revenue":1079585,"store_count":4,"opportunity_score":39},"geometry":{"type":"Polygon","coordinates":[[[-1.785417355757536,52.552045869482754],[-1.7923079537376627,52.55078925617318],[-1.7934380167325836,52.546316079712334],[-1.7876783413540691,52.54309976487778],[-1.7807888375289913,52.54435638980505],[-1.7796579150413192,52.54882931793036],[-1.785417355757536,52.552045869482754]]]}},{"type":"Feature","properties":{"h3_index":"88195c063bfffff","resolution":8,"footfall_idx":48,"avg_spend":32,"weekly_revenue":1516248,"store_count":4,"opportunity_score":54},"geometry":{"type":"Polygon","coordinates":[[[-1.7900473155309902,52.55973486833749],[-1.7969390079236123,52.55847826653766],[-1.7980688970399241,52.55400533633748],[-1.7923079537376627,52.55078925617318],[-1.785417355757536,52.552045869482754],[-1.7842866067811314,52.55651855142803],[-1.7900473155309902,52.55973486833749]]]}},{"type":"Feature","properties":{"h3_index":"88195c0639fffff","resolution":8,"footfall_idx":49,"avg_spend":36,"weekly_revenue":2035528,"store_count":4,"opportunity_score":69},"geometry":{"type":"Polygon","coordinates":[[[-1.7946787174623802,52.56742338598047],[-1.8015715045249925,52.56616679558239],[-1.8027012195847973,52.561694111783325],[-1.7969390079236123,52.55847826653766],[-1.7900473155309902,52.55973486833749],[-1.7889167402435635,52.56420730396232],[-1.7946787174623802,52.56742338598047]]]}},{"type":"Feature","properties":{"h3_index":"88195c063dfffff","resolution":8,"footfall_idx":54,"avg_spend":28,"weekly_revenue":1392120,"store_count":4,"opportunity_score":47},"geometry":{"type":"Polygon","coordinates":[[[-1.8073349849804843,52.56938240566096],[-1.8142284145914276,52.56812509506886],[-1.8153572690053843,52.56365216321046],[-1.8095935545682338,52.560436789984564],[-1.8027012195847973,52.561694111783325],[-1.8015715045249925,52.56616679558239],[-1.8073349849804843,52.56938240566096]]]}},{"type":"Feature","properties":{"h3_index":"88195c0623fffff","resolution":8,"footfall_idx":58,"avg_spend":32,"weekly_revenue":2018403,"store_count":4,"opportunity_score":60},"geometry":{"type":"Polygon","coordinates":[[[-1.8199933981479566,52.571340232851824],[-1.826887469753074,52.57008220182464],[-1.8280154631030345,52.565609022021924],[-1.8222502460258487,52.562394121171785],[-1.8153572690053843,52.56365216321046],[-1.8142284145914276,52.56812509506886],[-1.8199933981479566,52.571340232851824]]]}},{"type":"Feature","properties":{"h3_index":"88195c0627fffff","resolution":8,"footfall_idx":61,"avg_spend":36,"weekly_revenue":1876018,"store_count":4,"opportunity_score":40},"geometry":{"type":"Polygon","coordinates":[[[-1.832653956274436,52.57329686695598],[-1.839548669319054,52.57203811525276],[-1.84067580118696,52.56756468762084],[-1.834909081606268,52.56435025950237],[-1.8280154631030345,52.565609022021924],[-1.826887469753074,52.57008220182464],[-1.832653956274436,52.57329686695598]]]}},{"type":"Feature","properties":{"h3_index":"88195c071bfffff","resolution":8,"footfall_idx":61,"avg_spend":27,"weekly_revenue":1681711,"store_count":4,"opportunity_score":54},"geometry":{"type":"Polygon","coordinates":[[[-1.8453166586685044,52.575252307376445],[-1.8522120125974797,52.57399283475634],[-1.8533382825653204,52.569519159410376],[-1.8475700606181913,52.566305204379574],[-1.84067580118696,52.56756468762084],[-1.839548669319054,52.57203811525276],[-1.8453166586685044,52.575252307376445]]]}},{"type":"Feature","properties":{"h3_index":"88195c0711fffff","resolution":8,"footfall_idx":59,"avg_spend":31,"weekly_revenue":2172601,"store_count":4,"opportunity_score":37},"geometry":{"type":"Polygon","coordinates":[[[-1.857981504637628,52.57720655351636],[-1.8648774988953145,52.575946359738566],[-1.8660029065452066,52.57147243679385],[-1.8602331823692977,52.56825895520666],[-1.8533382825653204,52.569519159410376],[-1.8522120125974797,52.57399283475634],[-1.857981504637628,52.57720655351636]]]}},{"type":"Feature","properties":{"h3_index":"88195c0715fffff","resolution":8,"footfall_idx":55,"avg_spend":35,"weekly_revenue":1837701,"store_count":9,"opportunity_score":53},"geometry":{"type":"Polygon","coordinates":[[[-1.8706484934882712,52.579159604778916],[-1.877545127518498,52.57789868960279],[-1.8786696724325895,52.57342451917465],[-1.8728984461661535,52.57021151138702],[-1.8660029065452066,52.57147243679385],[-1.8648774988953145,52.575946359738566],[-1.8706484934882712,52.579159604778916]]]}},{"type":"Feature","properties":{"h3_index":"88195c0739fffff","resolution":8,"footfall_idx":50,"avg_spend":26,"weekly_revenue":1457868,"store_count":8,"opportunity_score":35},"geometry":{"type":"Polygon","coordinates":[[[-1.8833176245257592,52.58111146056743],[-1.8902148977718911,52.579849823752376],[-1.8913385795324353,52.5753754059563],[-1.8855658513142586,52.57216287232418],[-1.8786696724325895,52.57342451917465],[-1.877545127518498,52.57789868960279],[-1.8833176245257592,52.58111146056743]]]}},{"type":"Feature","properties":{"h3_index":"88195c073dfffff","resolution":8,"footfall_idx":45,"avg_spend":30,"weekly_revenue":1199102,"store_count":8,"opportunity_score":52},"geometry":{"type":"Polygon","coordinates":[[[-1.8959888970543806,52.583062120285305],[-1.9028868089592672,52.581799761590815],[-1.9040096271485807,52.577325096542346],[-1.8982353971180705,52.574113037421675],[-1.8913385795324353,52.5753754059563],[-1.8902148977718911,52.579849823752376],[-1.8959888970543806,52.583062120285305]]]}},{"type":"Feature","properties":{"h3_index":"88195c0723fffff","resolution":8,"footfall_idx":45,"avg_spend":30,"weekly_revenue":1424264,"store_count":8,"opportunity_score":68},"geometry":{"type":"Polygon","coordinates":[[[-1.9086623103773173,52.58501158333605],[-1.915560860383347,52.58374850252177],[-1.9166828145838168,52.579273590336534],[-1.9109070828809238,52.576062006083255],[-1.9040096271485807,52.577325096542346],[-1.9028868089592672,52.581799761590815],[-1.9086623103773173,52.58501158333605]]]}},{"type":"Feature","properties":{"h3_index":"88195c0727fffff","resolution":8,"footfall_idx":45,"avg_spend":23,"weekly_revenue":850561,"store_count":7,"opportunity_score":48},"geometry":{"type":"Polygon","coordinates":[[[-1.9213378637967655,52.586959849123275],[-1.92823705134576,52.58569604594889],[-1.9293581411398721,52.58122088674261],[-1.9235809079051447,52.578009777712644],[-1.9166828145838168,52.579273590336534],[-1.915560860383347,52.58374850252177],[-1.9213378637967655,52.586959849123275]]]}},{"type":"Feature","properties":{"h3_index":"88195c009bfffff","resolution":8,"footfall_idx":43,"avg_spend":26,"weekly_revenue":1105238,"store_count":7,"opportunity_score":65},"geometry":{"type":"Polygon","coordinates":[[[-1.934015556613712,52.5889069170507],[-1.9409153811470516,52.587642391276],[-1.9420356061173736,52.58316698516448],[-1.9362568714919202,52.57995635171377],[-1.9293581411398721,52.58122088674261],[-1.92823705134576,52.58569604594889],[-1.934015556613712,52.5889069170507]]]}},{"type":"Feature","properties":{"h3_index":"88195c0091fffff","resolution":8,"footfall_idx":40,"avg_spend":30,"weekly_revenue":1386446,"store_count":7,"opportunity_score":45},"geometry":{"type":"Polygon","coordinates":[[[-1.9466953881281992,52.5908527865221],[-1.9535958490867367,52.589587537906965],[-1.9547152088158968,52.585111885006135],[-1.9489349729414116,52.58190172749059],[-1.9420356061173736,52.58316698516448],[-1.9409153811470516,52.587642391276],[-1.9466953881281992,52.5908527865221]]]}},{"type":"Feature","properties":{"h3_index":"88195c0097fffff","resolution":8,"footfall_idx":43,"avg_spend":33,"weekly_revenue":1308543,"store_count":7,"opportunity_score":60},"geometry":{"type":"Polygon","coordinates":[[[-1.9547152088158968,52.585111885006135],[-1.9616152115526877,52.5838459044472],[-1.9627338844693267,52.579369757420054],[-1.956953420052125,52.57615983768711],[-1.9500545111473118,52.5774258272179],[-1.9489349729414116,52.58190172749059],[-1.9547152088158968,52.585111885006135]]]}},{"type":"Feature","properties":{"h3_index":"88195c056dfffff","resolution":8,"footfall_idx":44,"avg_spend":26,"weekly_revenue":1245754,"store_count":7,"opportunity_score":39},"geometry":{"type":"Polygon","coordinates":[[[-1.9627338844693267,52.579369757420054],[-1.9696334287745467,52.57810304495972],[-1.9707514150196237,52.573626403900576],[-1.9649707224102886,52.57041672200217],[-1.9580722716344228,52.57168344334753],[-1.956953420052125,52.57615983768711],[-1.9627338844693267,52.579369757420054]]]}},{"type":"Feature","properties":{"h3_index":"88195c0565fffff","resolution":8,"footfall_idx":44,"avg_spend":29,"weekly_revenue":1091915,"store_count":7,"opportunity_score":55},"geometry":{"type":"Polygon","coordinates":[[[-1.9707514150196237,52.573626403900576],[-1.9776505006836869,52.57235895958127],[-1.9787678003981357,52.5678818245846],[-1.9729868799471035,52.56467238057272],[-1.966088887509768,52.565939833690166],[-1.9649707224102886,52.57041672200217],[-1.9707514150196237,52.573626403900576]]]}},{"type":"Feature","properties":{"h3_index":"88195c0e5bfffff","resolution":8,"footfall_idx":44,"avg_spend":33,"weekly_revenue":1484699,"store_count":7,"opportunity_score":71},"geometry":{"type":"Polygon","coordinates":[[[-1.9787678003981357,52.5678818245846],[-1.985666427211574,52.56661364844889],[-1.9867830405364326,52.5621360196092],[-1.9810018925940167,52.55892681353573],[-1.9741043587046379,52.560194998382734],[-1.9729868799471035,52.56467238057272],[-1.9787678003981357,52.5678818245846]]]}},{"type":"Feature","properties":{"h3_index":"88195c0e53fffff","resolution":8,"footfall_idx":43,"avg_spend":25,"weekly_revenue":1278505,"store_count":6,"opportunity_score":50},"geometry":{"type":"Polygon","coordinates":[[[-1.9867830405364326,52.5621360196092],[-1.9936812082899438,52.56086711169977],[-1.994797135366257,52.55638898911161],[-1.9890157602826681,52.553180021028446],[-1.9821186851504977,52.55444893756233],[-1.9810018925940167,52.55892681353573],[-1.9867830405364326,52.5621360196092]]]}},{"type":"Feature","properties":{"h3_index":"88195c0e19fffff","resolution":8,"footfall_idx":41,"avg_spend":29,"weekly_revenue":1136796,"store_count":6,"opportunity_score":67},"geometry":{"type":"Polygon","coordinates":[[[-1.994797135366257,52.55638898911161],[-2.0016948438507125,52.55511934947119],[-2.0028100848195547,52.55064073322924],[-1.9970284829448854,52.54743200318821],[-1.9901318667790613,52.54870165136622],[-1.9890157602826681,52.553180021028446],[-1.994797135366257,52.55638898911161]]]}},{"type":"Feature","properties":{"h3_index":"88195c0e11fffff","resolution":8,"footfall_idx":39,"avg_spend":32,"weekly_revenue":1401356,"store_count":6,"opportunity_score":47},"geometry":{"type":"Polygon","coordinates":[[[-2.0028100848195547,52.55064073322924],[-2.00970733382597,52.549370361900706],[-2.0108218888285094,52.54489125209964],[-2.0050400605127168,52.54168276015259],[-1.9981439035221722,52.54295313993185],[-1.9970284829448854,52.54743200318821],[-2.0028100848195547,52.55064073322924]]]}},{"type":"Feature","properties":{"h3_index":"88195c0e17fffff","resolution":8,"footfall_idx":36,"avg_spend":25,"weekly_revenue":800701,"store_count":6,"opportunity_score":65},"geometry":{"type":"Polygon","coordinates":[[[-2.0108218888285094,52.54489125209964],[-2.0177186781480367,52.54362014912593],[-2.018832547325439,52.53914054586056],[-2.0130504929183806,52.53593229205928],[-2.0061547953119354,52.537203403396816],[-2.0050400605127168,52.54168276015259],[-2.0108218888285094,52.54489125209964]]]}},{"type":"Feature","properties":{"h3_index":"88195c0eedfffff","resolution":8,"footfall_idx":32,"avg_spend":28,"weekly_revenue":946584,"store_count":5,"opportunity_score":44},"geometry":{"type":"Polygon","coordinates":[[[-2.018832547325439,52.53914054586056],[-2.025728876749421,52.53786871128479],[-2.0268420602428936,52.533388614649944],[-2.021059780094313,52.53018059904617],[-2.0141645420805765,52.53145244189895],[-2.0130504929183806,52.53593229205928],[-2.018832547325439,52.53914054586056]]]}},{"type":"Feature","properties":{"h3_index":"88195c0ee5fffff","resolution":8,"footfall_idx":28,"avg_spend":32,"weekly_revenue":737625,"store_count":5,"opportunity_score":63},"geometry":{"type":"Polygon","coordinates":[[[-2.0268420602428936,52.533388614649944],[-2.0337379295628137,52.53211604851521],[-2.03485042751363,52.52763545860583],[-2.0290679219731462,52.5244276812513],[-2.022173143760613,52.525700255576155],[-2.021059780094313,52.53018059904617],[-2.0268420602428936,52.533388614649944]]]}},{"type":"Feature","properties":{"h3_index":"88195c0c5bfffff","resolution":8,"footfall_idx":23,"avg_spend":24,"weekly_revenue":546496,"store_count":4,"opportunity_score":84},"geometry":{"type":"Polygon","coordinates":[[[-2.03485042751363,52.52763545860583],[-2.0417458365211676,52.52636216095543],[-2.0428576490705925,52.52188107786648],[-2.0370749184877104,52.51867353881289],[-2.030180600284682,52.51994684456657],[-2.0290679219731462,52.5244276812513],[-2.03485042751363,52.52763545860583]]]}},{"type":"Feature","properties":{"h3_index":"88195c0c53fffff","resolution":8,"footfall_idx":18,"avg_spend":28,"weekly_revenue":583035,"store_count":4,"opportunity_score":62},"geometry":{"type":"Polygon","coordinates":[[[-2.0428576490705925,52.52188107786648],[-2.0497525975575046,52.5206070487438],[-2.05086372484691,52.51612547257033],[-2.045080769571007,52.51291817186934],[-2.038186911585698,52.514192209008456],[-2.0370749184877104,52.51867353881289],[-2.0428576490705925,52.52188107786648]]]}},{"type":"Feature","properties":{"h3_index":"88195c0c19fffff","resolution":8,"footfall_idx":18,"avg_spend":31,"weekly_revenue":515371,"store_count":4,"opportunity_score":82},"geometry":{"type":"Polygon","coordinates":[[[-2.05086372484691,52.51612547257033],[-2.0577582126051746,52.5148507120188],[-2.0588686547759307,52.51036864285596],[-2.0530854751562764,52.507161580559206],[-2.04619207759666,52.508436349040316],[-2.045080769571007,52.51291817186934],[-2.05086372484691,52.51612547257033]]]}},{"type":"Feature","properties":{"h3_index":"88195c0c1bfffff","resolution":8,"footfall_idx":18,"avg_spend":24,"weekly_revenue":471049,"store_count":4,"opportunity_score":56},"geometry":{"type":"Polygon","coordinates":[[[-2.04619207759666,52.508436349040316],[-2.0530854751562764,52.507161580559206],[-2.054196098250894,52.50267926480073],[-2.04841418938542,52.49947196391936],[-2.0415218817714456,52.500746740438316],[-2.040410393190223,52.50522880978158],[-2.04619207759666,52.508436349040316]]]}},{"type":"Feature","properties":{"h3_index":"88195c0ccdfffff","resolution":8,"footfall_idx":19,"avg_spend":27,"weekly_revenue":439732,"store_count":4,"opportunity_score":75},"geometry":{"type":"Polygon","coordinates":[[[-2.0415218817714456,52.500746740438316],[-2.04841418938542,52.49947196391936],[-2.049524993223123,52.49498940170667],[-2.0437443546782403,52.49178186249031],[-2.0368531367569394,52.49305664715537],[-2.035741467800745,52.49753896287148],[-2.0415218817714456,52.500746740438316]]]}},{"type":"Feature","properties":{"h3_index":"88195c0cc1fffff","resolution":8,"footfall_idx":22,"avg_spend":31,"weekly_revenue":698344,"store_count":4,"opportunity_score":49},"geometry":{"type":"Polygon","coordinates":[[[-2.0368531367569394,52.49305664715537],[-2.0437443546782403,52.49178186249031],[-2.0448553390784343,52.487299053964854],[-2.03907597042076,52.4840912766632],[-2.032185841939202,52.48536606958253],[-2.0310739927884565,52.489848631530016],[-2.0368531367569394,52.49305664715537]]]}},{"type":"Feature","properties":{"h3_index":"88195c0cc3fffff","resolution":8,"footfall_idx":25,"avg_spend":23,"weekly_revenue":684682,"store_count":4,"opportunity_score":67},"geometry":{"type":"Polygon","coordinates":[[[-2.032185841939202,52.48536606958253],[-2.03907597042076,52.4840912766632],[-2.040187135202945,52.47960822196646],[-2.0344090359992624,52.47640020682914],[-2.027519996704558,52.47767500811084],[-2.026407967539557,52.48215781614826],[-2.032185841939202,52.48536606958253]]]}},{"type":"Feature","properties":{"h3_index":"88195c0cd5fffff","resolution":8,"footfall_idx":26,"avg_spend":28,"weekly_revenue":697088,"store_count":4,"opportunity_score":42},"geometry":{"type":"Polygon","coordinates":[[[-2.027519996704558,52.47767500811084],[-2.0344090359992624,52.47640020682914],[-2.0355203809831073,52.47191690610266],[-2.0297435508003456,52.46870865337933],[-2.0228556004396503,52.469983463131435],[-2.0217433914405376,52.47446651711726],[-2.027519996704558,52.47767500811084]]]}},{"type":"Feature","properties":{"h3_index":"88195c0cd7fffff","resolution":8,"footfall_idx":31,"avg_spend":32,"weekly_revenue":1115331,"store_count":4,"opportunity_score":59},"geometry":{"type":"Polygon","coordinates":[[[-2.0228556004396503,52.469983463131435],[-2.0297435508003456,52.46870865337933],[-2.03085507580564,52.464225106764715],[-2.0250795142109195,52.461016616704974],[-2.018192652531395,52.46229143503547],[-2.0170802638782224,52.466774734828114],[-2.0228556004396503,52.469983463131435]]]}},{"type":"Feature","properties":{"h3_index":"88195c0c99fffff","resolution":8,"footfall_idx":35,"avg_spend":24,"weekly_revenue":748535,"store_count":4,"opportunity_score":74},"geometry":{"type":"Polygon","coordinates":[[[-2.018192652531395,52.46229143503547],[-2.0250795142109195,52.461016616704974],[-2.0261912190576026,52.45653282434382],[-2.0204169256182056,52.4533240971973],[-2.0135311523670683,52.454598924214146],[-2.012418584239689,52.45908246967199],[-2.018192652531395,52.46229143503547]]]}},{"type":"Feature","properties":{"h3_index":"88195c0c9bfffff","resolution":8,"footfall_idx":40,"avg_spend":28,"weekly_revenue":1184848,"store_count":4,"opportunity_score":50},"geometry":{"type":"Polygon","coordinates":[[[-2.0135311523670683,52.454598924214146],[-2.0204169256182056,52.4533240971973],[-2.021528810126332,52.44884005923133],[-2.0157557844096963,52.44563109524763],[-2.008871099334181,52.44690593105867],[-2.0077583519123854,52.45138972204006],[-2.0135311523670683,52.454598924214146]]]}},{"type":"Feature","properties":{"h3_index":"88195c394dfffff","resolution":8,"footfall_idx":43,"avg_spend":32,"weekly_revenue":1134769,"store_count":4,"opportunity_score":65},"geometry":{"type":"Polygon","coordinates":[[[-2.008871099334181,52.44690593105867],[-2.0157557844096963,52.44563109524763],[-2.016867848399468,52.44114681181855],[-2.011096089973214,52.43793761124726],[-2.004212492820619,52.4392124559603],[-2.0030995662840163,52.443696492323504],[-2.008871099334181,52.44690593105867]]]}},{"type":"Feature","properties":{"h3_index":"88195c3941fffff","resolution":8,"footfall_idx":47,"avg_spend":35,"weekly_revenue":1630974,"store_count":4,"opportunity_score":42},"geometry":{"type":"Polygon","coordinates":[[[-2.004212492820619,52.4392124559603],[-2.011096089973214,52.43793761124726],[-2.0122083332649527,52.43345308249684],[-2.00643784169689,52.43024364558754],[-1.9995553322145079,52.431518499310364],[-1.9984422267425956,52.436002780913626],[-2.004212492820619,52.4392124559603]]]}},{"type":"Feature","properties":{"h3_index":"88195c3943fffff","resolution":8,"footfall_idx":50,"avg_spend":27,"weekly_revenue":1563652,"store_count":4,"opportunity_score":56},"geometry":{"type":"Polygon","coordinates":[[[-1.9995553322145079,52.431518499310364],[-2.00643784169689,52.43024364558754],[-2.0075502641110403,52.42575887165763],[-2.001781038969142,52.42254919865986],[-1.994899616904325,52.42382406150018],[-1.9937863326764549,52.42830858820167],[-1.9995553322145079,52.431518499310364]]]}},{"type":"Feature","properties":{"h3_index":"88195c3955fffff","resolution":8,"footfall_idx":52,"avg_spend":31,"weekly_revenue":1491177,"store_count":4,"opportunity_score":36},"geometry":{"type":"Polygon","coordinates":[[[-1.994899616904325,52.42382406150018],[-2.001781038969142,52.42254919865986],[-2.0028936403263176,52.41806417969232],[-1.9971256811786797,52.41485427085567],[-1.990245346278819,52.41612914292108],[-1.9891318834742184,52.42061391457897],[-1.994899616904325,52.42382406150018]]]}},{"type":"Feature","properties":{"h3_index":"88195c3957fffff","resolution":8,"footfall_idx":54,"avg_spend":35,"weekly_revenue":2063568,"store_count":4,"opportunity_score":50},"geometry":{"type":"Polygon","coordinates":[[[-1.990245346278819,52.41612914292108],[-1.9971256811786797,52.41485427085567],[-1.9982384612996087,52.41036900699243],[-1.9924717677145634,52.40715886256641],[-1.985592519727062,52.40843374396452],[-1.9844788785247938,52.412918760436895],[-1.990245346278819,52.41612914292108]]]}},{"type":"Feature","properties":{"h3_index":"88195c3953fffff","resolution":8,"footfall_idx":61,"avg_spend":27,"weekly_revenue":1414150,"store_count":5,"opportunity_score":61},"geometry":{"type":"Polygon","coordinates":[[[-1.9775991740320433,52.41419291162367],[-1.9844788785247938,52.412918760436895],[-1.985592519727062,52.40843374396452],[-1.9798273172174468,52.40522312616683],[-1.97294869968472,52.40649728688093],[-1.9718341978141674,52.410982055846326],[-1.9775991740320433,52.41419291162367]]]}},{"type":"Feature","properties":{"h3_index":"88195c382dfffff","resolution":8,"footfall_idx":68,"avg_spend":31,"weekly_revenue":2161562,"store_count":5,"opportunity_score":40},"geometry":{"type":"Polygon","coordinates":[[[-1.9649551242839483,52.412255486392695],[-1.9718341978141674,52.410982055846326],[-1.97294869968472,52.40649728688093],[-1.9671849883928294,52.40328619606584],[-1.9603070018699096,52.4045596363341],[-1.9591916397441886,52.40904415767652],[-1.9649551242839483,52.412255486392695]]]}},{"type":"Feature","properties":{"h3_index":"88195c3829fffff","resolution":8,"footfall_idx":74,"avg_spend":34,"weekly_revenue":2999565,"store_count":5,"opportunity_score":50},"geometry":{"type":"Polygon","coordinates":[[[-1.9523131977314314,52.410316867820846],[-1.9591916397441886,52.40904415767652],[-1.9603070018699096,52.4045596363341],[-1.95454478193745,52.40134807285593],[-1.9476674269788732,52.402620792916714],[-1.946551205011205,52.407105066520195],[-1.9523131977314314,52.410316867820846]]]}},{"type":"Feature","properties":{"h3_index":"88195c3805fffff","resolution":8,"footfall_idx":77,"avg_spend":26,"weekly_revenue":1919884,"store_count":5,"opportunity_score":33},"geometry":{"type":"Polygon","coordinates":[[[-1.9396733950703593,52.4083770565009],[-1.946551205011205,52.407105066520195],[-1.9476674269788732,52.402620792916714],[-1.9419066985470013,52.39940875712973],[-1.9350299757068101,52.40068075722143],[-1.9339128943104982,52.40516478297015],[-1.9396733950703593,52.4083770565009]]]}},{"type":"Feature","properties":{"h3_index":"88195c3801fffff","resolution":8,"footfall_idx":78,"avg_spend":30,"weekly_revenue":2634302,"store_count":5,"opportunity_score":44},"geometry":{"type":"Polygon","coordinates":[[[-1.9270357169955148,52.406436053025764],[-1.9339128943104982,52.40516478297015],[-1.9350299757068101,52.40068075722143],[-1.929270738916103,52.39746824947992],[-1.9223946487478893,52.39873952984109],[-1.9212767083362847,52.40322330761925],[-1.9270357169955148,52.406436053025764]]]}},{"type":"Feature","properties":{"h3_index":"88195c380bfffff","resolution":8,"footfall_idx":76,"avg_spend":34,"weekly_revenue":2306367,"store_count":5,"opportunity_score":30},"geometry":{"type":"Polygon","coordinates":[[[-1.9144001642006252,52.40449385798843],[-1.9212767083362847,52.40322330761925],[-1.9223946487478893,52.39873952984109],[-1.9166369037383326,52.39552655049936],[-1.9097614467951443,52.39679711136857],[-1.9086426477817253,52.401280641060524],[-1.9144001642006252,52.40449385798843]]]}},{"type":"Feature","properties":{"h3_index":"88195c3857fffff","resolution":8,"footfall_idx":39,"avg_spend":26,"weekly_revenue":1074175,"store_count":8,"opportunity_score":58},"geometry":{"type":"Polygon","coordinates":[[[-1.9017667373783258,52.40255047198199],[-1.9086426477817253,52.401280641060524],[-1.9097614467951443,52.39679711136857],[-1.9040051937061895,52.39358366078095],[-1.8971303705406153,52.3948535023969],[-1.8960107133389148,52.39933678388705],[-1.9017667373783258,52.40255047198199]]]}},{"type":"Feature","properties":{"h3_index":"88195c3853fffff","resolution":8,"footfall_idx":35,"avg_spend":33,"weekly_revenue":954181,"store_count":7,"opportunity_score":77},"geometry":{"type":"Polygon","coordinates":[[[-1.8891354372202693,52.40060589559963],[-1.8960107133389148,52.39933678388705],[-1.8971303705406153,52.3948535023969],[-1.8913756095111414,52.391639580917655],[-1.8845014206752724,52.39290870351913],[-1.8833809056988768,52.39739173669204],[-1.8891354372202693,52.40060589559963]]]}},{"type":"Feature","properties":{"h3_index":"88195c3aadfffff","resolution":8,"footfall_idx":34,"avg_spend":38,"weekly_revenue":1282850,"store_count":7,"opportunity_score":55},"geometry":{"type":"Polygon","coordinates":[[[-1.876506264416977,52.398660129434624],[-1.8833809056988768,52.39739173669204],[-1.8845014206752724,52.39290870351913],[-1.8787481518435503,52.38969431150261],[-1.87187459788899,52.390962715328534],[-1.8707532255516006,52.39544550006875],[-1.876506264416977,52.398660129434624]]]}},{"type":"Feature","properties":{"h3_index":"88195c3aa9fffff","resolution":8,"footfall_idx":32,"avg_spend":28,"weekly_revenue":1039096,"store_count":7,"opportunity_score":74},"geometry":{"type":"Polygon","coordinates":[[[-1.863879219657948,52.39671317408036],[-1.8707532255516006,52.39544550006875],[-1.87187459788899,52.390962715328534],[-1.8661228213927858,52.38774785312902],[-1.859249902870638,52.38901553841835],[-1.85812767358601,52.393498074610605],[-1.863879219657948,52.39671317408036]]]}},{"type":"Feature","properties":{"h3_index":"88195c3a85fffff","resolution":8,"footfall_idx":30,"avg_spend":33,"weekly_revenue":917227,"store_count":6,"opportunity_score":52},"geometry":{"type":"Polygon","coordinates":[[[-1.8512543036316043,52.394765030130294],[-1.85812767358601,52.393498074610605],[-1.859249902870638,52.38901553841835],[-1.8534996188470945,52.385800206390186],[-1.8466273363079895,52.38706717338201],[-1.845504250489951,52.391549460911044],[-1.8512543036316043,52.394765030130294]]]}},{"type":"Feature","properties":{"h3_index":"88195c3a81fffff","resolution":8,"footfall_idx":26,"avg_spend":37,"weekly_revenue":1051735,"store_count":6,"opportunity_score":72},"geometry":{"type":"Polygon","coordinates":[[[-1.838631517025308,52.39281569817804],[-1.845504250489951,52.391549460911044],[-1.8466273363079895,52.38706717338201],[-1.840878544893708,52.38385137187949],[-1.8340068988877578,52.38511762081294],[-1.8328829569502392,52.38959965956367],[-1.838631517025308,52.39281569817804]]]}},{"type":"Feature","properties":{"h3_index":"88195c3a8bfffff","resolution":8,"footfall_idx":27,"avg_spend":20,"weekly_revenue":464436,"store_count":6,"opportunity_score":47},"geometry":{"type":"Polygon","coordinates":[[[-1.8260108605253655,52.39086517881726],[-1.8328829569502392,52.38959965956367],[-1.8340068988877578,52.38511762081294],[-1.8282596002187894,52.381901350190425],[-1.8213885912956294,52.38316688130481],[-1.8202637936526114,52.38764867116214],[-1.8260108605253655,52.39086517881726]]]}},{"type":"Feature","properties":{"h3_index":"88195c3ad5fffff","resolution":8,"footfall_idx":27,"avg_spend":24,"weekly_revenue":665401,"store_count":6,"opportunity_score":66},"geometry":{"type":"Polygon","coordinates":[[[-1.8180136898973767,52.39661151444421],[-1.8248862365320937,52.39534672491271],[-1.8260108605253655,52.39086517881726],[-1.8202637936526114,52.38764867116214],[-1.8133923348170373,52.38891347264171],[-1.8122668551680037,52.39339476980955],[-1.8180136898973767,52.39661151444421]]]}},{"type":"Feature","properties":{"h3_index":"88195c3addfffff","resolution":8,"footfall_idx":27,"avg_spend":27,"weekly_revenue":870164,"store_count":6,"opportunity_score":42},"geometry":{"type":"Polygon","coordinates":[[[-1.810015387074924,52.40235662755641],[-1.8168883837102705,52.401092567789156],[-1.8180136898973767,52.39661151444421],[-1.8122668551680037,52.39339476980955],[-1.8053949466292327,52.39465884161215],[-1.8042687848362358,52.39913964599529],[-1.810015387074924,52.40235662755641]]]}},{"type":"Feature","properties":{"h3_index":"88195c3137fffff","resolution":8,"footfall_idx":27,"avg_spend":30,"weekly_revenue":777946,"store_count":6,"opportunity_score":60},"geometry":{"type":"Polygon","coordinates":[[[-1.8020159521293952,52.40810051801665],[-1.8088893985559764,52.406837188055704],[-1.810015387074924,52.40235662755641],[-1.8042687848362358,52.39913964599529],[-1.797396426803609,52.40040298807891],[-1.7962695827287658,52.40488329958222],[-1.8020159521293952,52.40810051801665]]]}},{"type":"Feature","properties":{"h3_index":"88195c3131fffff","resolution":8,"footfall_idx":26,"avg_spend":23,"weekly_revenue":674074,"store_count":5,"opportunity_score":79},"geometry":{"type":"Polygon","coordinates":[[[-1.7940153851322893,52.413843185687924],[-1.8008892811405544,52.41258058557519],[-1.8020159521293952,52.40810051801665],[-1.7962695827287658,52.40488329958222],[-1.7893967754117543,52.4061459119049],[-1.7882692489172034,52.41062573043332],[-1.7940153851322893,52.413843185687924]]]}},{"type":"Feature","properties":{"h3_index":"88195c3139fffff","resolution":8,"footfall_idx":24,"avg_spend":26,"weekly_revenue":557857,"store_count":5,"opportunity_score":56},"geometry":{"type":"Polygon","coordinates":[[[-1.786013686155353,52.41958463043335],[-1.792888031535633,52.41832276021069],[-1.7940153851322893,52.413843185687924],[-1.7882692489172034,52.41062573043332],[-1.7813959925255078,52.41188761295324],[-1.7802677834734617,52.41636693841176],[-1.786013686155353,52.41958463043335]]]}},{"type":"Feature","properties":{"h3_index":"88195c3103fffff","resolution":8,"footfall_idx":22,"avg_spend":29,"weekly_revenue":676783,"store_count":5,"opportunity_score":76},"geometry":{"type":"Polygon","coordinates":[[[-1.7780108552705403,52.42532485211623],[-1.7848856498129635,52.4240637118254],[-1.786013686155353,52.41958463043335],[-1.7802677834734617,52.41636693841176],[-1.7733940782168773,52.41762809108717],[-1.7722651864695478,52.42210692338087],[-1.7780108552705403,52.42532485211623]]]}},{"type":"Feature","properties":{"h3_index":"88195c310bfffff","resolution":8,"footfall_idx":19,"avg_spend":23,"weekly_revenue":361650,"store_count":5,"opportunity_score":52},"geometry":{"type":"Polygon","coordinates":[[[-1.7700068925499635,52.43106385060006],[-1.776882136044537,52.429803440282676],[-1.7780108552705403,52.42532485211623],[-1.7722651864695478,52.42210692338087],[-1.765391032558052,52.42336734617014],[-1.764261457977724,52.42784568520418],[-1.7700068925499635,52.43106385060006]]]}},{"type":"Feature","properties":{"h3_index":"88195c3155fffff","resolution":8,"footfall_idx":16,"avg_spend":26,"weekly_revenue":413655,"store_count":4,"opportunity_score":73},"geometry":{"type":"Polygon","coordinates":[[[-1.7620017980659548,52.43680162574847],[-1.7688774903025173,52.43554194544608],[-1.7700068925499635,52.43106385060006],[-1.764261457977724,52.42784568520418],[-1.75738685562144,52.42910537806575],[-1.7562565980704339,52.43358322374534],[-1.7620017980659548,52.43680162574847]]]}},{"type":"Feature","properties":{"h3_index":"88195c315dfffff","resolution":8,"footfall_idx":13,"avg_spend":29,"weekly_revenue":437753,"store_count":4,"opportunity_score":48},"geometry":{"type":"Polygon","coordinates":[[[-1.7539955718910503,52.44253817742529],[-1.7608717126592839,52.4412792271793],[-1.7620017980659548,52.43680162574847],[-1.7562565980704339,52.43358322374534],[-1.7493815474796441,52.43484218663779],[-1.748250606820312,52.4393195388682],[-1.7539955718910503,52.44253817742529]]]}},{"type":"Feature","properties":{"h3_index":"88195c3337fffff","resolution":8,"footfall_idx":12,"avg_spend":22,"weekly_revenue":244975,"store_count":4,"opportunity_score":69},"geometry":{"type":"Polygon","coordinates":[[[-1.745988214097967,52.44827350549447],[-1.7528648031873988,52.44701528534626],[-1.7539955718910503,52.44253817742529],[-1.748250606820312,52.4393195388682],[-1.7413751082054387,52.44057777175018],[-1.7402434843001704,52.44505463043678],[-1.745988214097967,52.44827350549447]]]}},{"type":"Feature","properties":{"h3_index":"88195c3331fffff","resolution":8,"footfall_idx":12,"avg_spend":25,"weekly_revenue":328417,"store_count":4,"opportunity_score":89},"geometry":{"type":"Polygon","coordinates":[[[-1.7379797247596251,52.454007609820195],[-1.7448567619596358,52.45275011981098],[-1.745988214097967,52.44827350549447],[-1.7402434843001704,52.44505463043678],[-1.7333675378718303,52.44631213326706],[-1.7322352305830921,52.45078849831527],[-1.7379797247596251,52.454007609820195]]]}},{"type":"Feature","properties":{"h3_index":"88195c3339fffff","resolution":8,"footfall_idx":12,"avg_spend":36,"weekly_revenue":372173,"store_count":3,"opportunity_score":63},"geometry":{"type":"Polygon","coordinates":[[[-1.7299701039491395,52.45974049026677],[-1.736847589048947,52.458483730437685],[-1.7379797247596251,52.454007609820195],[-1.7322352305830921,52.45078849831527],[-1.725358836552006,52.452045271052704],[-1.7242258457422681,52.45652114236801],[-1.7299701039491395,52.45974049026677]]]}},{"type":"Feature","properties":{"h3_index":"88195c3303fffff","resolution":8,"footfall_idx":12,"avg_spend":28,"weekly_revenue":345508,"store_count":3,"opportunity_score":83},"geometry":{"type":"Polygon","coordinates":[[[-1.7219593517398346,52.46547214669868],[-1.7288372845285045,52.4642161170908],[-1.7299701039491395,52.45974049026677],[-1.7242258457422681,52.45652114236801],[-1.7173490043193544,52.45777718497157],[-1.7162153298511496,52.46225256245953],[-1.7219593517398346,52.46547214669868]]]}},{"type":"Feature","properties":{"h3_index":"88195c3301fffff","resolution":8,"footfall_idx":12,"avg_spend":32,"weekly_revenue":458913,"store_count":3,"opportunity_score":57},"geometry":{"type":"Polygon","coordinates":[[[-1.7265711332912814,52.47316663223744],[-1.7334501577028807,52.471910615517984],[-1.7345828055583183,52.46743523332619],[-1.7288372845285045,52.4642161170908],[-1.7219593517398346,52.46547214669868],[-1.7208258484716616,52.46994727963484],[-1.7265711332912814,52.47316663223744]]]}},{"type":"Feature","properties":{"h3_index":"88195c330dfffff","resolution":8,"footfall_idx":12,"avg_spend":36,"weekly_revenue":415529,"store_count":3,"opportunity_score":77},"geometry":{"type":"Polygon","coordinates":[[[-1.7311843495831907,52.48086064119872],[-1.7380644658749442,52.47960463726038],[-1.7391969419888953,52.475129499841785],[-1.7334501577028807,52.471910615517984],[-1.7265711332912814,52.47316663223744],[-1.7254378013992027,52.477641520480866],[-1.7311843495831907,52.48086064119872]]]}},{"type":"Feature","properties":{"h3_index":"88195c336bfffff","resolution":8,"footfall_idx":13,"avg_spend":27,"weekly_revenue":396159,"store_count":3,"opportunity_score":50},"geometry":{"type":"Polygon","coordinates":[[[-1.7357990012253386,52.48855417319346],[-1.7426802096544953,52.4872981819289],[-1.743812513850605,52.48282328942436],[-1.7380644658749442,52.47960463726038],[-1.7311843495831907,52.48086064119872],[-1.7300511892434125,52.485335284608546],[-1.7357990012253386,52.48855417319346]]]}},{"type":"Feature","properties":{"h3_index":"88195c3369fffff","resolution":8,"footfall_idx":16,"avg_spend":31,"weekly_revenue":444141,"store_count":3,"opportunity_score":69},"geometry":{"type":"Polygon","coordinates":[[[-1.740415088827838,52.49624722783258],[-1.7472973896516701,52.49499124913435],[-1.7484295217534176,52.490516601684774],[-1.7426802096544953,52.4872981819289],[-1.7357990012253386,52.48855417319346],[-1.7346660126141717,52.49302857162886],[-1.740415088827838,52.49624722783258]]]}},{"type":"Feature","properties":{"h3_index":"88195c0697fffff","resolution":8,"footfall_idx":19,"avg_spend":35,"weekly_revenue":706385,"store_count":3,"opportunity_score":87},"geometry":{"type":"Polygon","coordinates":[[[-1.7450326130010663,52.50393980472712],[-1.7519160064769412,52.50268383848771],[-1.7530479663076717,52.49820943623388],[-1.7472973896516701,52.49499124913435],[-1.740415088827838,52.49624722783258],[-1.7392822721217618,52.50072138115277],[-1.7450326130010663,52.50393980472712]]]}},{"type":"Feature","properties":{"h3_index":"88195c0695fffff","resolution":8,"footfall_idx":22,"avg_spend":27,"weekly_revenue":492438,"store_count":3,"opportunity_score":60},"geometry":{"type":"Polygon","coordinates":[[[-1.7496515743557723,52.51163190348805],[-1.7565360607410283,52.51037594959993],[-1.7576678481239831,52.50590179268258],[-1.7519160064769412,52.50268383848771],[-1.7450326130010663,52.50393980472712],[-1.743899968376678,52.50841371279134],[-1.7496515743557723,52.51163190348805]]]}},{"type":"Feature","properties":{"h3_index":"88195c0683fffff","resolution":8,"footfall_idx":25,"avg_spend":31,"weekly_revenue":771750,"store_count":3,"opportunity_score":78},"geometry":{"type":"Polygon","coordinates":[[[-1.7542719735029282,52.51932352372644],[-1.761157553054987,52.51806758208203],[-1.7622891678132475,52.513593670641875],[-1.7565360607410283,52.51037594959993],[-1.7496515743557723,52.51163190348805],[-1.7485191019897803,52.51610556615561],[-1.7542719735029282,52.51932352372644]]]}},{"type":"Feature","properties":{"h3_index":"88195c0681fffff","resolution":8,"footfall_idx":28,"avg_spend":35,"weekly_revenue":1139342,"store_count":3,"opportunity_score":53},"geometry":{"type":"Polygon","coordinates":[[[-1.7588938110538717,52.527014665053414],[-1.7657804840301767,52.52575873554503],[-1.7669119259866908,52.52128506972272],[-1.761157553054987,52.51806758208203],[-1.7542719735029282,52.51932352372644],[-1.7531396735722125,52.52379694085673],[-1.7588938110538717,52.527014665053414]]]}},{"type":"Feature","properties":{"h3_index":"88195c068dfffff","resolution":8,"footfall_idx":30,"avg_spend":26,"weekly_revenue":724917,"store_count":3,"opportunity_score":70},"geometry":{"type":"Polygon","coordinates":[[[-1.7635170876202257,52.534705327080076],[-1.770404854278272,52.53344940960001],[-1.771536123255854,52.52897598953617],[-1.7657804840301767,52.52575873554503],[-1.7588938110538717,52.527014665053414],[-1.7577616837354302,52.53148783650579],[-1.7635170876202257,52.534705327080076]]]}},{"type":"Feature","properties":{"h3_index":"88195c06ebfffff","resolution":8,"footfall_idx":32,"avg_spend":30,"weekly_revenue":1052321,"store_count":3,"opportunity_score":46},"geometry":{"type":"Polygon","coordinates":[[[-1.768141803813911,52.5423955094176],[-1.7750306644112148,52.54113960385807],[-1.776161760232568,52.536666429693234],[-1.770404854278272,52.53344940960001],[-1.7635170876202257,52.534705327080076],[-1.7623851330911713,52.53917825271401],[-1.768141803813911,52.5423955094176]]]}},{"type":"Feature","properties":{"h3_index":"88195c06e9fffff","resolution":8,"footfall_idx":34,"avg_spend":34,"weekly_revenue":997576,"store_count":3,"opportunity_score":62},"geometry":{"type":"Polygon","coordinates":[[[-1.7727679602471964,52.55008521167718],[-1.7796579150413192,52.54882931793036],[-1.7807888375289913,52.54435638980505],[-1.7750306644112148,52.54113960385807],[-1.768141803813911,52.5423955094176],[-1.7670100222515304,52.54686818909259],[-1.7727679602471964,52.55008521167718]]]}},{"type":"Feature","properties":{"h3_index":"88195c0617fffff","resolution":8,"footfall_idx":36,"avg_spend":38,"weekly_revenue":1408687,"store_count":3,"opportunity_score":39},"geometry":{"type":"Polygon","coordinates":[[[-1.777395557532568,52.557774433470065],[-1.7842866067811314,52.55651855142803],[-1.785417355757536,52.552045869482754],[-1.7796579150413192,52.54882931793036],[-1.7727679602471964,52.55008521167718],[-1.7716363518288567,52.55455764525277],[-1.777395557532568,52.557774433470065]]]}},{"type":"Feature","properties":{"h3_index":"88195c0615fffff","resolution":8,"footfall_idx":37,"avg_spend":29,"weekly_revenue":1283876,"store_count":3,"opportunity_score":56},"geometry":{"type":"Polygon","coordinates":[[[-1.7820245962829218,52.56546317440752],[-1.7889167402435635,52.56420730396232],[-1.7900473155309902,52.55973486833749],[-1.7842866067811314,52.55651855142803],[-1.777395557532568,52.557774433470065],[-1.776264122435833,52.562246620805865],[-1.7820245962829218,52.56546317440752]]]}},{"type":"Feature","properties":{"h3_index":"88195c0603fffff","resolution":8,"footfall_idx":37,"avg_spend":33,"weekly_revenue":1176209,"store_count":3,"opportunity_score":73},"geometry":{"type":"Polygon","coordinates":[[[-1.7866550771114018,52.573151434100865],[-1.7935483160417947,52.571895575144495],[-1.7946787174623802,52.56742338598047],[-1.7889167402435635,52.56420730396232],[-1.7820245962829218,52.56546317440752],[-1.7808933346854383,52.56993511536314],[-1.7866550771114018,52.573151434100865]]]}},{"type":"Feature","properties":{"h3_index":"88195c0607fffff","resolution":8,"footfall_idx":42,"avg_spend":38,"weekly_revenue":1803645,"store_count":3,"opportunity_score":49},"geometry":{"type":"Polygon","coordinates":[[[-1.7993115621650986,52.57511142202293],[-1.806205444155224,52.57385484291855],[-1.8073349849804843,52.56938240566096],[-1.8015715045249925,52.56616679558239],[-1.7946787174623802,52.56742338598047],[-1.7935483160417947,52.571895575144495],[-1.7993115621650986,52.57511142202293]]]}},{"type":"Feature","properties":{"h3_index":"88195c062bfffff","resolution":8,"footfall_idx":46,"avg_spend":29,"weekly_revenue":1196452,"store_count":3,"opportunity_score":63},"geometry":{"type":"Polygon","coordinates":[[[-1.8119701938405643,52.57707021758159],[-1.8188647183363922,52.57581291808801],[-1.8199933981479566,52.571340232851824],[-1.8142284145914276,52.56812509506886],[-1.8073349849804843,52.56938240566096],[-1.806205444155224,52.57385484291855],[-1.8119701938405643,52.57707021758159]]]}},{"type":"Feature","properties":{"h3_index":"88195c0621fffff","resolution":8,"footfall_idx":48,"avg_spend":33,"weekly_revenue":1684865,"store_count":3,"opportunity_score":42},"geometry":{"type":"Polygon","coordinates":[[[-1.8246309714478635,52.57902782017957],[-1.8315261378948098,52.57776980005575],[-1.832653956274436,52.57329686695598],[-1.826887469753074,52.57008220182464],[-1.8199933981479566,52.571340232851824],[-1.8188647183363922,52.57581291808801],[-1.8246309714478635,52.57902782017957]]]}},{"type":"Feature","properties":{"h3_index":"88195c0625fffff","resolution":8,"footfall_idx":50,"avg_spend":37,"weekly_revenue":1536359,"store_count":4,"opportunity_score":56},"geometry":{"type":"Polygon","coordinates":[[[-1.8372938942959796,52.580984229219716],[-1.8441897021390312,52.579725488224646],[-1.8453166586685044,52.575252307376445],[-1.839548669319054,52.57203811525276],[-1.832653956274436,52.57329686695598],[-1.8315261378948098,52.57776980005575],[-1.8372938942959796,52.580984229219716]]]}},{"type":"Feature","properties":{"h3_index":"88195c0719fffff","resolution":8,"footfall_idx":49,"avg_spend":28,"weekly_revenue":1368229,"store_count":3,"opportunity_score":37},"geometry":{"type":"Polygon","coordinates":[[[-1.8499589616928327,52.58293944410497],[-1.8568554103764296,52.58167998199778],[-1.857981504637628,52.57720655351636],[-1.8522120125974797,52.57399283475634],[-1.8453166586685044,52.575252307376445],[-1.8441897021390312,52.579725488224646],[-1.8499589616928327,52.58293944410497]]]}},{"type":"Feature","properties":{"h3_index":"88195c071dfffff","resolution":8,"footfall_idx":47,"avg_spend":32,"weekly_revenue":1750714,"store_count":8,"opportunity_score":53},"geometry":{"type":"Polygon","coordinates":[[[-1.86262617294526,52.58489346423836],[-1.869523261913368,52.58363328077825],[-1.8706484934882712,52.579159604778916],[-1.8648774988953145,52.575946359738566],[-1.857981504637628,52.57720655351636],[-1.8568554103764296,52.58167998199778],[-1.86262617294526,52.58489346423836]]]}},{"type":"Feature","properties":{"h3_index":"88195c0703fffff","resolution":8,"footfall_idx":44,"avg_spend":36,"weekly_revenue":1474427,"store_count":8,"opportunity_score":70},"geometry":{"type":"Polygon","coordinates":[[[-1.8752955273590637,52.58684628902299],[-1.8821932560551364,52.58558538396926],[-1.8833176245257592,52.58111146056743],[-1.877545127518498,52.57789868960279],[-1.8706484934882712,52.579159604778916],[-1.869523261913368,52.58363328077825],[-1.8752955273590637,52.58684628902299]]]}},{"type":"Feature","properties":{"h3_index":"88195c0707fffff","resolution":8,"footfall_idx":40,"avg_spend":28,"weekly_revenue":1229326,"store_count":7,"opportunity_score":51},"geometry":{"type":"Polygon","coordinates":[[[-1.8879670242389108,52.58879791786212],[-1.8948653921059186,52.58753629097415],[-1.8959888970543806,52.583062120285305],[-1.8902148977718911,52.579849823752376],[-1.8833176245257592,52.58111146056743],[-1.8821932560551364,52.58558538396926],[-1.8879670242389108,52.58879791786212]]]}},{"type":"Feature","properties":{"h3_index":"88195c072bfffff","resolution":8,"footfall_idx":35,"avg_spend":32,"weekly_revenue":968127,"store_count":7,"opportunity_score":71},"geometry":{"type":"Polygon","coordinates":[[[-1.9006406628884316,52.59074835015905],[-1.9075396693688362,52.58948600119635],[-1.9086623103773173,52.58501158333605],[-1.9028868089592672,52.581799761590815],[-1.8959888970543806,52.583062120285305],[-1.8948653921059186,52.58753629097415],[-1.9006406628884316,52.59074835015905]]]}},{"type":"Feature","properties":{"h3_index":"88195c0721fffff","resolution":8,"footfall_idx":35,"avg_spend":31,"weekly_revenue":1118837,"store_count":7,"opportunity_score":48},"geometry":{"type":"Polygon","coordinates":[[[-1.9133164426102038,52.59269758531721],[-1.9202160871459482,52.591434514039335],[-1.9213378637967655,52.586959849123275],[-1.915560860383347,52.58374850252177],[-1.9086623103773173,52.58501158333605],[-1.9075396693688362,52.58948600119635],[-1.9133164426102038,52.59269758531721]]]}},{"type":"Feature","properties":{"h3_index":"88195c0725fffff","resolution":8,"footfall_idx":34,"avg_spend":24,"weekly_revenue":977546,"store_count":7,"opportunity_score":66},"geometry":{"type":"Polygon","coordinates":[[[-1.925994362705663,52.59464562274012],[-1.932894644738245,52.59338182890675],[-1.934015556613712,52.5889069170507],[-1.92823705134576,52.58569604594889],[-1.9213378637967655,52.586959849123275],[-1.9202160871459482,52.591434514039335],[-1.925994362705663,52.59464562274012]]]}},{"type":"Feature","properties":{"h3_index":"88195c0099fffff","resolution":8,"footfall_idx":33,"avg_spend":27,"weekly_revenue":859602,"store_count":6,"opportunity_score":44},"geometry":{"type":"Polygon","coordinates":[[[-1.9386744224752335,52.5965924618314],[-1.945575341445645,52.59532794520229],[-1.9466953881281992,52.5908527865221],[-1.9409153811470516,52.587642391276],[-1.934015556613712,52.5889069170507],[-1.932894644738245,52.59338182890675],[-1.9386744224752335,52.5965924618314]]]}},{"type":"Feature","properties":{"h3_index":"88195c009dfffff","resolution":8,"footfall_idx":30,"avg_spend":31,"weekly_revenue":1052339,"store_count":6,"opportunity_score":62},"geometry":{"type":"Polygon","coordinates":[[[-1.9513566212182742,52.59853810199473],[-1.9582581765669411,52.5972728623298],[-1.9593773576391,52.59279745694139],[-1.9535958490867367,52.589587537906965],[-1.9466953881281992,52.5908527865221],[-1.945575341445645,52.59532794520229],[-1.9513566212182742,52.59853810199473]]]}},{"type":"Feature","properties":{"h3_index":"88195c0095fffff","resolution":8,"footfall_idx":32,"avg_spend":23,"weekly_revenue":661174,"store_count":6,"opportunity_score":79},"geometry":{"type":"Polygon","coordinates":[[[-1.9593773576391,52.59279745694139],[-1.966278454463248,52.59153148524582],[-1.9673969485339418,52.58705558567165],[-1.9616152115526877,52.5838459044472],[-1.9547152088158968,52.585111885006135],[-1.9535958490867367,52.589587537906965],[-1.9593773576391,52.59279745694139]]]}},{"type":"Feature","properties":{"h3_index":"88195c00bbfffff","resolution":8,"footfall_idx":33,"avg_spend":27,"weekly_revenue":949023,"store_count":6,"opportunity_score":56},"geometry":{"type":"Polygon","coordinates":[[[-1.9673969485339418,52.58705558567165],[-1.9742975866237331,52.58578888198781],[-1.9754153938340384,52.581312488322226],[-1.9696334287745467,52.57810304495972],[-1.9627338844693267,52.579369757420054],[-1.9616152115526877,52.5838459044472],[-1.9673969485339418,52.58705558567165]]]}},{"type":"Feature","properties":{"h3_index":"88195c00b3fffff","resolution":8,"footfall_idx":34,"avg_spend":30,"weekly_revenue":848547,"store_count":6,"opportunity_score":73},"geometry":{"type":"Polygon","coordinates":[[[-1.9754153938340384,52.581312488322226],[-1.9823155729798336,52.58004505269256],[-1.9834326934708115,52.575568165029956],[-1.9776505006836869,52.57235895958127],[-1.9707514150196237,52.573626403900576],[-1.9696334287745467,52.57810304495972],[-1.9754153938340384,52.581312488322226]]]}},{"type":"Feature","properties":{"h3_index":"88195c0e59fffff","resolution":8,"footfall_idx":33,"avg_spend":23,"weekly_revenue":758010,"store_count":6,"opportunity_score":51},"geometry":{"type":"Polygon","coordinates":[[[-1.9834326934708115,52.575568165029956],[-1.9903324134631293,52.57429999749705],[-1.9914488473758911,52.569822615931876],[-1.985666427211574,52.56661364844889],[-1.9787678003981357,52.5678818245846],[-1.9776505006836869,52.57235895958127],[-1.9834326934708115,52.575568165029956]]]}},{"type":"Feature","properties":{"h3_index":"88195c0e51fffff","resolution":8,"footfall_idx":33,"avg_spend":26,"weekly_revenue":999984,"store_count":6,"opportunity_score":68},"geometry":{"type":"Polygon","coordinates":[[[-1.9914488473758911,52.569822615931876],[-1.9983481080053909,52.568553716538375],[-1.999463855481106,52.56407584116519],[-1.9936812082899438,52.56086711169977],[-1.9867830405364326,52.5621360196092],[-1.985666427211574,52.56661364844889],[-1.9914488473758911,52.569822615931876]]]}},{"type":"Feature","properties":{"h3_index":"88195c0e57fffff","resolution":8,"footfall_idx":31,"avg_spend":30,"weekly_revenue":867011,"store_count":5,"opportunity_score":46},"geometry":{"type":"Polygon","coordinates":[[[-1.999463855481106,52.56407584116519],[-2.0063626565386024,52.562806209953884],[-2.0074777177184835,52.55832784086725],[-2.0016948438507125,52.55511934947119],[-1.994797135366257,52.55638898911161],[-1.9936812082899438,52.56086711169977],[-1.999463855481106,52.56407584116519]]]}},{"type":"Feature","properties":{"h3_index":"88195c0e1dfffff","resolution":8,"footfall_idx":29,"avg_spend":33,"weekly_revenue":1051797,"store_count":5,"opportunity_score":65},"geometry":{"type":"Polygon","coordinates":[[[-2.0074777177184835,52.55832784086725],[-2.0143760589949857,52.55705747788099],[-2.01549043402025,52.55257861517562],[-2.00970733382597,52.549370361900706],[-2.0028100848195547,52.55064073322924],[-2.0016948438507125,52.55511934947119],[-2.0074777177184835,52.55832784086725]]]}},{"type":"Feature","properties":{"h3_index":"88195c0e15fffff","resolution":8,"footfall_idx":27,"avg_spend":26,"weekly_revenue":607822,"store_count":5,"opportunity_score":42},"geometry":{"type":"Polygon","coordinates":[[[-2.01549043402025,52.55257861517562],[-2.0223883153068845,52.55130752045735],[-2.0235020043188245,52.54682816422798],[-2.0177186781480367,52.54362014912593],[-2.0108218888285094,52.54489125209964],[-2.00970733382597,52.549370361900706],[-2.01549043402025,52.55257861517562]]]}},{"type":"Feature","properties":{"h3_index":"88195c0e3bfffff","resolution":8,"footfall_idx":24,"avg_spend":29,"weekly_revenue":718711,"store_count":4,"opportunity_score":62},"geometry":{"type":"Polygon","coordinates":[[[-2.0235020043188245,52.54682816422798],[-2.0303994254069027,52.54555633782077],[-2.0315124285468533,52.5410764881622],[-2.025728876749421,52.53786871128479],[-2.018832547325439,52.53914054586056],[-2.0177186781480367,52.54362014912593],[-2.0235020043188245,52.54682816422798]]]}},{"type":"Feature","properties":{"h3_index":"88195c0e33fffff","resolution":8,"footfall_idx":20,"avg_spend":33,"weekly_revenue":791616,"store_count":4,"opportunity_score":82},"geometry":{"type":"Polygon","coordinates":[[[-2.0315124285468533,52.5410764881622],[-2.038409389227813,52.53980393010924],[-2.0395217066371303,52.53532358711636],[-2.0337379295628137,52.53211604851521],[-2.0268420602428936,52.533388614649944],[-2.025728876749421,52.53786871128479],[-2.0315124285468533,52.5410764881622]]]}},{"type":"Feature","properties":{"h3_index":"88195c0c59fffff","resolution":8,"footfall_idx":16,"avg_spend":25,"weekly_revenue":386482,"store_count":4,"opportunity_score":59},"geometry":{"type":"Polygon","coordinates":[[[-2.0395217066371303,52.53532358711636],[-2.046418206702588,52.53405029746087],[-2.0475298385226863,52.52956946122861],[-2.0417458365211676,52.52636216095543],[-2.03485042751363,52.52763545860583],[-2.0337379295628137,52.53211604851521],[-2.0395217066371303,52.53532358711636]]]}},{"type":"Feature","properties":{"h3_index":"88195c0c51fffff","resolution":8,"footfall_idx":16,"avg_spend":29,"weekly_revenue":525708,"store_count":4,"opportunity_score":79},"geometry":{"type":"Polygon","coordinates":[[[-2.0475298385226863,52.52956946122861],[-2.0544258777644333,52.528295440014],[-2.0555368241367358,52.52381411063741],[-2.0497525975575046,52.5206070487438],[-2.0428576490705925,52.52188107786648],[-2.0417458365211676,52.52636216095543],[-2.0475298385226863,52.52956946122861]]]}},{"type":"Feature","properties":{"h3_index":"88195c0c57fffff","resolution":8,"footfall_idx":16,"avg_spend":32,"weekly_revenue":460687,"store_count":3,"opportunity_score":53},"geometry":{"type":"Polygon","coordinates":[[[-2.0555368241367358,52.52381411063741],[-2.062432402346691,52.52253935790711],[-2.0635426634127065,52.51805753548126],[-2.0577582126051746,52.5148507120188],[-2.05086372484691,52.51612547257033],[-2.0497525975575046,52.5206070487438],[-2.0555368241367358,52.52381411063741]]]}},{"type":"Feature","properties":{"h3_index":"88195c0c1dfffff","resolution":8,"footfall_idx":16,"avg_spend":25,"weekly_revenue":426626,"store_count":3,"opportunity_score":73},"geometry":{"type":"Polygon","coordinates":[[[-2.0635426634127065,52.51805753548126],[-2.07043778038296,52.516782051278845],[-2.0715473562842113,52.51229973589887],[-2.0657626815976675,52.509093150919156],[-2.0588686547759307,52.51036864285596],[-2.0577582126051746,52.5148507120188],[-2.0635426634127065,52.51805753548126]]]}},{"type":"Feature","properties":{"h3_index":"88195c0c11fffff","resolution":8,"footfall_idx":16,"avg_spend":28,"weekly_revenue":373342,"store_count":3,"opportunity_score":47},"geometry":{"type":"Polygon","coordinates":[[[-2.0588686547759307,52.51036864285596],[-2.0657626815976675,52.509093150919156],[-2.0668724387911936,52.504610588862136],[-2.0610890351769684,52.50140376502121],[-2.054196098250894,52.50267926480073],[-2.0530854751562764,52.507161580559206],[-2.0588686547759307,52.51036864285596]]]}},{"type":"Feature","properties":{"h3_index":"88195c0c13fffff","resolution":8,"footfall_idx":16,"avg_spend":32,"weekly_revenue":512072,"store_count":3,"opportunity_score":67},"geometry":{"type":"Polygon","coordinates":[[[-2.054196098250894,52.50267926480073],[-2.0610890351769684,52.50140376502121],[-2.062198973481831,52.49692095642854],[-2.0564168405063286,52.49371389397614],[-2.049524993223123,52.49498940170667],[-2.04841418938542,52.49947196391936],[-2.054196098250894,52.50267926480073]]]}},{"type":"Feature","properties":{"h3_index":"88195c0cc5fffff","resolution":8,"footfall_idx":16,"avg_spend":24,"weekly_revenue":448100,"store_count":3,"opportunity_score":87},"geometry":{"type":"Polygon","coordinates":[[[-2.049524993223123,52.49498940170667],[-2.0564168405063286,52.49371389397614],[-2.0575269597417325,52.4892308389893],[-2.051746096971558,52.486023538175104],[-2.0448553390784343,52.487299053964854],[-2.0437443546782403,52.49178186249031],[-2.049524993223123,52.49498940170667]]]}},{"type":"Feature","properties":{"h3_index":"88195c0cc7fffff","resolution":8,"footfall_idx":16,"avg_spend":28,"weekly_revenue":418304,"store_count":3,"opportunity_score":61},"geometry":{"type":"Polygon","coordinates":[[[-2.0448553390784343,52.487299053964854],[-2.051746096971558,52.486023538175104],[-2.0528563969568188,52.48154023693561],[-2.0470768039587073,52.478332698009375],[-2.040187135202945,52.47960822196646],[-2.03907597042076,52.4840912766632],[-2.0448553390784343,52.487299053964854]]]}},{"type":"Feature","properties":{"h3_index":"88195c0c89fffff","resolution":8,"footfall_idx":16,"avg_spend":31,"weekly_revenue":545849,"store_count":3,"opportunity_score":81},"geometry":{"type":"Polygon","coordinates":[[[-2.040187135202945,52.47960822196646],[-2.0470768039587073,52.478332698009375],[-2.048187284513329,52.473849150658744],[-2.0424089608542064,52.47064137387014],[-2.0355203809831073,52.47191690610266],[-2.0344090359992624,52.47640020682914],[-2.040187135202945,52.47960822196646]]]}},{"type":"Feature","properties":{"h3_index":"88195c0c8bfffff","resolution":8,"footfall_idx":20,"avg_spend":25,"weekly_revenue":433644,"store_count":3,"opportunity_score":54},"geometry":{"type":"Polygon","coordinates":[[[-2.0355203809831073,52.47191690610266],[-2.0424089608542064,52.47064137387014],[-2.043519621797775,52.46615758055001],[-2.037742567044746,52.462949566148694],[-2.03085507580564,52.464225106764715],[-2.0297435508003456,52.46870865337933],[-2.0355203809831073,52.47191690610266]]]}},{"type":"Feature","properties":{"h3_index":"88195c0c9dfffff","resolution":8,"footfall_idx":24,"avg_spend":29,"weekly_revenue":719716,"store_count":3,"opportunity_score":71},"geometry":{"type":"Polygon","coordinates":[[[-2.03085507580564,52.464225106764715],[-2.037742567044746,52.462949566148694],[-2.038853408197016,52.4584655270007],[-2.033077621917328,52.45525727523637],[-2.0261912190576026,52.45653282434382],[-2.0250795142109195,52.461016616704974],[-2.03085507580564,52.464225106764715]]]}},{"type":"Feature","properties":{"h3_index":"88195c0c91fffff","resolution":8,"footfall_idx":28,"avg_spend":33,"weekly_revenue":739997,"store_count":3,"opportunity_score":45},"geometry":{"type":"Polygon","coordinates":[[[-2.0261912190576026,52.45653282434382],[-2.033077621917328,52.45525727523637],[-2.0341886430981813,52.450772990402214],[-2.0284141248592693,52.447564501524525],[-2.021528810126332,52.44884005923133],[-2.0204169256182056,52.4533240971973],[-2.0261912190576026,52.45653282434382]]]}},{"type":"Feature","properties":{"h3_index":"88195c0c93fffff","resolution":8,"footfall_idx":31,"avg_spend":25,"weekly_revenue":749928,"store_count":3,"opportunity_score":62},"geometry":{"type":"Polygon","coordinates":[[[-2.021528810126332,52.44884005923133],[-2.0284141248592693,52.447564501524525],[-2.0295253258887063,52.443079971145934],[-2.023752075258186,52.43987124540452],[-2.016867848399468,52.44114681181855],[-2.0157557844096963,52.44563109524763],[-2.021528810126332,52.44884005923133]]]}},{"type":"Feature","properties":{"h3_index":"88195c3945fffff","resolution":8,"footfall_idx":34,"avg_spend":28,"weekly_revenue":1079984,"store_count":3,"opportunity_score":78},"geometry":{"type":"Polygon","coordinates":[[[-2.016867848399468,52.44114681181855],[-2.023752075258186,52.43987124540452],[-2.024863455956346,52.43538646962331],[-2.0190914725019677,52.43217750726781],[-2.0122083332649527,52.43345308249684],[-2.011096089973214,52.43793761124726],[-2.016867848399468,52.44114681181855]]]}},{"type":"Feature","properties":{"h3_index":"88195c3947fffff","resolution":8,"footfall_idx":37,"avg_spend":32,"weekly_revenue":1067049,"store_count":3,"opportunity_score":54},"geometry":{"type":"Polygon","coordinates":[[[-2.0122083332649527,52.43345308249684],[-2.0190914725019677,52.43217750726781],[-2.0202030326891554,52.427692486225794],[-2.0144323159788695,52.424483287505836],[-2.0075502641110403,52.42575887165763],[-2.00643784169689,52.43024364558754],[-2.0122083332649527,52.43345308249684]]]}},{"type":"Feature","properties":{"h3_index":"88195c3909fffff","resolution":8,"footfall_idx":39,"avg_spend":24,"weekly_revenue":999658,"store_count":3,"opportunity_score":70},"geometry":{"type":"Polygon","coordinates":[[[-2.0075502641110403,52.42575887165763],[-2.0144323159788695,52.424483287505836],[-2.0155440554754698,52.419998021344924],[-2.009774605077379,52.4167885865101],[-2.0028936403263176,52.41806417969232],[-2.001781038969142,52.42254919865986],[-2.0075502641110403,52.42575887165763]]]}},{"type":"Feature","properties":{"h3_index":"88195c390bfffff","resolution":8,"footfall_idx":41,"avg_spend":28,"weekly_revenue":958348,"store_count":3,"opportunity_score":48},"geometry":{"type":"Polygon","coordinates":[[[-2.0028936403263176,52.41806417969232],[-2.009774605077379,52.4167885865101],[-2.0108865237039675,52.412303075372236],[-2.0051183391863527,52.409093404672134],[-1.9982384612996087,52.41036900699243],[-1.9971256811786797,52.41485427085567],[-2.0028936403263176,52.41806417969232]]]}},{"type":"Feature","properties":{"h3_index":"88195c391dfffff","resolution":8,"footfall_idx":42,"avg_spend":32,"weekly_revenue":1346130,"store_count":3,"opportunity_score":63},"geometry":{"type":"Polygon","coordinates":[[[-1.9982384612996087,52.41036900699243],[-2.0051183391863527,52.409093404672134],[-2.0062304367635995,52.40460764869927],[-2.000463517694892,52.40139774238351],[-1.9935847264200945,52.40267335394942],[-1.9924717677145634,52.40715886256641],[-1.9982384612996087,52.41036900699243]]]}},{"type":"Feature","properties":{"h3_index":"88195c3919fffff","resolution":8,"footfall_idx":49,"avg_spend":35,"weekly_revenue":2003757,"store_count":4,"opportunity_score":40},"geometry":{"type":"Polygon","coordinates":[[[-1.985592519727062,52.40843374396452],[-1.9924717677145634,52.40715886256641],[-1.9935847264200945,52.40267335394942],[-1.9878192979660916,52.399462974183585],[-1.9809411366384233,52.40073786502192],[-1.9798273172174468,52.40522312616683],[-1.985592519727062,52.40843374396452]]]}},{"type":"Feature","properties":{"h3_index":"88195c3825fffff","resolution":8,"footfall_idx":55,"avg_spend":27,"weekly_revenue":1388711,"store_count":4,"opportunity_score":53},"geometry":{"type":"Polygon","coordinates":[[[-1.97294869968472,52.40649728688093],[-1.9798273172174468,52.40522312616683],[-1.9809411366384233,52.40073786502192],[-1.9751771989416962,52.3975270121602],[-1.9682996681162945,52.39880118250907],[-1.9671849883928294,52.40328619606584],[-1.97294869968472,52.40649728688093]]]}},{"type":"Feature","properties":{"h3_index":"88195c3821fffff","resolution":8,"footfall_idx":60,"avg_spend":31,"weekly_revenue":2049619,"store_count":4,"opportunity_score":32},"geometry":{"type":"Polygon","coordinates":[[[-1.9603070018699096,52.4045596363341],[-1.9671849883928294,52.40328619606584],[-1.9682996681162945,52.39880118250907],[-1.9625372213188994,52.39558985690568],[-1.9556603215504056,52.396863307003294],[-1.95454478193745,52.40134807285593],[-1.9603070018699096,52.4045596363341]]]}},{"type":"Feature","properties":{"h3_index":"88195c382bfffff","resolution":8,"footfall_idx":64,"avg_spend":35,"weekly_revenue":1945961,"store_count":9,"opportunity_score":44},"geometry":{"type":"Polygon","coordinates":[[[-1.9476674269788732,52.402620792916714],[-1.95454478193745,52.40134807285593],[-1.9556603215504056,52.396863307003294],[-1.9498993657937818,52.393651509012464],[-1.9430230976363534,52.394924239097115],[-1.9419066985470013,52.39940875712973],[-1.9476674269788732,52.402620792916714]]]}},{"type":"Feature","properties":{"h3_index":"88195c3807fffff","resolution":8,"footfall_idx":66,"avg_spend":27,"weekly_revenue":1845296,"store_count":9,"opportunity_score":57},"geometry":{"type":"Polygon","coordinates":[[[-1.9350299757068101,52.40068075722143],[-1.9419066985470013,52.39940875712973],[-1.9430230976363534,52.394924239097115],[-1.9372636330613775,52.391711969073114],[-1.9303879970686852,52.392983979383175],[-1.929270738916103,52.39746824947992],[-1.9350299757068101,52.40068075722143]]]}},{"type":"Feature","properties":{"h3_index":"88195c3803fffff","resolution":8,"footfall_idx":66,"avg_spend":31,"weekly_revenue":1641520,"store_count":9,"opportunity_score":39},"geometry":{"type":"Polygon","coordinates":[[[-1.9223946487478893,52.39873952984109],[-1.929270738916103,52.39746824947992],[-1.9303879970686852,52.392983979383175],[-1.9246300238156926,52.38977123768017],[-1.9177550205409015,52.39104252845416],[-1.9166369037383326,52.39552655049936],[-1.9223946487478893,52.39873952984109]]]}},{"type":"Feature","properties":{"h3_index":"88195c381dfffff","resolution":8,"footfall_idx":63,"avg_spend":34,"weekly_revenue":2075799,"store_count":9,"opportunity_score":54},"geometry":{"type":"Polygon","coordinates":[[[-1.9097614467951443,52.39679711136857],[-1.9166369037383326,52.39552655049936],[-1.9177550205409015,52.39104252845416],[-1.9119985387496174,52.387829315426444],[-1.905124168745419,52.38909988690295],[-1.9040051937061895,52.39358366078095],[-1.9097614467951443,52.39679711136857]]]}},{"type":"Feature","properties":{"h3_index":"88195c3819fffff","resolution":8,"footfall_idx":59,"avg_spend":26,"weekly_revenue":1742441,"store_count":8,"opportunity_score":38},"geometry":{"type":"Polygon","coordinates":[[[-1.8971303705406153,52.3948535023969],[-1.9040051937061895,52.39358366078095],[-1.905124168745419,52.38909988690295],[-1.8993691785550275,52.38588620290473],[-1.8924954423736176,52.387156055322386],[-1.8913756095111414,52.391639580917655],[-1.8971303705406153,52.3948535023969]]]}},{"type":"Feature","properties":{"h3_index":"88195c3aa5fffff","resolution":8,"footfall_idx":53,"avg_spend":34,"weekly_revenue":1626608,"store_count":8,"opportunity_score":55},"geometry":{"type":"Polygon","coordinates":[[[-1.8845014206752724,52.39290870351913],[-1.8913756095111414,52.391639580917655],[-1.8924954423736176,52.387156055322386],[-1.88674194392273,52.38394190070793],[-1.8798688421158227,52.385211034305534],[-1.8787481518435503,52.38969431150261],[-1.8845014206752724,52.39290870351913]]]}},{"type":"Feature","properties":{"h3_index":"88195c3aa1fffff","resolution":8,"footfall_idx":51,"avg_spend":38,"weekly_revenue":2072604,"store_count":8,"opportunity_score":36},"geometry":{"type":"Polygon","coordinates":[[[-1.87187459788899,52.390962715328534],[-1.8787481518435503,52.38969431150261],[-1.8798688421158227,52.385211034305534],[-1.874116835542463,52.38199640942909],[-1.8672443686612583,52.3832648244455],[-1.8661228213927858,52.38774785312902],[-1.87187459788899,52.390962715328534]]]}},{"type":"Feature","properties":{"h3_index":"88195c3aabfffff","resolution":8,"footfall_idx":48,"avg_spend":29,"weekly_revenue":1164049,"store_count":7,"opportunity_score":53},"geometry":{"type":"Polygon","coordinates":[[[-1.859249902870638,52.38901553841835],[-1.8661228213927858,52.38774785312902],[-1.8672443686612583,52.3832648244455],[-1.8614938541029218,52.380049729661316],[-1.8546220226981487,52.381317426335485],[-1.8534996188470945,52.385800206390186],[-1.859249902870638,52.38901553841835]]]}},{"type":"Feature","properties":{"h3_index":"88195c3a87fffff","resolution":8,"footfall_idx":43,"avg_spend":33,"weekly_revenue":1423298,"store_count":7,"opportunity_score":71},"geometry":{"type":"Polygon","coordinates":[[[-1.8466273363079895,52.38706717338201],[-1.8534996188470945,52.385800206390186],[-1.8546220226981487,52.381317426335485],[-1.8488730002917164,52.378101861997834],[-1.8420018049136204,52.3793688405688],[-1.840878544893708,52.38385137187949],[-1.8466273363079895,52.38706717338201]]]}},{"type":"Feature","properties":{"h3_index":"88195c3a83fffff","resolution":8,"footfall_idx":38,"avg_spend":38,"weekly_revenue":1689214,"store_count":6,"opportunity_score":52},"geometry":{"type":"Polygon","coordinates":[[[-1.8340068988877578,52.38511762081294],[-1.840878544893708,52.38385137187949],[-1.8420018049136204,52.3793688405688],[-1.8362542747954465,52.37615280703192],[-1.829383715993761,52.377419067738856],[-1.8282596002187894,52.381901350190425],[-1.8340068988877578,52.38511762081294]]]}},{"type":"Feature","properties":{"h3_index":"88195c3a9dfffff","resolution":8,"footfall_idx":37,"avg_spend":21,"weekly_revenue":727741,"store_count":6,"opportunity_score":69},"geometry":{"type":"Polygon","coordinates":[[[-1.8213885912956294,52.38316688130481],[-1.8282596002187894,52.381901350190425],[-1.829383715993761,52.377419067738856],[-1.8236376782996164,52.37420256535701],[-1.8167677566235916,52.37546810843914],[-1.815642785507393,52.3799501419166],[-1.8213885912956294,52.38316688130481]]]}},{"type":"Feature","properties":{"h3_index":"88195c3ad7fffff","resolution":8,"footfall_idx":38,"avg_spend":24,"weekly_revenue":1006292,"store_count":6,"opportunity_score":47},"geometry":{"type":"Polygon","coordinates":[[[-1.8133923348170373,52.38891347264171],[-1.8202637936526114,52.38764867116214],[-1.8213885912956294,52.38316688130481],[-1.815642785507393,52.3799501419166],[-1.8087724142161896,52.38121495545123],[-1.8076467612817522,52.38569649630024],[-1.8133923348170373,52.38891347264171]]]}},{"type":"Feature","properties":{"h3_index":"88195c3ad1fffff","resolution":8,"footfall_idx":38,"avg_spend":27,"weekly_revenue":892802,"store_count":6,"opportunity_score":64},"geometry":{"type":"Polygon","coordinates":[[[-1.8053949466292327,52.39465884161215],[-1.8122668551680037,52.39339476980955],[-1.8133923348170373,52.38891347264171],[-1.8076467612817522,52.38569649630024],[-1.8007759405845305,52.38696058024524],[-1.799649605694002,52.39144162837056],[-1.8053949466292327,52.39465884161215]]]}},{"type":"Feature","properties":{"h3_index":"88195c3ad9fffff","resolution":8,"footfall_idx":37,"avg_spend":20,"weekly_revenue":767354,"store_count":6,"opportunity_score":42},"geometry":{"type":"Polygon","coordinates":[[[-1.797396426803609,52.40040298807891],[-1.8042687848362358,52.39913964599529],[-1.8053949466292327,52.39465884161215],[-1.799649605694002,52.39144162837056],[-1.7927783358000962,52.39270498268389],[-1.7916513188156955,52.39718553799035],[-1.797396426803609,52.40040298807891]]]}},{"type":"Feature","properties":{"h3_index":"88195c3133fffff","resolution":8,"footfall_idx":35,"avg_spend":24,"weekly_revenue":675151,"store_count":5,"opportunity_score":60},"geometry":{"type":"Polygon","coordinates":[[[-1.7893967754117543,52.4061459119049],[-1.7962695827287658,52.40488329958222],[-1.797396426803609,52.40040298807891],[-1.7916513188156955,52.39718553799035],[-1.7847795999345708,52.39844816263007],[-1.7836519007185316,52.402928225022585],[-1.7893967754117543,52.4061459119049]]]}},{"type":"Feature","properties":{"h3_index":"88195c313bfffff","resolution":8,"footfall_idx":32,"avg_spend":27,"weekly_revenue":838545,"store_count":5,"opportunity_score":79},"geometry":{"type":"Polygon","coordinates":[[[-1.7813959925255078,52.41188761295324],[-1.7882692489172034,52.41062573043332],[-1.7893967754117543,52.4061459119049],[-1.7836519007185316,52.402928225022585],[-1.7767797330598245,52.40419011994684],[-1.775651351474458,52.40866968933035],[-1.7813959925255078,52.41188761295324]]]}},{"type":"Feature","properties":{"h3_index":"88195c3115fffff","resolution":8,"footfall_idx":29,"avg_spend":30,"weekly_revenue":989473,"store_count":5,"opportunity_score":58},"geometry":{"type":"Polygon","coordinates":[[[-1.7733940782168773,52.41762809108717],[-1.7802677834734617,52.41636693841176],[-1.7813959925255078,52.41188761295324],[-1.775651351474458,52.40866968933035],[-1.7687787352479232,52.409930854497425],[-1.767649671155578,52.414409930777],[-1.7733940782168773,52.41762809108717]]]}},{"type":"Feature","properties":{"h3_index":"88195c311dfffff","resolution":8,"footfall_idx":25,"avg_spend":23,"weekly_revenue":519865,"store_count":4,"opportunity_score":78},"geometry":{"type":"Polygon","coordinates":[[[-1.765391032558052,52.42336734617014],[-1.7722651864695478,52.42210692338087],[-1.7733940782168773,52.41762809108717],[-1.767649671155578,52.414409930777],[-1.760776606571176,52.41567036614522],[-1.7596468598342077,52.420148949225954],[-1.765391032558052,52.42336734617014]]]}},{"type":"Feature","properties":{"h3_index":"88195c3157fffff","resolution":8,"footfall_idx":21,"avg_spend":26,"weekly_revenue":584711,"store_count":4,"opportunity_score":55},"geometry":{"type":"Polygon","coordinates":[[[-1.75738685562144,52.42910537806575],[-1.764261457977724,52.42784568520418],[-1.765391032558052,52.42336734617014],[-1.7596468598342077,52.420148949225954],[-1.7527733471020241,52.42140865475381],[-1.75164291758286,52.42588674454088],[-1.75738685562144,52.42910537806575]]]}},{"type":"Feature","properties":{"h3_index":"88195c3151fffff","resolution":8,"footfall_idx":19,"avg_spend":29,"weekly_revenue":461565,"store_count":4,"opportunity_score":75},"geometry":{"type":"Polygon","coordinates":[[[-1.7493815474796441,52.43484218663779],[-1.7562565980704339,52.43358322374534],[-1.75738685562144,52.42910537806575],[-1.75164291758286,52.42588674454088],[-1.744768956913152,52.42714572018693],[-1.7436378444742686,52.431623316585565],[-1.7493815474796441,52.43484218663779]]]}},{"type":"Feature","properties":{"h3_index":"88195c3159fffff","resolution":8,"footfall_idx":19,"avg_spend":23,"weekly_revenue":438955,"store_count":4,"opportunity_score":50},"geometry":{"type":"Polygon","coordinates":[[[-1.7413751082054387,52.44057777175018],[-1.748250606820312,52.4393195388682],[-1.7493815474796441,52.43484218663779],[-1.7436378444742686,52.431623316585565],[-1.7367634360774074,52.432881562308474],[-1.735631640581322,52.43735866522398],[-1.7413751082054387,52.44057777175018]]]}},{"type":"Feature","properties":{"h3_index":"88195c3333fffff","resolution":8,"footfall_idx":19,"avg_spend":26,"weekly_revenue":578603,"store_count":3,"opportunity_score":69},"geometry":{"type":"Polygon","coordinates":[[[-1.7333675378718303,52.44631213326706],[-1.7402434843001704,52.44505463043678],[-1.7413751082054387,52.44057777175018],[-1.735631640581322,52.43735866522398],[-1.7287567846678857,52.438616180982514],[-1.7276243059771095,52.443092790320314],[-1.7333675378718303,52.44631213326706]]]}},{"type":"Feature","properties":{"h3_index":"88195c333bfffff","resolution":8,"footfall_idx":19,"avg_spend":29,"weekly_revenue":516864,"store_count":3,"opportunity_score":44},"geometry":{"type":"Polygon","coordinates":[[[-1.725358836552006,52.452045271052704],[-1.7322352305830921,52.45078849831527],[-1.7333675378718303,52.44631213326706],[-1.7276243059771095,52.443092790320314],[-1.720749002757816,52.4443495760733],[-1.7196158407349458,52.44882569173884],[-1.725358836552006,52.452045271052704]]]}},{"type":"Feature","properties":{"h3_index":"88195c3315fffff","resolution":8,"footfall_idx":19,"avg_spend":28,"weekly_revenue":587772,"store_count":3,"opportunity_score":64},"geometry":{"type":"Polygon","coordinates":[[[-1.7173490043193544,52.45777718497157],[-1.7242258457422681,52.45652114236801],[-1.725358836552006,52.452045271052704],[-1.7196158407349458,52.44882569173884],[-1.7127400904206564,52.45008174744527],[-1.711606244928346,52.454557369344045],[-1.7173490043193544,52.45777718497157]]]}},{"type":"Feature","properties":{"h3_index":"88195c331dfffff","resolution":8,"footfall_idx":19,"avg_spend":32,"weekly_revenue":529946,"store_count":3,"opportunity_score":83},"geometry":{"type":"Polygon","coordinates":[[[-1.7093380412474515,52.46350787488828],[-1.7162153298511496,52.46225256245953],[-1.7173490043193544,52.45777718497157],[-1.711606244928346,52.454557369344045],[-1.704730047730075,52.45581269496301],[-1.7035955186310012,52.46028782300062],[-1.7093380412474515,52.46350787488828]]]}},{"type":"Feature","properties":{"h3_index":"88195c330bfffff","resolution":8,"footfall_idx":11,"avg_spend":36,"weekly_revenue":411210,"store_count":2,"opportunity_score":61},"geometry":{"type":"Polygon","coordinates":[[[-1.7139474682052036,52.47120257898061],[-1.7208258484716616,52.46994727963484],[-1.7219593517398346,52.46547214669868],[-1.7162153298511496,52.46225256245953],[-1.7093380412474515,52.46350787488828],[-1.708203682983348,52.46798275845452],[-1.7139474682052036,52.47120257898061]]]}},{"type":"Feature","properties":{"h3_index":"88195c3309fffff","resolution":8,"footfall_idx":11,"avg_spend":28,"weekly_revenue":248000,"store_count":2,"opportunity_score":81},"geometry":{"type":"Polygon","coordinates":[[[-1.7185583292126558,52.478896806850905],[-1.7254378013992027,52.477641520480866],[-1.7265711332912814,52.47316663223744],[-1.7208258484716616,52.46994727963484],[-1.7139474682052036,52.47120257898061],[-1.7128132809519685,52.47567721793456],[-1.7185583292126558,52.478896806850905]]]}},{"type":"Feature","properties":{"h3_index":"88195c3347fffff","resolution":8,"footfall_idx":11,"avg_spend":32,"weekly_revenue":342138,"store_count":2,"opportunity_score":55},"geometry":{"type":"Polygon","coordinates":[[[-1.7231706248793108,52.486590558110215],[-1.7300511892434125,52.485335284608546],[-1.7311843495831907,52.48086064119872],[-1.7254378013992027,52.477641520480866],[-1.7185583292126558,52.478896806850905],[-1.7174243131462532,52.48337120105171],[-1.7231706248793108,52.486590558110215]]]}},{"type":"Feature","properties":{"h3_index":"88195c3345fffff","resolution":8,"footfall_idx":11,"avg_spend":36,"weekly_revenue":450953,"store_count":2,"opportunity_score":75},"geometry":{"type":"Polygon","coordinates":[[[-1.7277843558151098,52.4942838323695],[-1.7346660126141717,52.49302857162886],[-1.7357990012253386,52.48855417319346],[-1.7300511892434125,52.485335284608546],[-1.7231706248793108,52.486590558110215],[-1.7220367801759495,52.49106470741704],[-1.7277843558151098,52.4942838323695]]]}},{"type":"Feature","properties":{"h3_index":"88195c0693fffff","resolution":8,"footfall_idx":12,"avg_spend":27,"weekly_revenue":293400,"store_count":2,"opportunity_score":48},"geometry":{"type":"Polygon","coordinates":[[[-1.7323995226302324,52.50197662923985],[-1.7392822721217618,52.50072138115277],[-1.740415088827838,52.49624722783258],[-1.7346660126141717,52.49302857162886],[-1.7277843558151098,52.4942838323695],[-1.7266506826510308,52.49875773664157],[-1.7323995226302324,52.50197662923985]]]}},{"type":"Feature","properties":{"h3_index":"88195c0691fffff","resolution":8,"footfall_idx":14,"avg_spend":31,"weekly_revenue":465397,"store_count":2,"opportunity_score":68},"geometry":{"type":"Polygon","coordinates":[[[-1.7370161259351515,52.50966894833233],[-1.743899968376678,52.50841371279134],[-1.7450326130010663,52.50393980472712],[-1.7392822721217618,52.50072138115277],[-1.7323995226302324,52.50197662923985],[-1.7312660211818516,52.50645028833645],[-1.7370161259351515,52.50966894833233]]]}},{"type":"Feature","properties":{"h3_index":"88195c069dfffff","resolution":8,"footfall_idx":17,"avg_spend":35,"weekly_revenue":499283,"store_count":2,"opportunity_score":86},"geometry":{"type":"Polygon","coordinates":[[[-1.7416341663407051,52.51736078925813],[-1.7485191019897803,52.51610556615561],[-1.7496515743557723,52.51163190348805],[-1.743899968376678,52.50841371279134],[-1.7370161259351515,52.50966894833233],[-1.7358827963790504,52.5141423621128],[-1.7416341663407051,52.51736078925813]]]}},{"type":"Feature","properties":{"h3_index":"88195c068bfffff","resolution":8,"footfall_idx":19,"avg_spend":27,"weekly_revenue":516036,"store_count":2,"opportunity_score":60},"geometry":{"type":"Polygon","coordinates":[[[-1.7462536444579637,52.52505215162835],[-1.7531396735722125,52.52379694085673],[-1.7542719735029282,52.51932352372644],[-1.7485191019897803,52.51610556615561],[-1.7416341663407051,52.51736078925813],[-1.7405010088535218,52.5218339575818],[-1.7462536444579637,52.52505215162835]]]}},{"type":"Feature","properties":{"h3_index":"88195c0689fffff","resolution":8,"footfall_idx":21,"avg_spend":31,"weekly_revenue":763431,"store_count":2,"opportunity_score":78},"geometry":{"type":"Polygon","coordinates":[[[-1.7508745608983791,52.53274303505421],[-1.7577616837354302,52.53148783650579],[-1.7588938110538717,52.527014665053414],[-1.7531396735722125,52.52379694085673],[-1.7462536444579637,52.52505215162835],[-1.7451206592165245,52.52952507435467],[-1.7508745608983791,52.53274303505421]]]}},{"type":"Feature","properties":{"h3_index":"88195c06c7fffff","resolution":8,"footfall_idx":23,"avg_spend":35,"weekly_revenue":756291,"store_count":2,"opportunity_score":53},"geometry":{"type":"Polygon","coordinates":[[[-1.7554969162736491,52.54043343914696],[-1.7623851330911713,52.53917825271401],[-1.7635170876202257,52.534705327080076],[-1.7577616837354302,52.53148783650579],[-1.7508745608983791,52.53274303505421],[-1.749741748079612,52.53721571204264],[-1.7554969162736491,52.54043343914696]]]}},{"type":"Feature","properties":{"h3_index":"88195c06c5fffff","resolution":8,"footfall_idx":25,"avg_spend":26,"weekly_revenue":719081,"store_count":2,"opportunity_score":70},"geometry":{"type":"Polygon","coordinates":[[[-1.7601207111957975,52.54812336351785],[-1.7670100222515304,52.54686818909259],[-1.768141803813911,52.5423955094176],[-1.7623851330911713,52.53917825271401],[-1.7554969162736491,52.54043343914696],[-1.7543642760546436,52.544905870257004],[-1.7601207111957975,52.54812336351785]]]}},{"type":"Feature","properties":{"h3_index":"88195c0613fffff","resolution":8,"footfall_idx":26,"avg_spend":30,"weekly_revenue":680992,"store_count":2,"opportunity_score":46},"geometry":{"type":"Polygon","coordinates":[[[-1.7647459462771387,52.555812807778224],[-1.7716363518288567,52.55455764525277],[-1.7727679602471964,52.55008521167718],[-1.7670100222515304,52.54686818909259],[-1.7601207111957975,52.54812336351785],[-1.758988243753775,52.55259554860907],[-1.7647459462771387,52.555812807778224]]]}},{"type":"Feature","properties":{"h3_index":"88195c0611fffff","resolution":8,"footfall_idx":28,"avg_spend":34,"weekly_revenue":989940,"store_count":2,"opportunity_score":63},"geometry":{"type":"Polygon","coordinates":[[[-1.7693726221303492,52.56350177153939],[-1.776264122435833,52.562246620805865],[-1.777395557532568,52.557774433470065],[-1.7716363518288567,52.55455764525277],[-1.7647459462771387,52.555812807778224],[-1.7636136517894494,52.56028474671021],[-1.7693726221303492,52.56350177153939]]]}},{"type":"Feature","properties":{"h3_index":"88195c061dfffff","resolution":8,"footfall_idx":28,"avg_spend":38,"weekly_revenue":858265,"store_count":2,"opportunity_score":81},"geometry":{"type":"Polygon","coordinates":[[[-1.7740007393683408,52.57119025441275],[-1.7808933346854383,52.56993511536314],[-1.7820245962829218,52.56546317440752],[-1.776264122435833,52.562246620805865],[-1.7693726221303492,52.56350177153939],[-1.7682405007744557,52.56797346417181],[-1.7740007393683408,52.57119025441275]]]}},{"type":"Feature","properties":{"h3_index":"88195c060bfffff","resolution":8,"footfall_idx":29,"avg_spend":29,"weekly_revenue":818652,"store_count":7,"opportunity_score":58},"geometry":{"type":"Polygon","coordinates":[[[-1.778630298604398,52.57887825600971],[-1.7855239891909755,52.577623128535976],[-1.7866550771114018,52.573151434100865],[-1.7808933346854383,52.56993511536314],[-1.7740007393683408,52.57119025441275],[-1.7728687913218804,52.575661700605295],[-1.778630298604398,52.57887825600971]]]}},{"type":"Feature","properties":{"h3_index":"88195c0601fffff","resolution":8,"footfall_idx":33,"avg_spend":33,"weekly_revenue":1241693,"store_count":7,"opportunity_score":73},"geometry":{"type":"Polygon","coordinates":[[[-1.7912870006314643,52.580839212161436],[-1.7981813347893345,52.57958336458582],[-1.7993115621650986,52.57511142202293],[-1.7935483160417947,52.571895575144495],[-1.7866550771114018,52.573151434100865],[-1.7855239891909755,52.577623128535976],[-1.7912870006314643,52.580839212161436]]]}},{"type":"Feature","properties":{"h3_index":"88195c0605fffff","resolution":8,"footfall_idx":36,"avg_spend":38,"weekly_revenue":1240778,"store_count":7,"opportunity_score":49},"geometry":{"type":"Polygon","coordinates":[[[-1.803945850252814,52.582798976076155],[-1.8108408274280046,52.58154240815736],[-1.8119701938405643,52.57707021758159],[-1.806205444155224,52.57385484291855],[-1.7993115621650986,52.57511142202293],[-1.7981813347893345,52.57958336458582],[-1.803945850252814,52.582798976076155]]]}},{"type":"Feature","properties":{"h3_index":"88195c0629fffff","resolution":8,"footfall_idx":39,"avg_spend":29,"weekly_revenue":1214455,"store_count":7,"opportunity_score":65},"geometry":{"type":"Polygon","coordinates":[[[-1.8166068467789132,52.58475754715641],[-1.823502466417015,52.58350025865323],[-1.8246309714478635,52.57902782017957],[-1.8188647183363922,52.57581291808801],[-1.8119701938405643,52.57707021758159],[-1.8108408274280046,52.58154240815736],[-1.8166068467789132,52.58475754715641]]]}},{"type":"Feature","properties":{"h3_index":"88195c062dfffff","resolution":8,"footfall_idx":41,"avg_spend":33,"weekly_revenue":1137298,"store_count":7,"opportunity_score":43},"geometry":{"type":"Polygon","coordinates":[[[-1.8292699895191646,52.586714924804845],[-1.8361662510652281,52.585456915476186],[-1.8372938942959796,52.580984229219716],[-1.8315261378948098,52.57776980005575],[-1.8246309714478635,52.57902782017957],[-1.823502466417015,52.58350025865323],[-1.8292699895191646,52.586714924804845]]]}},{"type":"Feature","properties":{"h3_index":"88195c0753fffff","resolution":8,"footfall_idx":41,"avg_spend":37,"weekly_revenue":1528169,"store_count":7,"opportunity_score":59},"geometry":{"type":"Polygon","coordinates":[[[-1.841935277781938,52.58867110842422],[-1.848832180680498,52.58741237802908],[-1.8499589616928327,52.58293944410497],[-1.8441897021390312,52.579725488224646],[-1.8372938942959796,52.580984229219716],[-1.8361662510652281,52.585456915476186],[-1.841935277781938,52.58867110842422]]]}},{"type":"Feature","properties":{"h3_index":"88195c0757fffff","resolution":8,"footfall_idx":40,"avg_spend":28,"weekly_revenue":1315047,"store_count":7,"opportunity_score":38},"geometry":{"type":"Polygon","coordinates":[[[-1.8546027108744698,52.59062609741739],[-1.8615002545696038,52.58936664571486],[-1.86262617294526,52.58489346423836],[-1.8568554103764296,52.58167998199778],[-1.8499589616928327,52.58293944410497],[-1.848832180680498,52.58741237802908],[-1.8546027108744698,52.59062609741739]]]}},{"type":"Feature","properties":{"h3_index":"88195c070bfffff","resolution":8,"footfall_idx":38,"avg_spend":32,"weekly_revenue":1144179,"store_count":7,"opportunity_score":55},"geometry":{"type":"Polygon","coordinates":[[[-1.867272288102941,52.5925798911873],[-1.8741704720382493,52.591319717936535],[-1.8752955273590637,52.58684628902299],[-1.869523261913368,52.58363328077825],[-1.86262617294526,52.58489346423836],[-1.8615002545696038,52.58936664571486],[-1.867272288102941,52.5925798911873]]]}},{"type":"Feature","properties":{"h3_index":"88195c0701fffff","resolution":8,"footfall_idx":35,"avg_spend":36,"weekly_revenue":1395732,"store_count":6,"opportunity_score":74},"geometry":{"type":"Polygon","coordinates":[[[-1.8799440087725061,52.59453248913696],[-1.886842832391035,52.59327159409725],[-1.8879670242389108,52.58879791786212],[-1.8821932560551364,52.58558538396926],[-1.8752955273590637,52.58684628902299],[-1.8741704720382493,52.591319717936535],[-1.8799440087725061,52.59453248913696]]]}},{"type":"Feature","properties":{"h3_index":"88195c0705fffff","resolution":8,"footfall_idx":31,"avg_spend":28,"weekly_revenue":759075,"store_count":6,"opportunity_score":53},"geometry":{"type":"Polygon","coordinates":[[[-1.8926178721871734,52.59648389066955],[-1.899517334931505,52.595222273600235],[-1.9006406628884316,52.59074835015905],[-1.8948653921059186,52.58753629097415],[-1.8879670242389108,52.58879791786212],[-1.886842832391035,52.59327159409725],[-1.8926178721871734,52.59648389066955]]]}},{"type":"Feature","properties":{"h3_index":"88195c0729fffff","resolution":8,"footfall_idx":27,"avg_spend":32,"weekly_revenue":899681,"store_count":5,"opportunity_score":73},"geometry":{"type":"Polygon","coordinates":[[[-1.9052938776499557,52.59843409518827],[-1.9121939789621452,52.59717175584885],[-1.9133164426102038,52.59269758531721],[-1.9075396693688362,52.58948600119635],[-1.9006406628884316,52.59074835015905],[-1.899517334931505,52.595222273600235],[-1.9052938776499557,52.59843409518827]]]}},{"type":"Feature","properties":{"h3_index":"88195c072dfffff","resolution":8,"footfall_idx":27,"avg_spend":31,"weekly_revenue":676367,"store_count":5,"opportunity_score":49},"geometry":{"type":"Polygon","coordinates":[[[-1.9179720244627156,52.60038310209649],[-1.924872763784356,52.5991200402465],[-1.925994362705663,52.59464562274012],[-1.9202160871459482,52.591434514039335],[-1.9133164426102038,52.59269758531721],[-1.9121939789621452,52.59717175584885],[-1.9179720244627156,52.60038310209649]]]}},{"type":"Feature","properties":{"h3_index":"88195c00d3fffff","resolution":8,"footfall_idx":27,"avg_spend":24,"weekly_revenue":631717,"store_count":5,"opportunity_score":67},"geometry":{"type":"Polygon","coordinates":[[[-1.9306523119262777,52.60233091079763],[-1.9375536886984406,52.60106712619674],[-1.9386744224752335,52.5965924618314],[-1.932894644738245,52.59338182890675],[-1.925994362705663,52.59464562274012],[-1.924872763784356,52.5991200402465],[-1.9306523119262777,52.60233091079763]]]}},{"type":"Feature","properties":{"h3_index":"88195c00d7fffff","resolution":8,"footfall_idx":25,"avg_spend":27,"weekly_revenue":770620,"store_count":5,"opportunity_score":44},"geometry":{"type":"Polygon","coordinates":[[[-1.9433347393404212,52.6042775206952],[-1.950236753003672,52.60301301310315],[-1.9513566212182742,52.59853810199473],[-1.945575341445645,52.59532794520229],[-1.9386744224752335,52.5965924618314],[-1.9375536886984406,52.60106712619674],[-1.9433347393404212,52.6042775206952]]]}},{"type":"Feature","properties":{"h3_index":"88195c008bfffff","resolution":8,"footfall_idx":22,"avg_spend":31,"weekly_revenue":619560,"store_count":5,"opportunity_score":64},"geometry":{"type":"Polygon","coordinates":[[[-1.9560193060037565,52.60622293119288],[-1.9629219559982098,52.604957700369496],[-1.9640409582329825,52.60048254263402],[-1.9582581765669411,52.5972728623298],[-1.9513566212182742,52.59853810199473],[-1.950236753003672,52.60301301310315],[-1.9560193060037565,52.60622293119288]]]}},{"type":"Feature","properties":{"h3_index":"88195c0083fffff","resolution":8,"footfall_idx":24,"avg_spend":23,"weekly_revenue":593528,"store_count":5,"opportunity_score":82},"geometry":{"type":"Polygon","coordinates":[[[-1.9640409582329825,52.60048254263402],[-1.9709431493999239,52.59921657969316],[-1.972061464444265,52.594740927712586],[-1.966278454463248,52.59153148524582],[-1.9593773576391,52.59279745694139],[-1.9582581765669411,52.5972728623298],[-1.9640409582329825,52.60048254263402]]]}},{"type":"Feature","properties":{"h3_index":"88195c00b9fffff","resolution":8,"footfall_idx":25,"avg_spend":27,"weekly_revenue":568363,"store_count":4,"opportunity_score":57},"geometry":{"type":"Polygon","coordinates":[[[-1.972061464444265,52.594740927712586],[-1.9789631965738579,52.59347423269665],[-1.9800808245689177,52.58899808656524],[-1.9742975866237331,52.58578888198781],[-1.9673969485339418,52.58705558567165],[-1.966278454463248,52.59153148524582],[-1.972061464444265,52.594740927712586]]]}},{"type":"Feature","properties":{"h3_index":"88195c00b1fffff","resolution":8,"footfall_idx":25,"avg_spend":30,"weekly_revenue":756605,"store_count":4,"opportunity_score":76},"geometry":{"type":"Polygon","coordinates":[[[-1.9800808245689177,52.58899808656524],[-1.9869820974514898,52.587730659516666],[-1.9880990385384592,52.5832540193288],[-1.9823155729798336,52.58004505269256],[-1.9754153938340384,52.581312488322226],[-1.9742975866237331,52.58578888198781],[-1.9800808245689177,52.58899808656524]]]}},{"type":"Feature","properties":{"h3_index":"88195c00b7fffff","resolution":8,"footfall_idx":25,"avg_spend":23,"weekly_revenue":675966,"store_count":4,"opportunity_score":52},"geometry":{"type":"Polygon","coordinates":[[[-1.9880990385384592,52.5832540193288],[-1.9949998519644792,52.581985860290146],[-1.9961161062845938,52.577508726140216],[-1.9903324134631293,52.57429999749705],[-1.9834326934708115,52.575568165029956],[-1.9823155729798336,52.58004505269256],[-1.9880990385384592,52.5832540193288]]]}},{"type":"Feature","properties":{"h3_index":"88195c0e5dfffff","resolution":8,"footfall_idx":25,"avg_spend":26,"weekly_revenue":612548,"store_count":4,"opportunity_score":70},"geometry":{"type":"Polygon","coordinates":[[[-1.9961161062845938,52.577508726140216],[-2.0030164600447047,52.576239835154176],[-2.00413202773921,52.57176220713673],[-1.9983481080053909,52.568553716538375],[-1.9914488473758911,52.569822615931876],[-1.9903324134631293,52.57429999749705],[-1.9961161062845938,52.577508726140216]]]}},{"type":"Feature","properties":{"h3_index":"88195c0e55fffff","resolution":8,"footfall_idx":23,"avg_spend":30,"weekly_revenue":765326,"store_count":4,"opportunity_score":47},"geometry":{"type":"Polygon","coordinates":[[[-2.00413202773921,52.57176220713673],[-2.011031921624214,52.57049258424602],[-2.012146802834441,52.566014462455605],[-2.0063626565386024,52.562806209953884],[-1.999463855481106,52.56407584116519],[-1.9983481080053909,52.568553716538375],[-2.00413202773921,52.57176220713673]]]}},{"type":"Feature","properties":{"h3_index":"88195c0e0bfffff","resolution":8,"footfall_idx":22,"avg_spend":33,"weekly_revenue":635943,"store_count":4,"opportunity_score":66},"geometry":{"type":"Polygon","coordinates":[[[-2.012146802834441,52.566014462455605],[-2.0190462366352704,52.56474410770312],[-2.020160431502547,52.56026549223437],[-2.0143760589949857,52.55705747788099],[-2.0074777177184835,52.55832784086725],[-2.0063626565386024,52.562806209953884],[-2.012146802834441,52.566014462455605]]]}},{"type":"Feature","properties":{"h3_index":"88195c0e03fffff","resolution":8,"footfall_idx":20,"avg_spend":26,"weekly_revenue":542226,"store_count":3,"opportunity_score":86},"geometry":{"type":"Polygon","coordinates":[[[-2.020160431502547,52.56026549223437],[-2.027059405010329,52.55899440566305],[-2.028172913676079,52.554515296610646],[-2.0223883153068845,52.55130752045735],[-2.01549043402025,52.55257861517562],[-2.0143760589949857,52.55705747788099],[-2.020160431502547,52.56026549223437]]]}},{"type":"Feature","properties":{"h3_index":"88195c0e39fffff","resolution":8,"footfall_idx":17,"avg_spend":29,"weekly_revenue":399098,"store_count":3,"opportunity_score":63},"geometry":{"type":"Polygon","coordinates":[[[-2.028172913676079,52.554515296610646],[-2.03507142668207,52.55324347826358],[-2.036184249287678,52.54876387572233],[-2.0303994254069027,52.54555633782077],[-2.0235020043188245,52.54682816422798],[-2.0223883153068845,52.55130752045735],[-2.028172913676079,52.554515296610646]]]}},{"type":"Feature","properties":{"h3_index":"88195c0e31fffff","resolution":8,"footfall_idx":14,"avg_spend":33,"weekly_revenue":451058,"store_count":3,"opportunity_score":84},"geometry":{"type":"Polygon","coordinates":[[[-2.036184249287678,52.54876387572233],[-2.0430823015833135,52.547491325642675],[-2.044194438270286,52.54301122970741],[-2.038409389227813,52.53980393010924],[-2.0315124285468533,52.5410764881622],[-2.0303994254069027,52.54555633782077],[-2.036184249287678,52.54876387572233]]]}},{"type":"Feature","properties":{"h3_index":"88195c0e37fffff","resolution":8,"footfall_idx":14,"avg_spend":25,"weekly_revenue":400086,"store_count":3,"opportunity_score":58},"geometry":{"type":"Polygon","coordinates":[[[-2.044194438270286,52.54301122970741],[-2.051092029647135,52.54173794793844],[-2.0522034805569676,52.53725735870405],[-2.046418206702588,52.53405029746087],[-2.0395217066371303,52.53532358711636],[-2.038409389227813,52.53980393010924],[-2.044194438270286,52.54301122970741]]]}},{"type":"Feature","properties":{"h3_index":"88195c0c5dfffff","resolution":8,"footfall_idx":14,"avg_spend":29,"weekly_revenue":369415,"store_count":2,"opportunity_score":78},"geometry":{"type":"Polygon","coordinates":[[[-2.0522034805569676,52.53725735870405],[-2.0591006108067926,52.5359833452891],[-2.0602113760810594,52.53150226285059],[-2.0544258777644333,52.528295440014],[-2.0475298385226863,52.52956946122861],[-2.046418206702588,52.53405029746087],[-2.0522034805569676,52.53725735870405]]]}},{"type":"Feature","properties":{"h3_index":"88195c0c55fffff","resolution":8,"footfall_idx":14,"avg_spend":32,"weekly_revenue":482351,"store_count":2,"opportunity_score":52},"geometry":{"type":"Polygon","coordinates":[[[-2.0602113760810594,52.53150226285059],[-2.067108044995756,52.530227517833154],[-2.068218124776001,52.525745942285575],[-2.062432402346691,52.52253935790711],[-2.0555368241367358,52.52381411063741],[-2.0544258777644333,52.528295440014],[-2.0602113760810594,52.53150226285059]]]}},{"type":"Feature","properties":{"h3_index":"88195c0c0bfffff","resolution":8,"footfall_idx":14,"avg_spend":25,"weekly_revenue":295212,"store_count":2,"opportunity_score":72},"geometry":{"type":"Polygon","coordinates":[[[-2.068218124776001,52.525745942285575],[-2.0751143321476286,52.52447046570919],[-2.0762237265755545,52.51998839714764],[-2.07043778038296,52.516782051278845],[-2.0635426634127065,52.51805753548126],[-2.062432402346691,52.52253935790711],[-2.068218124776001,52.525745942285575]]]}},{"type":"Feature","properties":{"h3_index":"88195c0c03fffff","resolution":8,"footfall_idx":14,"avg_spend":28,"weekly_revenue":396018,"store_count":2,"opportunity_score":46},"geometry":{"type":"Polygon","coordinates":[[[-2.0762237265755545,52.51998839714764],[-2.0831194721962856,52.51871218905602],[-2.084228181413545,52.514229627575666],[-2.0784420118069966,52.511023520268026],[-2.0715473562842113,52.51229973589887],[-2.07043778038296,52.516782051278845],[-2.0762237265755545,52.51998839714764]]]}},{"type":"Feature","properties":{"h3_index":"88195c0c15fffff","resolution":8,"footfall_idx":14,"avg_spend":32,"weekly_revenue":527313,"store_count":2,"opportunity_score":66},"geometry":{"type":"Polygon","coordinates":[[[-2.0715473562842113,52.51229973589887],[-2.0784420118069966,52.511023520268026],[-2.079550902685049,52.506540712029185],[-2.0737660044686836,52.50333436558372],[-2.0668724387911936,52.504610588862136],[-2.0657626815976675,52.509093150919156],[-2.0715473562842113,52.51229973589887]]]}},{"type":"Feature","properties":{"h3_index":"88195c0c17fffff","resolution":8,"footfall_idx":14,"avg_spend":24,"weekly_revenue":317125,"store_count":2,"opportunity_score":86},"geometry":{"type":"Polygon","coordinates":[[[-2.0668724387911936,52.504610588862136],[-2.0737660044686836,52.50333436558372],[-2.074875076826445,52.49885131072778],[-2.06909144956667,52.495644725394236],[-2.062198973481831,52.49692095642854],[-2.0610890351769684,52.50140376502121],[-2.0668724387911936,52.504610588862136]]]}},{"type":"Feature","properties":{"h3_index":"88195c0ce9fffff","resolution":8,"footfall_idx":15,"avg_spend":28,"weekly_revenue":466457,"store_count":2,"opportunity_score":59},"geometry":{"type":"Polygon","coordinates":[[[-2.062198973481831,52.49692095642854],[-2.06909144956667,52.495644725394236],[-2.070200703223134,52.49116142406267],[-2.06441834648652,52.48795460009086],[-2.0575269597417325,52.4892308389893],[-2.0564168405063286,52.49371389397614],[-2.062198973481831,52.49692095642854]]]}},{"type":"Feature","properties":{"h3_index":"88195c0cebfffff","resolution":8,"footfall_idx":15,"avg_spend":31,"weekly_revenue":407991,"store_count":2,"opportunity_score":79},"geometry":{"type":"Polygon","coordinates":[[[-2.0575269597417325,52.4892308389893],[-2.06441834648652,52.48795460009086],[-2.065527781260866,52.48347105242518],[-2.059746694614132,52.480263990064856],[-2.0528563969568188,52.48154023693561],[-2.051746096971558,52.486023538175104],[-2.0575269597417325,52.4892308389893]]]}},{"type":"Feature","properties":{"h3_index":"88195c0c8dfffff","resolution":8,"footfall_idx":15,"avg_spend":23,"weekly_revenue":360244,"store_count":2,"opportunity_score":53},"geometry":{"type":"Polygon","coordinates":[[[-2.0528563969568188,52.48154023693561],[-2.059746694614132,52.480263990064856],[-2.060856310325626,52.475780196206664],[-2.055076493335704,52.47257289570754],[-2.048187284513329,52.473849150658744],[-2.0470768039587073,52.478332698009375],[-2.0528563969568188,52.48154023693561]]]}},{"type":"Feature","properties":{"h3_index":"88195c0c81fffff","resolution":8,"footfall_idx":15,"avg_spend":29,"weekly_revenue":352773,"store_count":1,"opportunity_score":73},"geometry":{"type":"Polygon","coordinates":[[[-2.048187284513329,52.473849150658744],[-2.055076493335704,52.47257289570754],[-2.056186289803788,52.46808885579845],[-2.05040774203771,52.46488131741028],[-2.043519621797775,52.46615758055001],[-2.0424089608542064,52.47064137387014],[-2.048187284513329,52.473849150658744]]]}},{"type":"Feature","properties":{"h3_index":"88195c0c83fffff","resolution":8,"footfall_idx":15,"avg_spend":33,"weekly_revenue":483991,"store_count":1,"opportunity_score":48},"geometry":{"type":"Polygon","coordinates":[[[-2.043519621797775,52.46615758055001],[-2.05040774203771,52.46488131741028],[-2.051517719081929,52.46039703159194],[-2.0457404401069765,52.45718925556445],[-2.038853408197016,52.4584655270007],[-2.037742567044746,52.462949566148694],[-2.043519621797775,52.46615758055001]]]}},{"type":"Feature","properties":{"h3_index":"88195c0c95fffff","resolution":8,"footfall_idx":18,"avg_spend":25,"weekly_revenue":515046,"store_count":1,"opportunity_score":66},"geometry":{"type":"Polygon","coordinates":[[[-2.038853408197016,52.4584655270007],[-2.0457404401069765,52.45718925556445],[-2.046850597547038,52.45270472397856],[-2.0410745869305895,52.449496710561476],[-2.0341886430981813,52.450772990402214],[-2.033077621917328,52.45525727523637],[-2.038853408197016,52.4584655270007]]]}},{"type":"Feature","properties":{"h3_index":"88195c0c97fffff","resolution":8,"footfall_idx":21,"avg_spend":28,"weekly_revenue":535865,"store_count":6,"opportunity_score":84},"geometry":{"type":"Polygon","coordinates":[[[-2.0341886430981813,52.450772990402214],[-2.0410745869305895,52.449496710561476],[-2.0421849245863273,52.445011933349804],[-2.0364101818959863,52.4418036827928],[-2.0295253258887063,52.443079971145934],[-2.0284141248592693,52.447564501524525],[-2.0341886430981813,52.450772990402214]]]}},{"type":"Feature","properties":{"h3_index":"88195c3969fffff","resolution":8,"footfall_idx":24,"avg_spend":32,"weekly_revenue":827997,"store_count":6,"opportunity_score":58},"geometry":{"type":"Polygon","coordinates":[[[-2.0295253258887063,52.443079971145934],[-2.0364101818959863,52.4418036827928],[-2.03752069958734,52.43731866009718],[-2.031747224390843,52.43411017264993],[-2.024863455956346,52.43538646962331],[-2.023752075258186,52.43987124540452],[-2.0295253258887063,52.443079971145934]]]}},{"type":"Feature","properties":{"h3_index":"88195c396bfffff","resolution":8,"footfall_idx":27,"avg_spend":24,"weekly_revenue":547501,"store_count":7,"opportunity_score":75},"geometry":{"type":"Polygon","coordinates":[[[-2.024863455956346,52.43538646962331],[-2.031747224390843,52.43411017264993],[-2.03285792193793,52.42962490461219],[-2.027085713803196,52.42641618052443],[-2.0202030326891554,52.427692486225794],[-2.0190914725019677,52.43217750726781],[-2.024863455956346,52.43538646962331]]]}},{"type":"Feature","properties":{"h3_index":"88195c390dfffff","resolution":8,"footfall_idx":29,"avg_spend":28,"weekly_revenue":821497,"store_count":7,"opportunity_score":50},"geometry":{"type":"Polygon","coordinates":[[[-2.0202030326891554,52.427692486225794],[-2.027085713803196,52.42641618052443],[-2.0281965910262385,52.42193066728646],[-2.0224256495213453,52.41872170680781],[-2.0155440554754698,52.419998021344924],[-2.0144323159788695,52.424483287505836],[-2.0202030326891554,52.427692486225794]]]}},{"type":"Feature","properties":{"h3_index":"88195c3901fffff","resolution":8,"footfall_idx":31,"avg_spend":32,"weekly_revenue":1169055,"store_count":7,"opportunity_score":67},"geometry":{"type":"Polygon","coordinates":[[[-2.0155440554754698,52.419998021344924],[-2.0224256495213453,52.41872170680781],[-2.023536706240708,52.41423594851159],[-2.0177670309339524,52.411026751891704],[-2.0108865237039675,52.412303075372236],[-2.009774605077379,52.4167885865101],[-2.0155440554754698,52.419998021344924]]]}},{"type":"Feature","properties":{"h3_index":"88195c3903fffff","resolution":8,"footfall_idx":32,"avg_spend":35,"weekly_revenue":1058702,"store_count":6,"opportunity_score":44},"geometry":{"type":"Polygon","coordinates":[[[-2.0108865237039675,52.412303075372236],[-2.0177670309339524,52.411026751891704],[-2.0188782669701353,52.40654074867921],[-2.0131098574298933,52.403331316167744],[-2.0062304367635995,52.40460764869927],[-2.0051183391863527,52.409093404672134],[-2.0108865237039675,52.412303075372236]]]}},{"type":"Feature","properties":{"h3_index":"88195c3915fffff","resolution":8,"footfall_idx":33,"avg_spend":27,"weekly_revenue":990843,"store_count":6,"opportunity_score":61},"geometry":{"type":"Polygon","coordinates":[[[-2.0062304367635995,52.40460764869927],[-2.0131098574298933,52.403331316167744],[-2.0142212726035513,52.398845068181025],[-2.0084541283984225,52.39563540002763],[-2.0015757940436116,52.39691174171767],[-2.000463517694892,52.40139774238351],[-2.0062304367635995,52.40460764869927]]]}},{"type":"Feature","properties":{"h3_index":"88195c3911fffff","resolution":8,"footfall_idx":39,"avg_spend":31,"weekly_revenue":1062522,"store_count":7,"opportunity_score":75},"geometry":{"type":"Polygon","coordinates":[[[-1.9935847264200945,52.40267335394942],[-2.000463517694892,52.40139774238351],[-2.0015757940436116,52.39691174171767],[-1.995810139992442,52.39370160003584],[-1.9889324350772455,52.394977220954885],[-1.9878192979660916,52.399462974183585],[-1.9935847264200945,52.40267335394942]]]}},{"type":"Feature","properties":{"h3_index":"88195c391bfffff","resolution":8,"footfall_idx":45,"avg_spend":35,"weekly_revenue":1646868,"store_count":7,"opportunity_score":51},"geometry":{"type":"Polygon","coordinates":[[[-1.9809411366384233,52.40073786502192],[-1.9878192979660916,52.399462974183585],[-1.9889324350772455,52.394977220954885],[-1.983168271322909,52.391766606098734],[-1.976291196402554,52.39304150648475],[-1.9751771989416962,52.3975270121602],[-1.9809411366384233,52.40073786502192]]]}},{"type":"Feature","properties":{"h3_index":"88195c3827fffff","resolution":8,"footfall_idx":50,"avg_spend":27,"weekly_revenue":1096764,"store_count":7,"opportunity_score":64},"geometry":{"type":"Polygon","coordinates":[[[-1.9682996681162945,52.39880118250907],[-1.9751771989416962,52.3975270121602],[-1.976291196402554,52.39304150648475],[-1.9705285230874063,52.38983041880846],[-1.963652078716641,52.39110459889954],[-1.9625372213188994,52.39558985690568],[-1.9682996681162945,52.39880118250907]]]}},{"type":"Feature","properties":{"h3_index":"88195c3823fffff","resolution":8,"footfall_idx":54,"avg_spend":31,"weekly_revenue":1639189,"store_count":7,"opportunity_score":43},"geometry":{"type":"Polygon","coordinates":[[[-1.9556603215504056,52.396863307003294],[-1.9625372213188994,52.39558985690568],[-1.963652078716641,52.39110459889954],[-1.9578908959824235,52.38789303875727],[-1.9510150827155237,52.389166498791596],[-1.9498993657937818,52.393651509012464],[-1.9556603215504056,52.396863307003294]]]}},{"type":"Feature","properties":{"h3_index":"88195c383dfffff","resolution":8,"footfall_idx":56,"avg_spend":34,"weekly_revenue":2181969,"store_count":7,"opportunity_score":56},"geometry":{"type":"Polygon","coordinates":[[[-1.9430230976363534,52.394924239097115],[-1.9498993657937818,52.393651509012464],[-1.9510150827155237,52.389166498791596],[-1.9452553907034495,52.385954466537484],[-1.9383802090941658,52.387227206753316],[-1.9372636330613775,52.391711969073114],[-1.9430230976363534,52.394924239097115]]]}},{"type":"Feature","properties":{"h3_index":"88195c3839fffff","resolution":8,"footfall_idx":57,"avg_spend":26,"weekly_revenue":1352738,"store_count":7,"opportunity_score":37},"geometry":{"type":"Polygon","coordinates":[[[-1.9303879970686852,52.392983979383175],[-1.9372636330613775,52.391711969073114],[-1.9383802090941658,52.387227206753316],[-1.9326220079448437,52.38401470274157],[-1.9257474585464653,52.38528672337731],[-1.9246300238156926,52.38977123768017],[-1.9303879970686852,52.392983979383175]]]}},{"type":"Feature","properties":{"h3_index":"88195c3815fffff","resolution":8,"footfall_idx":56,"avg_spend":30,"weekly_revenue":1813671,"store_count":7,"opportunity_score":52},"geometry":{"type":"Polygon","coordinates":[[[-1.9177550205409015,52.39104252845416],[-1.9246300238156926,52.38977123768017],[-1.9257474585464653,52.38528672337731],[-1.9199907483999392,52.38207374796207],[-1.9131168317652747,52.383345049256135],[-1.9119985387496174,52.387829315426444],[-1.9177550205409015,52.39104252845416]]]}},{"type":"Feature","properties":{"h3_index":"88195c3811fffff","resolution":8,"footfall_idx":53,"avg_spend":34,"weekly_revenue":1525128,"store_count":7,"opportunity_score":34},"geometry":{"type":"Polygon","coordinates":[[[-1.905124168745419,52.38909988690295],[-1.9119985387496174,52.387829315426444],[-1.9131168317652747,52.383345049256135],[-1.9073616127610242,52.380131602791614],[-1.9004883294423423,52.38140218498261],[-1.8993691785550275,52.38588620290473],[-1.905124168745419,52.38909988690295]]]}},{"type":"Feature","properties":{"h3_index":"88195c381bfffff","resolution":8,"footfall_idx":49,"avg_spend":26,"weekly_revenue":1290740,"store_count":6,"opportunity_score":51},"geometry":{"type":"Polygon","coordinates":[[[-1.8924954423736176,52.387156055322386],[-1.8993691785550275,52.38588620290473],[-1.9004883294423423,52.38140218498261],[-1.8947346017193036,52.37818826782295],[-1.887861952268443,52.37945813114948],[-1.88674194392273,52.38394190070793],[-1.8924954423736176,52.387156055322386]]]}},{"type":"Feature","properties":{"h3_index":"88195c3aa7fffff","resolution":8,"footfall_idx":45,"avg_spend":33,"weekly_revenue":1752192,"store_count":6,"opportunity_score":68},"geometry":{"type":"Polygon","coordinates":[[[-1.8798688421158227,52.385211034305534],[-1.88674194392273,52.38394190070793],[-1.887861952268443,52.37945813114948],[-1.882109715964961,52.376243743648885],[-1.8752377009332168,52.37751288834974],[-1.874116835542463,52.38199640942909],[-1.8798688421158227,52.385211034305534]]]}},{"type":"Feature","properties":{"h3_index":"88195c3aa3fffff","resolution":8,"footfall_idx":42,"avg_spend":38,"weekly_revenue":1510956,"store_count":6,"opportunity_score":49},"geometry":{"type":"Polygon","coordinates":[[[-1.8672443686612583,52.3832648244455],[-1.874116835542463,52.38199640942909],[-1.8752377009332168,52.37751288834974],[-1.8694869561870504,52.37429803086239],[-1.862615576125273,52.37556645717639],[-1.8614938541029218,52.380049729661316],[-1.8672443686612583,52.3832648244455]]]}},{"type":"Feature","properties":{"h3_index":"88195c3abdfffff","resolution":8,"footfall_idx":39,"avg_spend":28,"weekly_revenue":1215943,"store_count":5,"opportunity_score":67},"geometry":{"type":"Polygon","coordinates":[[[-1.8546220226981487,52.381317426335485],[-1.8614938541029218,52.380049729661316],[-1.862615576125273,52.37556645717639],[-1.856866323073676,52.372351130056494],[-1.849995578532164,52.37361883822256],[-1.8488730002917164,52.378101861997834],[-1.8546220226981487,52.381317426335485]]]}},{"type":"Feature","properties":{"h3_index":"88195c3ab9fffff","resolution":8,"footfall_idx":35,"avg_spend":33,"weekly_revenue":1016733,"store_count":5,"opportunity_score":46},"geometry":{"type":"Polygon","coordinates":[[[-1.8420018049136204,52.3793688405688],[-1.8488730002917164,52.378101861997834],[-1.849995578532164,52.37361883822256],[-1.8442478173117445,52.3704030418243],[-1.8373777088404073,52.371670032081454],[-1.8362542747954465,52.37615280703192],[-1.8420018049136204,52.3793688405688]]]}},{"type":"Feature","properties":{"h3_index":"88195c3a95fffff","resolution":8,"footfall_idx":30,"avg_spend":37,"weekly_revenue":1162253,"store_count":4,"opportunity_score":66},"geometry":{"type":"Polygon","coordinates":[[[-1.829383715993761,52.377419067738856],[-1.8362542747954465,52.37615280703192],[-1.8373777088404073,52.371670032081454],[-1.8316314395872577,52.36845376675902],[-1.8247619677353957,52.36972003934641],[-1.8236376782996164,52.37420256535701],[-1.829383715993761,52.377419067738856]]]}},{"type":"Feature","properties":{"h3_index":"88195c3a91fffff","resolution":8,"footfall_idx":28,"avg_spend":20,"weekly_revenue":455763,"store_count":4,"opportunity_score":43},"geometry":{"type":"Polygon","coordinates":[[[-1.8167677566235916,52.37546810843914],[-1.8236376782996164,52.37420256535701],[-1.8247619677353957,52.36972003934641],[-1.8190171905850494,52.366503305454025],[-1.812148355901556,52.36776886061083],[-1.8110232114886693,52.3722511375666],[-1.8167677566235916,52.37546810843914]]]}},{"type":"Feature","properties":{"h3_index":"88195c3a99fffff","resolution":8,"footfall_idx":28,"avg_spend":24,"weekly_revenue":658996,"store_count":4,"opportunity_score":62},"geometry":{"type":"Polygon","coordinates":[[[-1.8087724142161896,52.38121495545123],[-1.815642785507393,52.3799501419166],[-1.8167677566235916,52.37546810843914],[-1.8110232114886693,52.3722511375666],[-1.8041539274870586,52.37351596326322],[-1.8030281014436045,52.377997747651676],[-1.8087724142161896,52.38121495545123]]]}},{"type":"Feature","properties":{"h3_index":"88195c3ad3fffff","resolution":8,"footfall_idx":28,"avg_spend":27,"weekly_revenue":867462,"store_count":4,"opportunity_score":80},"geometry":{"type":"Polygon","coordinates":[[[-1.8007759405845305,52.38696058024524],[-1.8076467612817522,52.38569649630024],[-1.8087724142161896,52.38121495545123],[-1.8030281014436045,52.377997747651676],[-1.7961583683329942,52.379261843846],[-1.7950318605212867,52.38374313557183],[-1.8007759405845305,52.38696058024524]]]}},{"type":"Feature","properties":{"h3_index":"88195c3adbfffff","resolution":8,"footfall_idx":28,"avg_spend":30,"weekly_revenue":767948,"store_count":4,"opportunity_score":56},"geometry":{"type":"Polygon","coordinates":[[[-1.7927783358000962,52.39270498268389],[-1.799649605694002,52.39144162837056],[-1.8007759405845305,52.38696058024524],[-1.7950318605212867,52.38374313557183],[-1.7881616785109609,52.38500650222181],[-1.787034488793288,52.389487301189824],[-1.7927783358000962,52.39270498268389]]]}},{"type":"Feature","properties":{"h3_index":"88195c31e5fffff","resolution":8,"footfall_idx":26,"avg_spend":23,"weekly_revenue":646444,"store_count":4,"opportunity_score":75},"geometry":{"type":"Polygon","coordinates":[[[-1.7847795999345708,52.39844816263007],[-1.7916513188156955,52.39718553799035],[-1.7927783358000962,52.39270498268389],[-1.787034488793288,52.389487301189824],[-1.7801638580927055,52.390749938253535],[-1.7790359863314096,52.39523024436861],[-1.7847795999345708,52.39844816263007]]]}},{"type":"Feature","properties":{"h3_index":"88195c31edfffff","resolution":8,"footfall_idx":24,"avg_spend":26,"weekly_revenue":529026,"store_count":3,"opportunity_score":52},"geometry":{"type":"Polygon","coordinates":[[[-1.7767797330598245,52.40419011994684],[-1.7836519007185316,52.402928225022585],[-1.7847795999345708,52.39844816263007],[-1.7790359863314096,52.39523024436861],[-1.772164907150156,52.39649215180419],[-1.7710363532076783,52.40097196497119],[-1.7767797330598245,52.40419011994684]]]}},{"type":"Feature","properties":{"h3_index":"88195c3117fffff","resolution":8,"footfall_idx":21,"avg_spend":29,"weekly_revenue":617882,"store_count":3,"opportunity_score":72},"geometry":{"type":"Polygon","coordinates":[[[-1.7687787352479232,52.409930854497425],[-1.775651351474458,52.40866968933035],[-1.7767797330598245,52.40419011994684],[-1.7710363532076783,52.40097196497119],[-1.7641648257554823,52.40223314273692],[-1.7630355894942418,52.406712462860916],[-1.7687787352479232,52.409930854497425]]]}},{"type":"Feature","properties":{"h3_index":"88195c3111fffff","resolution":8,"footfall_idx":18,"avg_spend":23,"weekly_revenue":489088,"store_count":3,"opportunity_score":49},"geometry":{"type":"Polygon","coordinates":[[[-1.760776606571176,52.41567036614522],[-1.767649671155578,52.414409930777],[-1.7687787352479232,52.409930854497425],[-1.7630355894942418,52.406712462860916],[-1.75616361398102,52.407972910915156],[-1.7550336952635084,52.41245173790118],[-1.760776606571176,52.41567036614522]]]}},{"type":"Feature","properties":{"h3_index":"88195c3119fffff","resolution":8,"footfall_idx":18,"avg_spend":26,"weekly_revenue":443738,"store_count":2,"opportunity_score":68},"geometry":{"type":"Polygon","coordinates":[[[-1.7527733471020241,52.42140865475381],[-1.7596468598342077,52.420148949225954],[-1.760776606571176,52.41567036614522],[-1.7550336952635084,52.41245173790118],[-1.7481612718993018,52.4137114562024],[-1.7470306705880552,52.41818978995559],[-1.7527733471020241,52.42140865475381]]]}},{"type":"Feature","properties":{"h3_index":"88195c3153fffff","resolution":8,"footfall_idx":18,"avg_spend":29,"weekly_revenue":582002,"store_count":2,"opportunity_score":87},"geometry":{"type":"Polygon","coordinates":[[[-1.744768956913152,52.42714572018693],[-1.75164291758286,52.42588674454088],[-1.7527733471020241,52.42140865475381],[-1.7470306705880552,52.41818978995559],[-1.7401577995830986,52.41944877846231],[-1.7390265155406632,52.423926618887904],[-1.744768956913152,52.42714572018693]]]}},{"type":"Feature","properties":{"h3_index":"88195c315bfffff","resolution":8,"footfall_idx":18,"avg_spend":22,"weekly_revenue":349166,"store_count":2,"opportunity_score":62},"geometry":{"type":"Polygon","coordinates":[[[-1.7367634360774074,52.432881562308474],[-1.7436378444742686,52.431623316585565],[-1.744768956913152,52.42714572018693],[-1.7390265155406632,52.423926618887904],[-1.7321531971053084,52.42518487755882],[-1.731021230194313,52.429662224562065],[-1.7367634360774074,52.432881562308474]]]}},{"type":"Feature","properties":{"h3_index":"88195c3065fffff","resolution":8,"footfall_idx":18,"avg_spend":25,"weekly_revenue":471834,"store_count":2,"opportunity_score":81},"geometry":{"type":"Polygon","coordinates":[[[-1.7287567846678857,52.438616180982514],[-1.735631640581322,52.43735866522398],[-1.7367634360774074,52.432881562308474],[-1.731021230194313,52.429662224562065],[-1.7241474645390942,52.43091975335593],[-1.7230148146221735,52.4353966068422],[-1.7287567846678857,52.438616180982514]]]}},{"type":"Feature","properties":{"h3_index":"88195c306dfffff","resolution":8,"footfall_idx":18,"avg_spend":28,"weekly_revenue":410915,"store_count":2,"opportunity_score":56},"geometry":{"type":"Polygon","coordinates":[[[-1.720749002757816,52.4443495760733],[-1.7276243059771095,52.443092790320314],[-1.7287567846678857,52.438616180982514],[-1.7230148146221735,52.4353966068422],[-1.7161406019577636,52.436653405717855],[-1.7150072688976423,52.44112976559253],[-1.720749002757816,52.4443495760733]]]}},{"type":"Feature","properties":{"h3_index":"88195c3317fffff","resolution":8,"footfall_idx":18,"avg_spend":22,"weekly_revenue":388909,"store_count":2,"opportunity_score":76},"geometry":{"type":"Polygon","coordinates":[[[-1.7127400904206564,52.45008174744527],[-1.7196158407349458,52.44882569173884],[-1.720749002757816,52.4443495760733],[-1.7150072688976423,52.44112976559253],[-1.708132609434865,52.442385834508976],[-1.7069985930942604,52.44686170067755],[-1.7127400904206564,52.45008174744527]]]}},{"type":"Feature","properties":{"h3_index":"88195c3311fffff","resolution":8,"footfall_idx":18,"avg_spend":32,"weekly_revenue":661755,"store_count":2,"opportunity_score":50},"geometry":{"type":"Polygon","coordinates":[[[-1.704730047730075,52.45581269496301],[-1.711606244928346,52.454557369344045],[-1.7127400904206564,52.45008174744527],[-1.7069985930942604,52.44686170067755],[-1.7001234870441069,52.44811703959385],[-1.6989887872858067,52.45259241196187],[-1.704730047730075,52.45581269496301]]]}},{"type":"Feature","properties":{"h3_index":"88195c3319fffff","resolution":8,"footfall_idx":18,"avg_spend":36,"weekly_revenue":593353,"store_count":2,"opportunity_score":70},"geometry":{"type":"Polygon","coordinates":[[[-1.6967188747599118,52.46154241849123],[-1.7035955186310012,52.46028782300062],[-1.704730047730075,52.45581269496301],[-1.6989887872858067,52.45259241196187],[-1.6921132348594088,52.453847020837166],[-1.6909778515462324,52.458321899310285],[-1.6967188747599118,52.46154241849123]]]}},{"type":"Feature","properties":{"h3_index":"88195c3357fffff","resolution":8,"footfall_idx":18,"avg_spend":27,"weekly_revenue":526073,"store_count":1,"opportunity_score":45},"geometry":{"type":"Polygon","coordinates":[[[-1.7013259474100826,52.46923734066761],[-1.708203682983348,52.46798275845452],[-1.7093380412474515,52.46350787488828],[-1.7035955186310012,52.46028782300062],[-1.6967188747599118,52.46154241849123],[-1.6955836619167823,52.46601705257334],[-1.7013259474100826,52.46923734066761]]]}},{"type":"Feature","properties":{"h3_index":"88195c3355fffff","resolution":8,"footfall_idx":18,"avg_spend":31,"weekly_revenue":473877,"store_count":1,"opportunity_score":64},"geometry":{"type":"Polygon","coordinates":[[[-1.7059344534190064,52.47693178697736],[-1.7128132809519685,52.47567721793456],[-1.7139474682052036,52.47120257898061],[-1.708203682983348,52.46798275845452],[-1.7013259474100826,52.46923734066761],[-1.7001909052126998,52.47371173021784],[-1.7059344534190064,52.47693178697736]]]}},{"type":"Feature","properties":{"h3_index":"88195c3343fffff","resolution":8,"footfall_idx":18,"avg_spend":35,"weekly_revenue":640098,"store_count":6,"opportunity_score":83},"geometry":{"type":"Polygon","coordinates":[[[-1.7105443933960336,52.484625757031516],[-1.7174243131462532,52.48337120105171],[-1.7185583292126558,52.478896806850905],[-1.7128132809519685,52.47567721793456],[-1.7059344534190064,52.47693178697736],[-1.704799582043195,52.481405931854844],[-1.7105443933960336,52.484625757031516]]]}},{"type":"Feature","properties":{"h3_index":"88195c3341fffff","resolution":8,"footfall_idx":19,"avg_spend":27,"weekly_revenue":606785,"store_count":6,"opportunity_score":58},"geometry":{"type":"Polygon","coordinates":[[[-1.715155767950844,52.49231925044117],[-1.7220367801759495,52.49106470741704],[-1.7231706248793108,52.486590558110215],[-1.7174243131462532,52.48337120105171],[-1.7105443933960336,52.484625757031516],[-1.7094096930177447,52.489099657095444],[-1.715155767950844,52.49231925044117]]]}},{"type":"Feature","properties":{"h3_index":"88195c334dfffff","resolution":8,"footfall_idx":19,"avg_spend":31,"weekly_revenue":559316,"store_count":6,"opportunity_score":77},"geometry":{"type":"Polygon","coordinates":[[[-1.7197685776934082,52.50001226681744],[-1.7266506826510308,52.49875773664157],[-1.7277843558151098,52.4942838323695],[-1.7220367801759495,52.49106470741704],[-1.715155767950844,52.49231925044117],[-1.7140212387461853,52.4967929055508],[-1.7197685776934082,52.50001226681744]]]}},{"type":"Feature","properties":{"h3_index":"88195c069bfffff","resolution":8,"footfall_idx":19,"avg_spend":35,"weekly_revenue":742399,"store_count":6,"opportunity_score":52},"geometry":{"type":"Polygon","coordinates":[[[-1.7243828232340397,52.50770480577151],[-1.7312660211818516,52.50645028833645],[-1.7323995226302324,52.50197662923985],[-1.7266506826510308,52.49875773664157],[-1.7197685776934082,52.50001226681744],[-1.7186342198386106,52.50448567683207],[-1.7243828232340397,52.50770480577151]]]}},{"type":"Feature","properties":{"h3_index":"88195c0699fffff","resolution":8,"footfall_idx":20,"avg_spend":26,"weekly_revenue":459252,"store_count":6,"opportunity_score":71},"geometry":{"type":"Polygon","coordinates":[[[-1.7289985051832804,52.51539686691459],[-1.7358827963790504,52.5141423621128],[-1.7370161259351515,52.50966894833233],[-1.7312660211818516,52.50645028833645],[-1.7243828232340397,52.50770480577151],[-1.7232486369054523,52.51217797055046],[-1.7289985051832804,52.51539686691459]]]}},{"type":"Feature","properties":{"h3_index":"88195c06d7fffff","resolution":8,"footfall_idx":24,"avg_spend":30,"weekly_revenue":755974,"store_count":6,"opportunity_score":45},"geometry":{"type":"Polygon","coordinates":[[[-1.733615624152074,52.52308844985788],[-1.7405010088535218,52.5218339575818],[-1.7416341663407051,52.51736078925813],[-1.7358827963790504,52.5141423621128],[-1.7289985051832804,52.51539686691459],[-1.7278644905574303,52.519869786317216],[-1.733615624152074,52.52308844985788]]]}},{"type":"Feature","properties":{"h3_index":"88195c06d5fffff","resolution":8,"footfall_idx":28,"avg_spend":34,"weekly_revenue":777547,"store_count":6,"opportunity_score":62},"geometry":{"type":"Polygon","coordinates":[[[-1.7382341807515953,52.53077955421267],[-1.7451206592165245,52.52952507435467],[-1.7462536444579637,52.52505215162835],[-1.7405010088535218,52.5218339575818],[-1.733615624152074,52.52308844985788],[-1.7324817814055617,52.52756112374365],[-1.7382341807515953,52.53077955421267]]]}},{"type":"Feature","properties":{"h3_index":"88195c06c3fffff","resolution":8,"footfall_idx":31,"avg_spend":38,"weekly_revenue":1158608,"store_count":6,"opportunity_score":78},"geometry":{"type":"Polygon","coordinates":[[[-1.7428541755933669,52.538470179590256],[-1.749741748079612,52.53721571204264],[-1.7508745608983791,52.53274303505421],[-1.7451206592165245,52.52952507435467],[-1.7382341807515953,52.53077955421267],[-1.7371005100611803,52.53525198244104],[-1.7428541755933669,52.538470179590256]]]}},{"type":"Feature","properties":{"h3_index":"88195c06c1fffff","resolution":8,"footfall_idx":34,"avg_spend":29,"weekly_revenue":1134221,"store_count":6,"opportunity_score":54},"geometry":{"type":"Polygon","coordinates":[[[-1.747475609289181,52.546160325602],[-1.7543642760546436,52.544905870257004],[-1.7554969162736491,52.54043343914696],[-1.749741748079612,52.53721571204264],[-1.7428541755933669,52.538470179590256],[-1.7417206771359577,52.54294236202077],[-1.747475609289181,52.546160325602]]]}},{"type":"Feature","properties":{"h3_index":"88195c06cdfffff","resolution":8,"footfall_idx":37,"avg_spend":33,"weekly_revenue":1119794,"store_count":6,"opportunity_score":69},"geometry":{"type":"Polygon","coordinates":[[[-1.752098482451196,52.553849991859245],[-1.758988243753775,52.55259554860907],[-1.7601207111957975,52.54812336351785],[-1.7543642760546436,52.544905870257004],[-1.747475609289181,52.546160325602],[-1.7463422832417914,52.55063226209421],[-1.752098482451196,52.553849991859245]]]}},{"type":"Feature","properties":{"h3_index":"88195c061bfffff","resolution":8,"footfall_idx":39,"avg_spend":38,"weekly_revenue":1606339,"store_count":6,"opportunity_score":47},"geometry":{"type":"Polygon","coordinates":[[[-1.7567227956917861,52.561539177973444],[-1.7636136517894494,52.56028474671021],[-1.7647459462771387,52.555812807778224],[-1.758988243753775,52.55259554860907],[-1.752098482451196,52.553849991859245],[-1.7509653289909861,52.55832168227281],[-1.7567227956917861,52.561539177973444]]]}},{"type":"Feature","properties":{"h3_index":"88195c0619fffff","resolution":8,"footfall_idx":40,"avg_spend":29,"weekly_revenue":986796,"store_count":6,"opportunity_score":63},"geometry":{"type":"Polygon","coordinates":[[[-1.761348549623714,52.569227883556024],[-1.7682405007744557,52.56797346417181],[-1.7693726221303492,52.56350177153939],[-1.7636136517894494,52.56028474671021],[-1.7567227956917861,52.561539177973444],[-1.7555898149960625,52.566010622167994],[-1.761348549623714,52.569227883556024]]]}},{"type":"Feature","properties":{"h3_index":"88195c0657fffff","resolution":8,"footfall_idx":41,"avg_spend":33,"weekly_revenue":1376641,"store_count":6,"opportunity_score":41},"geometry":{"type":"Polygon","coordinates":[[[-1.7659757448600248,52.57691610821847],[-1.7728687913218804,52.575661700605295],[-1.7740007393683408,52.57119025441275],[-1.7682405007744557,52.56797346417181],[-1.761348549623714,52.569227883556024],[-1.7602157418699005,52.57369908139128],[-1.7659757448600248,52.57691610821847]]]}},{"type":"Feature","properties":{"h3_index":"88195c0655fffff","resolution":8,"footfall_idx":23,"avg_spend":37,"weekly_revenue":1007806,"store_count":5,"opportunity_score":66},"geometry":{"type":"Polygon","coordinates":[[[-1.7706043820140416,52.584603851572325],[-1.7774985240450867,52.58334945562212],[-1.778630298604398,52.57887825600971],[-1.7728687913218804,52.575661700605295],[-1.7659757448600248,52.57691610821847],[-1.764843110225689,52.58138705955419],[-1.7706043820140416,52.584603851572325]]]}},{"type":"Feature","properties":{"h3_index":"88195c0609fffff","resolution":8,"footfall_idx":26,"avg_spend":28,"weekly_revenue":692362,"store_count":5,"opportunity_score":83},"geometry":{"type":"Polygon","coordinates":[[[-1.7832613004520368,52.58656577594171],[-1.7901560865660122,52.585310659935814],[-1.7912870006314643,52.580839212161436],[-1.7855239891909755,52.577623128535976],[-1.778630298604398,52.57887825600971],[-1.7774985240450867,52.58334945562212],[-1.7832613004520368,52.58656577594171]]]}},{"type":"Feature","properties":{"h3_index":"88195c060dfffff","resolution":8,"footfall_idx":29,"avg_spend":32,"weekly_revenue":1037350,"store_count":5,"opportunity_score":57},"geometry":{"type":"Polygon","coordinates":[[[-1.7959203674568855,52.58852650820061],[-1.8028157970999734,52.58727067189764],[-1.803945850252814,52.582798976076155],[-1.7981813347893345,52.57958336458582],[-1.7912870006314643,52.580839212161436],[-1.7901560865660122,52.585310659935814],[-1.7959203674568855,52.58852650820061]]]}},{"type":"Feature","properties":{"h3_index":"88195c0663fffff","resolution":8,"footfall_idx":32,"avg_spend":36,"weekly_revenue":1019084,"store_count":5,"opportunity_score":74},"geometry":{"type":"Polygon","coordinates":[[[-1.8085815823395106,52.59048604775145],[-1.815477654957375,52.58922949091007],[-1.8166068467789132,52.58475754715641],[-1.8108408274280046,52.58154240815736],[-1.803945850252814,52.582798976076155],[-1.8028157970999734,52.58727067189764],[-1.8085815823395106,52.59048604775145]]]}},{"type":"Feature","properties":{"h3_index":"88195c0667fffff","resolution":8,"footfall_idx":34,"avg_spend":28,"weekly_revenue":1000941,"store_count":5,"opportunity_score":50},"geometry":{"type":"Polygon","coordinates":[[[-1.8212449444097345,52.59244439399665],[-1.828141659447538,52.59118711637566],[-1.8292699895191646,52.586714924804845],[-1.823502466417015,52.58350025865323],[-1.8166068467789132,52.58475754715641],[-1.815477654957375,52.58922949091007],[-1.8212449444097345,52.59244439399665]]]}},{"type":"Feature","properties":{"h3_index":"88195c075bfffff","resolution":8,"footfall_idx":35,"avg_spend":32,"weekly_revenue":916379,"store_count":5,"opportunity_score":67},"geometry":{"type":"Polygon","coordinates":[[[-1.8339104529763028,52.594401546338815],[-1.8408078098787293,52.593143547697075],[-1.841935277781938,52.58867110842422],[-1.8361662510652281,52.585456915476186],[-1.8292699895191646,52.586714924804845],[-1.828141659447538,52.59118711637566],[-1.8339104529763028,52.594401546338815]]]}},{"type":"Feature","properties":{"h3_index":"88195c0751fffff","resolution":8,"footfall_idx":34,"avg_spend":36,"weekly_revenue":1205619,"store_count":5,"opportunity_score":45},"geometry":{"type":"Polygon","coordinates":[[[-1.8465781073469383,52.59635750418058],[-1.853476105558148,52.59509878427705],[-1.8546027108744698,52.59062609741739],[-1.848832180680498,52.58741237802908],[-1.841935277781938,52.58867110842422],[-1.8408078098787293,52.593143547697075],[-1.8465781073469383,52.59635750418058]]]}},{"type":"Feature","properties":{"h3_index":"88195c0755fffff","resolution":8,"footfall_idx":33,"avg_spend":27,"weekly_revenue":1026227,"store_count":5,"opportunity_score":63},"geometry":{"type":"Polygon","coordinates":[[[-1.859247906828226,52.59831226692476],[-1.866146545791886,52.597052825518496],[-1.867272288102941,52.5925798911873],[-1.8615002545696038,52.58936664571486],[-1.8546027108744698,52.59062609741739],[-1.853476105558148,52.59509878427705],[-1.859247906828226,52.59831226692476]]]}},{"type":"Feature","properties":{"h3_index":"88195c0709fffff","resolution":8,"footfall_idx":31,"avg_spend":31,"weekly_revenue":882733,"store_count":4,"opportunity_score":41},"geometry":{"type":"Polygon","coordinates":[[[-1.8719198507256891,52.60026583397415],[-1.8788191298850148,52.599005670824326],[-1.8799440087725061,52.59453248913696],[-1.8741704720382493,52.591319717936535],[-1.867272288102941,52.5925798911873],[-1.866146545791886,52.597052825518496],[-1.8719198507256891,52.60026583397415]]]}},{"type":"Feature","properties":{"h3_index":"88195c070dfffff","resolution":8,"footfall_idx":28,"avg_spend":35,"weekly_revenue":1063637,"store_count":4,"opportunity_score":60},"geometry":{"type":"Polygon","coordinates":[[[-1.8845939383438548,52.6022182047317],[-1.891493857141485,52.60095731959757],[-1.8926178721871734,52.59648389066955],[-1.886842832391035,52.59327159409725],[-1.8799440087725061,52.59453248913696],[-1.8788191298850148,52.599005670824326],[-1.8845939383438548,52.6022182047317]]]}},{"type":"Feature","properties":{"h3_index":"88195c0763fffff","resolution":8,"footfall_idx":25,"avg_spend":26,"weekly_revenue":553885,"store_count":4,"opportunity_score":79},"geometry":{"type":"Polygon","coordinates":[[[-1.897270168986038,52.60416937860051],[-1.9041707268641708,52.602907771241405],[-1.9052938776499557,52.59843409518827],[-1.899517334931505,52.595222273600235],[-1.8926178721871734,52.59648389066955],[-1.891493857141485,52.60095731959757],[-1.897270168986038,52.60416937860051]]]}},{"type":"Feature","properties":{"h3_index":"88195c0767fffff","resolution":8,"footfall_idx":22,"avg_spend":30,"weekly_revenue":672486,"store_count":3,"opportunity_score":57},"geometry":{"type":"Polygon","coordinates":[[[-1.9099485419546034,52.60611935498371],[-1.9168497383549148,52.60485702515907],[-1.9179720244627156,52.60038310209649],[-1.9121939789621452,52.59717175584885],[-1.9052938776499557,52.59843409518827],[-1.9041707268641708,52.602907771241405],[-1.9099485419546034,52.60611935498371]]]}},{"type":"Feature","properties":{"h3_index":"88195c00dbfffff","resolution":8,"footfall_idx":22,"avg_spend":30,"weekly_revenue":782565,"store_count":3,"opportunity_score":75},"geometry":{"type":"Polygon","coordinates":[[[-1.9226290565507735,52.60806813328457],[-1.929530890914446,52.60680508075393],[-1.9306523119262777,52.60233091079763],[-1.924872763784356,52.5991200402465],[-1.9179720244627156,52.60038310209649],[-1.9168497383549148,52.60485702515907],[-1.9226290565507735,52.60806813328457]]]}},{"type":"Feature","properties":{"h3_index":"88195c00d1fffff","resolution":8,"footfall_idx":21,"avg_spend":23,"weekly_revenue":460054,"store_count":3,"opportunity_score":51},"geometry":{"type":"Polygon","coordinates":[[[-1.9353117120747185,52.6100157129064],[-1.9422141838424265,52.60875193742939],[-1.9433347393404212,52.6042775206952],[-1.9375536886984406,52.60106712619674],[-1.9306523119262777,52.60233091079763],[-1.929530890914446,52.60680508075393],[-1.9353117120747185,52.6100157129064]]]}},{"type":"Feature","properties":{"h3_index":"88195c00d5fffff","resolution":8,"footfall_idx":19,"avg_spend":26,"weekly_revenue":552924,"store_count":3,"opportunity_score":71},"geometry":{"type":"Polygon","coordinates":[[[-1.9479965078255328,52.61196209325266],[-1.9548996164374826,52.61069759458902],[-1.9560193060037565,52.60622293119288],[-1.950236753003672,52.60301301310315],[-1.9433347393404212,52.6042775206952],[-1.9422141838424265,52.60875193742939],[-1.9479965078255328,52.61196209325266]]]}},{"type":"Feature","properties":{"h3_index":"88195c0089fffff","resolution":8,"footfall_idx":16,"avg_spend":30,"weekly_revenue":425312,"store_count":2,"opportunity_score":47},"geometry":{"type":"Polygon","coordinates":[[[-1.9606834431012137,52.613907273726944],[-1.9675871879970934,52.612642051636456],[-1.9687060112139514,52.608167141694366],[-1.9629219559982098,52.604957700369496],[-1.9560193060037565,52.60622293119288],[-1.9548996164374826,52.61069759458902],[-1.9606834431012137,52.613907273726944]]]}},{"type":"Feature","properties":{"h3_index":"88195c0081fffff","resolution":8,"footfall_idx":18,"avg_spend":33,"weekly_revenue":625395,"store_count":2,"opportunity_score":66},"geometry":{"type":"Polygon","coordinates":[[[-1.9687060112139514,52.608167141694366],[-1.9756092969791583,52.6069011873996],[-1.9767274328165771,52.602425783153095],[-1.9709431493999239,52.59921657969316],[-1.9640409582329825,52.60048254263402],[-1.9629219559982098,52.604957700369496],[-1.9687060112139514,52.608167141694366]]]}},{"type":"Feature","properties":{"h3_index":"88195c0087fffff","resolution":8,"footfall_idx":18,"avg_spend":26,"weekly_revenue":383591,"store_count":2,"opportunity_score":85},"geometry":{"type":"Polygon","coordinates":[[[-1.9767274328165771,52.602425783153095],[-1.983630259241233,52.601159096696435],[-1.9847477078404583,52.596683198239774],[-1.9789631965738579,52.59347423269665],[-1.972061464444265,52.594740927712586],[-1.9709431493999239,52.59921657969316],[-1.9767274328165771,52.602425783153095]]]}},{"type":"Feature","properties":{"h3_index":"88195c00bdfffff","resolution":8,"footfall_idx":19,"avg_spend":29,"weekly_revenue":543521,"store_count":2,"opportunity_score":60},"geometry":{"type":"Polygon","coordinates":[[[-1.9847477078404583,52.596683198239774],[-1.9916500747148722,52.595415779663654],[-1.9927668362171713,52.590939387091176],[-1.9869820974514898,52.587730659516666],[-1.9800808245689177,52.58899808656524],[-1.9789631965738579,52.59347423269665],[-1.9847477078404583,52.596683198239774]]]}},{"type":"Feature","properties":{"h3_index":"88195c00b5fffff","resolution":8,"footfall_idx":19,"avg_spend":33,"weekly_revenue":723065,"store_count":2,"opportunity_score":79},"geometry":{"type":"Polygon","coordinates":[[[-1.9927668362171713,52.590939387091176],[-1.9996687433317988,52.58967123643815],[-2.0007848178785186,52.58519434984422],[-1.9949998519644792,52.581985860290146],[-1.9880990385384592,52.5832540193288],[-1.9869820974514898,52.587730659516666],[-1.9927668362171713,52.590939387091176]]]}},{"type":"Feature","properties":{"h3_index":"88195c0e4bfffff","resolution":8,"footfall_idx":18,"avg_spend":25,"weekly_revenue":414000,"store_count":2,"opportunity_score":54},"geometry":{"type":"Polygon","coordinates":[[[-2.0007848178785186,52.58519434984422],[-2.0076862650239393,52.583925467156995],[-2.0088016527564716,52.57944808663608],[-2.0030164600447047,52.576239835154176],[-1.9961161062845938,52.577508726140216],[-1.9949998519644792,52.581985860290146],[-2.0007848178785186,52.58519434984422]]]}},{"type":"Feature","properties":{"h3_index":"88195c0e43fffff","resolution":8,"footfall_idx":17,"avg_spend":29,"weekly_revenue":535787,"store_count":2,"opportunity_score":74},"geometry":{"type":"Polygon","coordinates":[[[-2.0088016527564716,52.57944808663608],[-2.0157026397234525,52.57817847195739],[-2.0168173407832013,52.57370059760401],[-2.011031921624214,52.57049258424602],[-2.00413202773921,52.57176220713673],[-2.0030164600447047,52.576239835154176],[-2.0088016527564716,52.57944808663608]]]}},{"type":"Feature","properties":{"h3_index":"88195c0e09fffff","resolution":8,"footfall_idx":16,"avg_spend":32,"weekly_revenue":437030,"store_count":2,"opportunity_score":49},"geometry":{"type":"Polygon","coordinates":[[[-2.0168173407832013,52.57370059760401],[-2.0237178673626754,52.57243025097673],[-2.024831881891093,52.56795188288548],[-2.0190462366352704,52.56474410770312],[-2.012146802834441,52.566014462455605],[-2.011031921624214,52.57049258424602],[-2.0168173407832013,52.57370059760401]]]}},{"type":"Feature","properties":{"h3_index":"88195c0e01fffff","resolution":8,"footfall_idx":14,"avg_spend":25,"weekly_revenue":357127,"store_count":1,"opportunity_score":70},"geometry":{"type":"Polygon","coordinates":[[[-2.024831881891093,52.56795188288548],[-2.0317319478741167,52.566680804352586],[-2.0328452760127056,52.562201942618145],[-2.027059405010329,52.55899440566305],[-2.020160431502547,52.56026549223437],[-2.0190462366352704,52.56474410770312],[-2.024831881891093,52.56795188288548]]]}},{"type":"Feature","properties":{"h3_index":"88195c0e07fffff","resolution":8,"footfall_idx":13,"avg_spend":28,"weekly_revenue":432122,"store_count":1,"opportunity_score":90},"geometry":{"type":"Polygon","coordinates":[[[-2.0328452760127056,52.562201942618145],[-2.0397448811905394,52.560930132222666],[-2.040857523080853,52.55645077693976],[-2.03507142668207,52.55324347826358],[-2.028172913676079,52.554515296610646],[-2.027059405010329,52.55899440566305],[-2.0328452760127056,52.562201942618145]]]}},{"type":"Feature","properties":{"h3_index":"88195c0e3dfffff","resolution":8,"footfall_idx":13,"avg_spend":32,"weekly_revenue":396837,"store_count":1,"opportunity_score":64},"geometry":{"type":"Polygon","coordinates":[[[-2.040857523080853,52.55645077693976],[-2.0477566672448586,52.555178234724885],[-2.048868623028458,52.55069838598833],[-2.0430823015833135,52.547491325642675],[-2.036184249287678,52.54876387572233],[-2.03507142668207,52.55324347826358],[-2.040857523080853,52.55645077693976]]]}},{"type":"Feature","properties":{"h3_index":"88195c0e35fffff","resolution":8,"footfall_idx":13,"avg_spend":24,"weekly_revenue":349666,"store_count":6,"opportunity_score":84},"geometry":{"type":"Polygon","coordinates":[[[-2.048868623028458,52.55069838598833],[-2.0557673059702233,52.54942511199734],[-2.056878575788729,52.544944769901974],[-2.051092029647135,52.54173794793844],[-2.044194438270286,52.54301122970741],[-2.0430823015833135,52.547491325642675],[-2.048868623028458,52.55069838598833]]]}},{"type":"Feature","properties":{"h3_index":"88195c0c4bfffff","resolution":8,"footfall_idx":13,"avg_spend":28,"weekly_revenue":323054,"store_count":6,"opportunity_score":58},"geometry":{"type":"Polygon","coordinates":[[[-2.056878575788729,52.544944769901974],[-2.063776797299946,52.54367076417821],[-2.064887381295042,52.539189928819006],[-2.0591006108067926,52.5359833452891],[-2.0522034805569676,52.53725735870405],[-2.051092029647135,52.54173794793844],[-2.056878575788729,52.544944769901974]]]}},{"type":"Feature","properties":{"h3_index":"88195c0c43fffff","resolution":8,"footfall_idx":13,"avg_spend":31,"weekly_revenue":424882,"store_count":6,"opportunity_score":78},"geometry":{"type":"Polygon","coordinates":[[[-2.064887381295042,52.539189928819006],[-2.07178514116757,52.53791519140596],[-2.072895039480933,52.533433862877914],[-2.067108044995756,52.530227517833154],[-2.0602113760810594,52.53150226285059],[-2.0591006108067926,52.5359833452891],[-2.064887381295042,52.539189928819006]]]}},{"type":"Feature","properties":{"h3_index":"88195c0c09fffff","resolution":8,"footfall_idx":13,"avg_spend":23,"weekly_revenue":245504,"store_count":5,"opportunity_score":52},"geometry":{"type":"Polygon","coordinates":[[[-2.072895039480933,52.533433862877914],[-2.079792337506827,52.5321583938191],[-2.0809015502802253,52.52767657221729],[-2.0751143321476286,52.52447046570919],[-2.068218124776001,52.525745942285575],[-2.067108044995756,52.530227517833154],[-2.072895039480933,52.533433862877914]]]}},{"type":"Feature","properties":{"h3_index":"88195c0c01fffff","resolution":8,"footfall_idx":13,"avg_spend":27,"weekly_revenue":346743,"store_count":5,"opportunity_score":72},"geometry":{"type":"Polygon","coordinates":[[[-2.0809015502802253,52.52767657221729],[-2.0877983862516163,52.526400371556456],[-2.088906913626807,52.52191805697602],[-2.0831194721962856,52.51871218905602],[-2.0762237265755545,52.51998839714764],[-2.0751143321476286,52.52447046570919],[-2.0809015502802253,52.52767657221729]]]}},{"type":"Feature","properties":{"h3_index":"88195c0c07fffff","resolution":8,"footfall_idx":13,"avg_spend":31,"weekly_revenue":465327,"store_count":5,"opportunity_score":46},"geometry":{"type":"Polygon","coordinates":[[[-2.088906913626807,52.52191805697602],[-2.095803287336085,52.5206411247569],[-2.0969111294548974,52.516158317293076],[-2.091123465075785,52.51295268801256],[-2.084228181413545,52.514229627575666],[-2.0831194721962856,52.51871218905602],[-2.088906913626807,52.52191805697602]]]}},{"type":"Feature","properties":{"h3_index":"88195c0c39fffff","resolution":8,"footfall_idx":13,"avg_spend":23,"weekly_revenue":275512,"store_count":5,"opportunity_score":66},"geometry":{"type":"Polygon","coordinates":[[[-2.084228181413545,52.514229627575666],[-2.091123465075785,52.51295268801256],[-2.092231489224078,52.508469633708714],[-2.0864450965527683,52.505263765013666],[-2.079550902685049,52.506540712029185],[-2.0784420118069966,52.511023520268026],[-2.084228181413545,52.514229627575666]]]}},{"type":"Feature","properties":{"h3_index":"88195c0c3bfffff","resolution":8,"footfall_idx":13,"avg_spend":26,"weekly_revenue":367823,"store_count":5,"opportunity_score":86},"geometry":{"type":"Polygon","coordinates":[[[-2.079550902685049,52.506540712029185],[-2.0864450965527683,52.505263765013666],[-2.08755330254924,52.500780464011214],[-2.0817681811521216,52.4975743561515],[-2.074875076826445,52.49885131072778],[-2.0737660044686836,52.50333436558372],[-2.079550902685049,52.506540712029185]]]}},{"type":"Feature","properties":{"h3_index":"88195c0cedfffff","resolution":8,"footfall_idx":14,"avg_spend":30,"weekly_revenue":359108,"store_count":5,"opportunity_score":60},"geometry":{"type":"Polygon","coordinates":[[[-2.074875076826445,52.49885131072778],[-2.0817681811521216,52.4975743561515],[-2.0828765688156015,52.493090808591965],[-2.0770927182592,52.48988446181738],[-2.070200703223134,52.49116142406267],[-2.06909144956667,52.495644725394236],[-2.074875076826445,52.49885131072778]]]}},{"type":"Feature","properties":{"h3_index":"88195c0ce1fffff","resolution":8,"footfall_idx":14,"avg_spend":22,"weekly_revenue":314716,"store_count":5,"opportunity_score":80},"geometry":{"type":"Polygon","coordinates":[[[-2.070200703223134,52.49116142406267],[-2.0770927182592,52.48988446181738],[-2.07820128740867,52.48540066784227],[-2.07241870725973,52.48219408240266],[-2.065527781260866,52.48347105242518],[-2.06441834648652,52.48795460009086],[-2.070200703223134,52.49116142406267]]]}},{"type":"Feature","properties":{"h3_index":"88195c0ce3fffff","resolution":8,"footfall_idx":14,"avg_spend":26,"weekly_revenue":432648,"store_count":5,"opportunity_score":54},"geometry":{"type":"Polygon","coordinates":[[[-2.065527781260866,52.48347105242518],[-2.07241870725973,52.48219408240266],[-2.0735274577142833,52.477710042153575],[-2.0677461475396672,52.474503218298686],[-2.060856310325626,52.475780196206664],[-2.059746694614132,52.480263990064856],[-2.065527781260866,52.48347105242518]]]}},{"type":"Feature","properties":{"h3_index":"88195c0c85fffff","resolution":8,"footfall_idx":14,"avg_spend":32,"weekly_revenue":428011,"store_count":4,"opportunity_score":74},"geometry":{"type":"Polygon","coordinates":[[[-2.060856310325626,52.475780196206664],[-2.0677461475396672,52.474503218298686],[-2.0688550791185754,52.47001893191725],[-2.0630750384853145,52.46681186989691],[-2.056186289803788,52.46808885579845],[-2.055076493335704,52.47257289570754],[-2.060856310325626,52.475780196206664]]]}},{"type":"Feature","properties":{"h3_index":"88195c0c87fffff","resolution":8,"footfall_idx":14,"avg_spend":35,"weekly_revenue":549862,"store_count":4,"opportunity_score":48},"geometry":{"type":"Polygon","coordinates":[[[-2.056186289803788,52.46808885579845],[-2.0630750384853145,52.46681186989691],[-2.064184151007941,52.46232733752481],[-2.058405379483289,52.4591200375888],[-2.051517719081929,52.46039703159194],[-2.05040774203771,52.46488131741028],[-2.056186289803788,52.46808885579845]]]}},{"type":"Feature","properties":{"h3_index":"88195c0cb9fffff","resolution":8,"footfall_idx":14,"avg_spend":27,"weekly_revenue":336025,"store_count":4,"opportunity_score":68},"geometry":{"type":"Polygon","coordinates":[[[-2.051517719081929,52.46039703159194],[-2.058405379483289,52.4591200375888],[-2.0595146727691334,52.454635259367755],[-2.0537371699204874,52.45142772176582],[-2.046850597547038,52.45270472397856],[-2.0457404401069765,52.45718925556445],[-2.051517719081929,52.46039703159194]]]}},{"type":"Feature","properties":{"h3_index":"88195c0cbbfffff","resolution":8,"footfall_idx":14,"avg_spend":31,"weekly_revenue":458192,"store_count":4,"opportunity_score":88},"geometry":{"type":"Polygon","coordinates":[[[-2.046850597547038,52.45270472397856],[-2.0537371699204874,52.45142772176582],[-2.054846643789184,52.44694269783765],[-2.0490704091840777,52.443734922819516],[-2.0421849245863273,52.445011933349804],[-2.0410745869305895,52.449496710561476],[-2.046850597547038,52.45270472397856]]]}},{"type":"Feature","properties":{"h3_index":"88195c396dfffff","resolution":8,"footfall_idx":16,"avg_spend":35,"weekly_revenue":460616,"store_count":4,"opportunity_score":61},"geometry":{"type":"Polygon","coordinates":[[[-2.0421849245863273,52.445011933349804],[-2.0490704091840777,52.443734922819516],[-2.05018006345543,52.43924965332598],[-2.0444050966616154,52.43604164114146],[-2.03752069958734,52.43731866009718],[-2.0364101818959863,52.4418036827928],[-2.0421849245863273,52.445011933349804]]]}},{"type":"Feature","properties":{"h3_index":"88195c3961fffff","resolution":8,"footfall_idx":18,"avg_spend":27,"weekly_revenue":480807,"store_count":4,"opportunity_score":80},"geometry":{"type":"Polygon","coordinates":[[[-2.03752069958734,52.43731866009718],[-2.0444050966616154,52.43604164114146],[-2.0455149311555334,52.43155612622446],[-2.039741231740892,52.42834787712325],[-2.03285792193793,52.42962490461219],[-2.031747224390843,52.43411017264993],[-2.03752069958734,52.43731866009718]]]}},{"type":"Feature","properties":{"h3_index":"88195c3963fffff","resolution":8,"footfall_idx":21,"avg_spend":30,"weekly_revenue":728345,"store_count":4,"opportunity_score":53},"geometry":{"type":"Polygon","coordinates":[[[-2.03285792193793,52.42962490461219],[-2.039741231740892,52.42834787712325],[-2.040851246277429,52.423862116924674],[-2.0350788138100184,52.42065363115651],[-2.0281965910262385,52.42193066728646],[-2.027085713803196,52.42641618052443],[-2.03285792193793,52.42962490461219]]]}},{"type":"Feature","properties":{"h3_index":"88195c3905fffff","resolution":8,"footfall_idx":23,"avg_spend":34,"weekly_revenue":721700,"store_count":4,"opportunity_score":71},"geometry":{"type":"Polygon","coordinates":[[[-2.0281965910262385,52.42193066728646],[-2.0350788138100184,52.42065363115651],[-2.036189008209347,52.416167625818325],[-2.0304178422574135,52.41295890363292],[-2.023536706240708,52.41423594851159],[-2.0224256495213453,52.41872170680781],[-2.0281965910262385,52.42193066728646]]]}},{"type":"Feature","properties":{"h3_index":"88195c3907fffff","resolution":8,"footfall_idx":24,"avg_spend":26,"weekly_revenue":679958,"store_count":4,"opportunity_score":47},"geometry":{"type":"Polygon","coordinates":[[[-2.023536706240708,52.41423594851159],[-2.0304178422574135,52.41295890363292],[-2.0315282163398756,52.408472653297125],[-2.0257583164718307,52.405263694944175],[-2.0188782669701353,52.40654074867921],[-2.0177670309339524,52.411026751891704],[-2.023536706240708,52.41423594851159]]]}},{"type":"Feature","properties":{"h3_index":"88195c3939fffff","resolution":8,"footfall_idx":25,"avg_spend":30,"weekly_revenue":642348,"store_count":4,"opportunity_score":65},"geometry":{"type":"Polygon","coordinates":[[[-2.0188782669701353,52.40654074867921],[-2.0257583164718307,52.405263694944175],[-2.026868870057856,52.400777199752845],[-2.0211002358422387,52.397568005482036],[-2.0142212726035513,52.398845068181025],[-2.0131098574298933,52.403331316167744],[-2.0188782669701353,52.40654074867921]]]}},{"type":"Feature","properties":{"h3_index":"88195c393bfffff","resolution":8,"footfall_idx":26,"avg_spend":34,"weekly_revenue":904554,"store_count":4,"opportunity_score":83},"geometry":{"type":"Polygon","coordinates":[[[-2.0142212726035513,52.398845068181025],[-2.0211002358422387,52.397568005482036],[-2.022210968752425,52.39308126557728],[-2.0164435997580057,52.38987183563828],[-2.009565722530315,52.391148907408734],[-2.0084541283984225,52.39563540002763],[-2.0142212726035513,52.398845068181025]]]}},{"type":"Feature","properties":{"h3_index":"88195c3917fffff","resolution":8,"footfall_idx":32,"avg_spend":26,"weekly_revenue":990112,"store_count":4,"opportunity_score":56},"geometry":{"type":"Polygon","coordinates":[[[-2.0015757940436116,52.39691174171767],[-2.0084541283984225,52.39563540002763],[-2.009565722530315,52.391148907408734],[-2.0037998432290633,52.38793900386301],[-1.9969225949335936,52.38921535481911],[-1.995810139992442,52.39370160003584],[-2.0015757940436116,52.39691174171767]]]}},{"type":"Feature","properties":{"h3_index":"88195c3913fffff","resolution":8,"footfall_idx":37,"avg_spend":29,"weekly_revenue":1026673,"store_count":4,"opportunity_score":71},"geometry":{"type":"Polygon","coordinates":[[[-1.9889324350772455,52.394977220954885],[-1.995810139992442,52.39370160003584],[-1.9969225949335936,52.38921535481911],[-1.9911582054687327,52.38600497802072],[-1.9842815866608023,52.38728060840035],[-1.983168271322909,52.391766606098734],[-1.9889324350772455,52.394977220954885]]]}},{"type":"Feature","properties":{"h3_index":"88195c39cdfffff","resolution":8,"footfall_idx":42,"avg_spend":33,"weekly_revenue":1557326,"store_count":5,"opportunity_score":47},"geometry":{"type":"Polygon","coordinates":[[[-1.976291196402554,52.39304150648475],[-1.983168271322909,52.391766606098734],[-1.9842815866608023,52.38728060840035],[-1.978518687174964,52.38406975870342],[-1.9716426984094462,52.38534466874452],[-1.9705285230874063,52.38983041880846],[-1.976291196402554,52.39304150648475]]]}},{"type":"Feature","properties":{"h3_index":"88195c39c9fffff","resolution":8,"footfall_idx":45,"avg_spend":25,"weekly_revenue":1001699,"store_count":5,"opportunity_score":62},"geometry":{"type":"Polygon","coordinates":[[[-1.963652078716641,52.39110459889954],[-1.9705285230874063,52.38983041880846],[-1.9716426984094462,52.38534466874452],[-1.9658812890446677,52.382133346503124],[-1.9590059308759458,52.38340753644377],[-1.9578908959824235,52.38789303875727],[-1.963652078716641,52.39110459889954]]]}},{"type":"Feature","properties":{"h3_index":"88195c3835fffff","resolution":8,"footfall_idx":48,"avg_spend":29,"weekly_revenue":1471603,"store_count":5,"opportunity_score":40},"geometry":{"type":"Polygon","coordinates":[[[-1.9510150827155237,52.389166498791596],[-1.9578908959824235,52.38789303875727],[-1.9590059308759458,52.38340753644377],[-1.9532460117737493,52.380195742012006],[-1.9463712847556438,52.38146921209036],[-1.9452553907034495,52.385954466537484],[-1.9510150827155237,52.389166498791596]]]}},{"type":"Feature","properties":{"h3_index":"88195c3831fffff","resolution":8,"footfall_idx":50,"avg_spend":33,"weekly_revenue":1359556,"store_count":5,"opportunity_score":55},"geometry":{"type":"Polygon","coordinates":[[[-1.9383802090941658,52.387227206753316],[-1.9452553907034495,52.385954466537484],[-1.9463712847556438,52.38146921209036],[-1.9406128560569598,52.378256945822315],[-1.9337387607428997,52.379529696276634],[-1.9326220079448437,52.38401470274157],[-1.9383802090941658,52.387227206753316]]]}},{"type":"Feature","properties":{"h3_index":"88195c383bfffff","resolution":8,"footfall_idx":50,"avg_spend":24,"weekly_revenue":1188912,"store_count":5,"opportunity_score":70},"geometry":{"type":"Polygon","coordinates":[[[-1.9257474585464653,52.38528672337731],[-1.9326220079448437,52.38401470274157],[-1.9337387607428997,52.379529696276634],[-1.9279818225880923,52.376316958526445],[-1.9211083595309473,52.37758898959507],[-1.9199907483999392,52.38207374796207],[-1.9257474585464653,52.38528672337731]]]}},{"type":"Feature","properties":{"h3_index":"88195c3817fffff","resolution":8,"footfall_idx":48,"avg_spend":28,"weekly_revenue":1555744,"store_count":4,"opportunity_score":51},"geometry":{"type":"Polygon","coordinates":[[[-1.9131168317652747,52.383345049256135],[-1.9199907483999392,52.38207374796207],[-1.9211083595309473,52.37758898959507],[-1.9153529120598016,52.37437578071682],[-1.9084800818119736,52.3756470926382],[-1.9073616127610242,52.380131602791614],[-1.9131168317652747,52.383345049256135]]]}},{"type":"Feature","properties":{"h3_index":"88195c3813fffff","resolution":8,"footfall_idx":45,"avg_spend":32,"weekly_revenue":1331041,"store_count":4,"opportunity_score":68},"geometry":{"type":"Polygon","coordinates":[[[-1.9004883294423423,52.38140218498261],[-1.9073616127610242,52.380131602791614],[-1.9084800818119736,52.3756470926382],[-1.902726125163722,52.37243341298601],[-1.8958539282771327,52.37370400599866],[-1.8947346017193036,52.37818826782295],[-1.9004883294423423,52.38140218498261]]]}},{"type":"Feature","properties":{"h3_index":"88195c38cdfffff","resolution":8,"footfall_idx":42,"avg_spend":36,"weekly_revenue":1649776,"store_count":4,"opportunity_score":49},"geometry":{"type":"Polygon","coordinates":[[[-1.887861952268443,52.37945813114948],[-1.8947346017193036,52.37818826782295],[-1.8958539282771327,52.37370400599866],[-1.8901014625904184,52.37048985592665],[-1.8832298996164964,52.371759730269204],[-1.882109715964961,52.376243743648885],[-1.887861952268443,52.37945813114948]]]}},{"type":"Feature","properties":{"h3_index":"88195c38c9fffff","resolution":8,"footfall_idx":38,"avg_spend":31,"weekly_revenue":1010616,"store_count":3,"opportunity_score":67},"geometry":{"type":"Polygon","coordinates":[[[-1.8752377009332168,52.37751288834974],[-1.882109715964961,52.376243743648885],[-1.8832298996164964,52.371759730269204],[-1.8774789250294064,52.36854511013152],[-1.8706079965190745,52.3698142660427],[-1.8694869561870504,52.37429803086239],[-1.8752377009332168,52.37751288834974]]]}},{"type":"Feature","properties":{"h3_index":"88195c3ab5fffff","resolution":8,"footfall_idx":36,"avg_spend":36,"weekly_revenue":1328005,"store_count":3,"opportunity_score":46},"geometry":{"type":"Polygon","coordinates":[[[-1.862615576125273,52.37556645717639],[-1.8694869561870504,52.37429803086239],[-1.8706079965190745,52.3698142660427],[-1.8648585131691429,52.36659917619347],[-1.8579882196728534,52.36786761391206],[-1.856866323073676,52.372351130056494],[-1.862615576125273,52.37556645717639]]]}},{"type":"Feature","properties":{"h3_index":"88195c3ab1fffff","resolution":8,"footfall_idx":32,"avg_spend":40,"weekly_revenue":1525098,"store_count":3,"opportunity_score":65},"geometry":{"type":"Polygon","coordinates":[[[-1.849995578532164,52.37361883822256],[-1.856866323073676,52.372351130056494],[-1.8579882196728534,52.36786761391206],[-1.8522402276970278,52.36465205470542],[-1.8453705697647307,52.36591977447035],[-1.8442478173117445,52.3704030418243],[-1.849995578532164,52.37361883822256]]]}},{"type":"Feature","properties":{"h3_index":"88195c3abbfffff","resolution":8,"footfall_idx":28,"avg_spend":31,"weekly_revenue":831778,"store_count":2,"opportunity_score":43},"geometry":{"type":"Polygon","coordinates":[[[-1.8373777088404073,52.371670032081454],[-1.8442478173117445,52.3704030418243],[-1.8453705697647307,52.36591977447035],[-1.8396240692994061,52.36270374626038],[-1.8327550474805676,52.36397074831067],[-1.8316314395872577,52.36845376675902],[-1.8373777088404073,52.371670032081454]]]}},{"type":"Feature","properties":{"h3_index":"88195c3a97fffff","resolution":8,"footfall_idx":23,"avg_spend":35,"weekly_revenue":905671,"store_count":2,"opportunity_score":64},"geometry":{"type":"Polygon","coordinates":[[[-1.8247619677353957,52.36972003934641],[-1.8316314395872577,52.36845376675902],[-1.8327550474805676,52.36397074831067],[-1.8270100386615573,52.360754251451546],[-1.8201416535051502,52.36202053602628],[-1.8190171905850494,52.366503305454025],[-1.8247619677353957,52.36972003934641]]]}},{"type":"Feature","properties":{"h3_index":"88195c3a93fffff","resolution":8,"footfall_idx":20,"avg_spend":29,"weekly_revenue":517269,"store_count":2,"opportunity_score":84},"geometry":{"type":"Polygon","coordinates":[[[-1.812148355901556,52.36776886061083],[-1.8190171905850494,52.366503305454025],[-1.8201416535051502,52.36202053602628],[-1.8143981364676975,52.358803570872126],[-1.8075303885222251,52.36006913821047],[-1.806405070988945,52.36455165850268],[-1.812148355901556,52.36776886061083]]]}},{"type":"Feature","properties":{"h3_index":"88195c3a9bfffff","resolution":8,"footfall_idx":21,"avg_spend":22,"weekly_revenue":489087,"store_count":1,"opportunity_score":59},"geometry":{"type":"Polygon","coordinates":[[[-1.8041539274870586,52.37351596326322],[-1.8110232114886693,52.3722511375666],[-1.812148355901556,52.36776886061083],[-1.806405070988945,52.36455165850268],[-1.7995368740221895,52.36581649646822],[-1.798410875046017,52.37029852425426],[-1.8041539274870586,52.37351596326322]]]}},{"type":"Feature","properties":{"h3_index":"88195c31a5fffff","resolution":8,"footfall_idx":21,"avg_spend":25,"weekly_revenue":433344,"store_count":6,"opportunity_score":78},"geometry":{"type":"Polygon","coordinates":[[[-1.7961583683329942,52.379261843846],[-1.8030281014436045,52.377997747651676],[-1.8041539274870586,52.37351596326322],[-1.798410875046017,52.37029852425426],[-1.7915422292671004,52.37156263280483],[-1.7904155487104034,52.37604416798941],[-1.7961583683329942,52.379261843846]]]}},{"type":"Feature","properties":{"h3_index":"88195c31adfffff","resolution":8,"footfall_idx":20,"avg_spend":28,"weekly_revenue":555635,"store_count":6,"opportunity_score":54},"geometry":{"type":"Polygon","coordinates":[[[-1.7881616785109609,52.38500650222181],[-1.7950318605212867,52.38374313557183],[-1.7961583683329942,52.379261843846],[-1.7904155487104034,52.37604416798941],[-1.7835464543285677,52.377307547083],[-1.7824190920537843,52.38178858957086],[-1.7881616785109609,52.38500650222181]]]}},{"type":"Feature","properties":{"h3_index":"88195c31e7fffff","resolution":8,"footfall_idx":19,"avg_spend":22,"weekly_revenue":484459,"store_count":6,"opportunity_score":73},"geometry":{"type":"Polygon","coordinates":[[[-1.7801638580927055,52.390749938253535],[-1.787034488793288,52.389487301189824],[-1.7881616785109609,52.38500650222181],[-1.7824190920537843,52.38178858957086],[-1.7755495492784183,52.3830512391655],[-1.7744215051480174,52.387531788861466],[-1.7801638580927055,52.390749938253535]]]}},{"type":"Feature","properties":{"h3_index":"88195c31e1fffff","resolution":8,"footfall_idx":17,"avg_spend":25,"weekly_revenue":393456,"store_count":6,"opportunity_score":49},"geometry":{"type":"Polygon","coordinates":[[[-1.772164907150156,52.39649215180419],[-1.7790359863314096,52.39523024436861],[-1.7801638580927055,52.390749938253535],[-1.7744215051480174,52.387531788861466],[-1.767551514188685,52.388793708915344],[-1.7664227880651748,52.393273765724295],[-1.772164907150156,52.39649215180419]]]}},{"type":"Feature","properties":{"h3_index":"88195c31e9fffff","resolution":8,"footfall_idx":17,"avg_spend":28,"weekly_revenue":520061,"store_count":6,"opportunity_score":68},"geometry":{"type":"Polygon","coordinates":[[[-1.7641648257554823,52.40223314273692],[-1.7710363532076783,52.40097196497119],[-1.772164907150156,52.39649215180419],[-1.7664227880651748,52.393273765724295],[-1.759552349131614,52.39453495619567],[-1.7584229408775025,52.399014520022575],[-1.7641648257554823,52.40223314273692]]]}},{"type":"Feature","properties":{"h3_index":"88195c3113fffff","resolution":8,"footfall_idx":17,"avg_spend":21,"weekly_revenue":306789,"store_count":5,"opportunity_score":88},"geometry":{"type":"Polygon","coordinates":[[[-1.75616361398102,52.407972910915156],[-1.7630355894942418,52.406712462860916],[-1.7641648257554823,52.40223314273692],[-1.7584229408775025,52.399014520022575],[-1.7515520541795664,52.40027498086979],[-1.7504219636574694,52.404754051619705],[-1.75616361398102,52.407972910915156]]]}},{"type":"Feature","properties":{"h3_index":"88195c311bfffff","resolution":8,"footfall_idx":17,"avg_spend":24,"weekly_revenue":418665,"store_count":5,"opportunity_score":62},"geometry":{"type":"Polygon","coordinates":[[[-1.7481612718993018,52.4137114562024],[-1.7550336952635084,52.41245173790118],[-1.75616361398102,52.407972910915156],[-1.7504219636574694,52.404754051619705],[-1.7435506294051732,52.40601378280122],[-1.742419856477745,52.4104923603792],[-1.7481612718993018,52.4137114562024]]]}},{"type":"Feature","properties":{"h3_index":"88195c3025fffff","resolution":8,"footfall_idx":17,"avg_spend":28,"weekly_revenue":567833,"store_count":5,"opportunity_score":82},"geometry":{"type":"Polygon","coordinates":[[[-1.7401577995830986,52.41944877846231],[-1.7470306705880552,52.41818978995559],[-1.7481612718993018,52.4137114562024],[-1.742419856477745,52.4104923603792],[-1.7355480748812597,52.411751361853604],[-1.7344166194111414,52.41622944616485],[-1.7401577995830986,52.41944877846231]]]}},{"type":"Feature","properties":{"h3_index":"88195c302dfffff","resolution":8,"footfall_idx":17,"avg_spend":21,"weekly_revenue":342618,"store_count":5,"opportunity_score":57},"geometry":{"type":"Polygon","coordinates":[[[-1.7321531971053084,52.42518487755882],[-1.7390265155406632,52.423926618887904],[-1.7401577995830986,52.41944877846231],[-1.7344166194111414,52.41622944616485],[-1.7275443906808163,52.417487717890786],[-1.7264122525307513,52.421965308840505],[-1.7321531971053084,52.42518487755882]]]}},{"type":"Feature","properties":{"h3_index":"88195c3067fffff","resolution":8,"footfall_idx":17,"avg_spend":24,"weekly_revenue":459612,"store_count":5,"opportunity_score":76},"geometry":{"type":"Polygon","coordinates":[[[-1.7241474645390942,52.43091975335593],[-1.731021230194313,52.429662224562065],[-1.7321531971053084,52.42518487755882],[-1.7264122525307513,52.421965308840505],[-1.7195395768770725,52.42322285077675],[-1.7184067559098068,52.42769994827026],[-1.7241474645390942,52.43091975335593]]]}},{"type":"Feature","properties":{"h3_index":"88195c3061fffff","resolution":8,"footfall_idx":17,"avg_spend":27,"weekly_revenue":410019,"store_count":5,"opportunity_score":51},"geometry":{"type":"Polygon","coordinates":[[[-1.7161406019577636,52.436653405717855],[-1.7230148146221735,52.4353966068422],[-1.7241474645390942,52.43091975335593],[-1.7184067559098068,52.42769994827026],[-1.7115336335433933,52.428956760375684],[-1.7104001296217213,52.43343336431837],[-1.7161406019577636,52.436653405717855]]]}},{"type":"Feature","properties":{"h3_index":"88195c3069fffff","resolution":8,"footfall_idx":17,"avg_spend":20,"weekly_revenue":360426,"store_count":5,"opportunity_score":70},"geometry":{"type":"Polygon","coordinates":[[[-1.708132609434865,52.442385834508976],[-1.7150072688976423,52.44112976559253],[-1.7161406019577636,52.436653405717855],[-1.7104001296217213,52.43343336431837],[-1.7035265607534125,52.434689446551914],[-1.7023923737401725,52.439165556849204],[-1.708132609434865,52.442385834508976]]]}},{"type":"Feature","properties":{"h3_index":"88195c3313fffff","resolution":8,"footfall_idx":17,"avg_spend":23,"weekly_revenue":323303,"store_count":5,"opportunity_score":90},"geometry":{"type":"Polygon","coordinates":[[[-1.7001234870441069,52.44811703959385],[-1.7069985930942604,52.44686170067755],[-1.708132609434865,52.442385834508976],[-1.7023923737401725,52.439165556849204],[-1.6955183585808866,52.44042090916994],[-1.694383488338978,52.44489652572737],[-1.7001234870441069,52.44811703959385]]]}},{"type":"Feature","properties":{"h3_index":"88195c331bfffff","resolution":8,"footfall_idx":17,"avg_spend":34,"weekly_revenue":574329,"store_count":4,"opportunity_score":64},"geometry":{"type":"Polygon","coordinates":[[[-1.6921132348594088,52.453847020837166],[-1.6989887872858067,52.45259241196187],[-1.7001234870441069,52.44811703959385],[-1.694383488338978,52.44489652572737],[-1.6875090270998276,52.44615114809445],[-1.686373473492184,52.450626270817615],[-1.6921132348594088,52.453847020837166]]]}},{"type":"Feature","properties":{"h3_index":"88195c3225fffff","resolution":8,"footfall_idx":17,"avg_spend":38,"weekly_revenue":749642,"store_count":4,"opportunity_score":84},"geometry":{"type":"Polygon","coordinates":[[[-1.6841018529549059,52.45957577810385],[-1.6909778515462324,52.458321899310285],[-1.6921132348594088,52.453847020837166],[-1.686373473492184,52.450626270817615],[-1.6794985663844346,52.4518801631903],[-1.678362329274009,52.456354791984836],[-1.6841018529549059,52.45957577810385]]]}},{"type":"Feature","properties":{"h3_index":"88195c3353fffff","resolution":8,"footfall_idx":18,"avg_spend":29,"weekly_revenue":484010,"store_count":4,"opportunity_score":58},"geometry":{"type":"Polygon","coordinates":[[[-1.6887065715842318,52.46727091789489],[-1.6955836619167823,52.46601705257334],[-1.6967188747599118,52.46154241849123],[-1.6909778515462324,52.458321899310285],[-1.6841018529549059,52.45957577810385],[-1.682965785949721,52.46405016258771],[-1.6887065715842318,52.46727091789489]]]}},{"type":"Feature","properties":{"h3_index":"88195c3351fffff","resolution":8,"footfall_idx":18,"avg_spend":33,"weekly_revenue":649842,"store_count":4,"opportunity_score":78},"geometry":{"type":"Polygon","coordinates":[[[-1.6933127228812337,52.47496558217455],[-1.7001909052126998,52.47371173021784],[-1.7013259474100826,52.46923734066761],[-1.6955836619167823,52.46601705257334],[-1.6887065715842318,52.46727091789489],[-1.6875706748598027,52.471745057927244],[-1.6933127228812337,52.47496558217455]]]}},{"type":"Feature","properties":{"h3_index":"88195c335dfffff","resolution":8,"footfall_idx":18,"avg_spend":37,"weekly_revenue":573291,"store_count":4,"opportunity_score":52},"geometry":{"type":"Polygon","coordinates":[[[-1.6979203074550926,52.482659770553965],[-1.704799582043195,52.481405931854844],[-1.7059344534190064,52.47693178697736],[-1.7001909052126998,52.47371173021784],[-1.6933127228812337,52.47496558217455],[-1.6921769966132163,52.47943947761455],[-1.6979203074550926,52.482659770553965]]]}},{"type":"Feature","properties":{"h3_index":"88195c334bfffff","resolution":8,"footfall_idx":18,"avg_spend":29,"weekly_revenue":536399,"store_count":4,"opportunity_score":72},"geometry":{"type":"Polygon","coordinates":[[[-1.7025293259152794,52.49035348264425],[-1.7094096930177447,52.489099657095444],[-1.7105443933960336,52.484625757031516],[-1.704799582043195,52.481405931854844],[-1.6979203074550926,52.482659770553965],[-1.6967847518192603,52.48713342126077],[-1.7025293259152794,52.49035348264425]]]}},{"type":"Feature","properties":{"h3_index":"88195c3349fffff","resolution":8,"footfall_idx":18,"avg_spend":33,"weekly_revenue":709457,"store_count":4,"opportunity_score":47},"geometry":{"type":"Polygon","coordinates":[[[-1.7071397788715161,52.49804671805667],[-1.7140212387461853,52.4967929055508],[-1.715155767950844,52.49231925044117],[-1.7094096930177447,52.489099657095444],[-1.7025293259152794,52.49035348264425],[-1.7013939410875327,52.49482688847719],[-1.7071397788715161,52.49804671805667]]]}},{"type":"Feature","properties":{"h3_index":"88195ca9a7fffff","resolution":8,"footfall_idx":18,"avg_spend":37,"weekly_revenue":640131,"store_count":4,"opportunity_score":66},"geometry":{"type":"Polygon","coordinates":[[[-1.711751666933925,52.505739476402425],[-1.7186342198386106,52.50448567683207],[-1.7197685776934082,52.50001226681744],[-1.7140212387461853,52.4967929055508],[-1.7071397788715161,52.49804671805667],[-1.706004565027924,52.502519878875],[-1.711751666933925,52.505739476402425]]]}},{"type":"Feature","properties":{"h3_index":"88195ca9a5fffff","resolution":8,"footfall_idx":18,"avg_spend":28,"weekly_revenue":568484,"store_count":3,"opportunity_score":85},"geometry":{"type":"Polygon","coordinates":[[[-1.716364990712861,52.51343175729277],[-1.7232486369054523,52.51217797055046],[-1.7243828232340397,52.50770480577151],[-1.7186342198386106,52.50448567683207],[-1.711751666933925,52.505739476402425],[-1.710616624250649,52.5102123920655],[-1.716364990712861,52.51343175729277]]]}},{"type":"Feature","properties":{"h3_index":"88195c06d3fffff","resolution":8,"footfall_idx":18,"avg_spend":32,"weekly_revenue":515366,"store_count":3,"opportunity_score":60},"geometry":{"type":"Polygon","coordinates":[[[-1.72097975081901,52.52112356033902],[-1.7278644905574303,52.519869786317216],[-1.7289985051832804,52.51539686691459],[-1.7232486369054523,52.51217797055046],[-1.716364990712861,52.51343175729277],[-1.7152301193662087,52.517904427659985],[-1.72097975081901,52.52112356033902]]]}},{"type":"Feature","properties":{"h3_index":"88195c06d1fffff","resolution":8,"footfall_idx":19,"avg_spend":36,"weekly_revenue":726079,"store_count":3,"opportunity_score":79},"geometry":{"type":"Polygon","coordinates":[[[-1.7255959478633496,52.52881488515255],[-1.7324817814055617,52.52756112374365],[-1.733615624152074,52.52308844985788],[-1.7278644905574303,52.519869786317216],[-1.72097975081901,52.52112356033902],[-1.7198450509854388,52.525595985269824],[-1.7255959478633496,52.52881488515255]]]}},{"type":"Feature","properties":{"h3_index":"88195c06ddfffff","resolution":8,"footfall_idx":22,"avg_spend":28,"weekly_revenue":510237,"store_count":3,"opportunity_score":53},"geometry":{"type":"Polygon","coordinates":[[[-1.7302135824572178,52.53650573134467],[-1.7371005100611803,52.53525198244104],[-1.7382341807515953,52.53077955421267],[-1.7324817814055617,52.52756112374365],[-1.7255959478633496,52.52881488515255],[-1.7244614197194341,52.53328706450642],[-1.7302135824572178,52.53650573134467]]]}},{"type":"Feature","properties":{"h3_index":"88195c06cbfffff","resolution":8,"footfall_idx":25,"avg_spend":32,"weekly_revenue":796075,"store_count":3,"opportunity_score":70},"geometry":{"type":"Polygon","coordinates":[[[-1.7348326552121622,52.54419609852683],[-1.7417206771359577,52.54294236202077],[-1.7428541755933669,52.538470179590256],[-1.7371005100611803,52.53525198244104],[-1.7302135824572178,52.53650573134467],[-1.7290792261796317,52.540977664981185],[-1.7348326552121622,52.54419609852683]]]}},{"type":"Feature","properties":{"h3_index":"88195c06c9fffff","resolution":8,"footfall_idx":28,"avg_spend":36,"weekly_revenue":1171176,"store_count":3,"opportunity_score":45},"geometry":{"type":"Polygon","coordinates":[[[-1.739453166740121,52.551885986310495],[-1.7463422832417914,52.55063226209421],[-1.747475609289181,52.546160325602],[-1.7417206771359577,52.54294236202077],[-1.7348326552121622,52.54419609852683],[-1.7336984709778045,52.548667786305565],[-1.739453166740121,52.551885986310495]]]}},{"type":"Feature","properties":{"h3_index":"88195ca927fffff","resolution":8,"footfall_idx":30,"avg_spend":27,"weekly_revenue":752221,"store_count":3,"opportunity_score":62},"geometry":{"type":"Polygon","coordinates":[[[-1.7440751176533134,52.55957539430712],[-1.7509653289909861,52.55832168227281],[-1.752098482451196,52.553849991859245],[-1.7463422832417914,52.55063226209421],[-1.739453166740121,52.551885986310495],[-1.7383191547259422,52.556357428091054],[-1.7440751176533134,52.55957539430712]]]}},{"type":"Feature","properties":{"h3_index":"88195ca925fffff","resolution":8,"footfall_idx":32,"avg_spend":31,"weekly_revenue":1086691,"store_count":3,"opportunity_score":79},"geometry":{"type":"Polygon","coordinates":[[[-1.748698508564244,52.56726432212824],[-1.7555898149960625,52.566010622167994],[-1.7567227956917861,52.561539177973444],[-1.7509653289909861,52.55832168227281],[-1.7440751176533134,52.55957539430712],[-1.742941278036416,52.564046589949214],[-1.748698508564244,52.56726432212824]]]}},{"type":"Feature","properties":{"h3_index":"88195c0653fffff","resolution":8,"footfall_idx":33,"avg_spend":35,"weekly_revenue":995889,"store_count":3,"opportunity_score":56},"geometry":{"type":"Polygon","coordinates":[[[-1.7533233400857324,52.5749527693854],[-1.7602157418699005,52.57369908139128],[-1.761348549623714,52.569227883556024],[-1.7555898149960625,52.566010622167994],[-1.748698508564244,52.56726432212824],[-1.747564841521887,52.57173527149158],[-1.7533233400857324,52.5749527693854]]]}},{"type":"Feature","properties":{"h3_index":"88195c0651fffff","resolution":8,"footfall_idx":34,"avg_spend":26,"weekly_revenue":909661,"store_count":3,"opportunity_score":73},"geometry":{"type":"Polygon","coordinates":[[[-1.757949612830942,52.5826407356902],[-1.764843110225689,52.58138705955419],[-1.7659757448600248,52.57691610821847],[-1.7602157418699005,52.57369908139128],[-1.7533233400857324,52.5749527693854],[-1.7521898457952951,52.57942347232976],[-1.757949612830942,52.5826407356902]]]}},{"type":"Feature","properties":{"h3_index":"88195c065dfffff","resolution":8,"footfall_idx":34,"avg_spend":30,"weekly_revenue":1219732,"store_count":3,"opportunity_score":50},"geometry":{"type":"Polygon","coordinates":[[[-1.762577327413281,52.59032822065427],[-1.769471920676896,52.589074556268315],[-1.7706043820140416,52.584603851572325],[-1.764843110225689,52.58138705955419],[-1.757949612830942,52.5826407356902],[-1.7568162914699186,52.58711119207542],[-1.762577327413281,52.59032822065427]]]}},{"type":"Feature","properties":{"h3_index":"88195c0643fffff","resolution":8,"footfall_idx":40,"avg_spend":34,"weekly_revenue":1309140,"store_count":3,"opportunity_score":64},"geometry":{"type":"Polygon","coordinates":[[[-1.775234461699442,52.59229111322911],[-1.7821296995577793,52.59103672883381],[-1.7832613004520368,52.58656577594171],[-1.7774985240450867,52.58334945562212],[-1.7706043820140416,52.584603851572325],[-1.769471920676896,52.589074556268315],[-1.775234461699442,52.59229111322911]]]}},{"type":"Feature","properties":{"h3_index":"88195c0647fffff","resolution":8,"footfall_idx":46,"avg_spend":26,"weekly_revenue":1350750,"store_count":4,"opportunity_score":41},"geometry":{"type":"Polygon","coordinates":[[[-1.787893745525165,52.59425281382023],[-1.7947896274244934,52.59299770917402],[-1.7959203674568855,52.58852650820061],[-1.7901560865660122,52.585310659935814],[-1.7832613004520368,52.58656577594171],[-1.7821296995577793,52.59103672883381],[-1.787893745525165,52.59425281382023]]]}},{"type":"Feature","properties":{"h3_index":"88195c066bfffff","resolution":8,"footfall_idx":50,"avg_spend":30,"weekly_revenue":1344265,"store_count":4,"opportunity_score":55},"geometry":{"type":"Polygon","coordinates":[[[-1.800555178201739,52.596213321829815],[-1.80745170358786,52.59495749669129],[-1.8085815823395106,52.59048604775145],[-1.8028157970999734,52.58727067189764],[-1.7959203674568855,52.58852650820061],[-1.7947896274244934,52.59299770917402],[-1.800555178201739,52.596213321829815]]]}},{"type":"Feature","properties":{"h3_index":"88195c0661fffff","resolution":8,"footfall_idx":54,"avg_spend":34,"weekly_revenue":1951602,"store_count":4,"opportunity_score":68},"geometry":{"type":"Polygon","coordinates":[[[-1.8132187590394517,52.598172636660166],[-1.820115927357631,52.59691609078795],[-1.8212449444097345,52.59244439399665],[-1.815477654957375,52.58922949091007],[-1.8085815823395106,52.59048604775145],[-1.80745170358786,52.59495749669129],[-1.8132187590394517,52.598172636660166]]]}},{"type":"Feature","properties":{"h3_index":"88195c0665fffff","resolution":8,"footfall_idx":56,"avg_spend":38,"weekly_revenue":1765710,"store_count":4,"opportunity_score":48},"geometry":{"type":"Polygon","coordinates":[[[-1.8258844873475146,52.600130757713615],[-1.832782298042514,52.5988734908665],[-1.8339104529763028,52.594401546338815],[-1.828141659447538,52.59118711637566],[-1.8212449444097345,52.59244439399665],[-1.820115927357631,52.59691609078795],[-1.8258844873475146,52.600130757713615]]]}},{"type":"Feature","properties":{"h3_index":"88195c0759fffff","resolution":8,"footfall_idx":56,"avg_spend":29,"weekly_revenue":1618378,"store_count":4,"opportunity_score":62},"geometry":{"type":"Polygon","coordinates":[[[-1.8385523624339666,52.6020876843927],[-1.845450814950086,52.60082969632954],[-1.8465781073469383,52.59635750418058],[-1.8408078098787293,52.593143547697075],[-1.8339104529763028,52.594401546338815],[-1.832782298042514,52.5988734908665],[-1.8385523624339666,52.6020876843927]]]}},{"type":"Feature","properties":{"h3_index":"88195c075dfffff","resolution":8,"footfall_idx":30,"avg_spend":33,"weekly_revenue":1151692,"store_count":2,"opportunity_score":53},"geometry":{"type":"Polygon","coordinates":[[[-1.8512223836058954,52.60404341609996],[-1.8581214773868995,52.602784706579705],[-1.859247906828226,52.59831226692476],[-1.853476105558148,52.59509878427705],[-1.8465781073469383,52.59635750418058],[-1.845450814950086,52.60082969632954],[-1.8512223836058954,52.60404341609996]]]}},{"type":"Feature","properties":{"h3_index":"88195c0743fffff","resolution":8,"footfall_idx":28,"avg_spend":37,"weekly_revenue":963596,"store_count":7,"opportunity_score":72},"geometry":{"type":"Polygon","coordinates":[[[-1.8638945501692306,52.60599795223809],[-1.870794284658415,52.604738521019755],[-1.8719198507256891,52.60026583397415],[-1.866146545791886,52.597052825518496],[-1.859247906828226,52.59831226692476],[-1.8581214773868995,52.602784706579705],[-1.8638945501692306,52.60599795223809]]]}},{"type":"Feature","properties":{"h3_index":"88195c0747fffff","resolution":8,"footfall_idx":26,"avg_spend":29,"weekly_revenue":827062,"store_count":7,"opportunity_score":50},"geometry":{"type":"Polygon","coordinates":[[[-1.876568861428881,52.607951292209854],[-1.8834692360690277,52.60669113905257],[-1.8845939383438548,52.6022182047317],[-1.8788191298850148,52.599005670824326],[-1.8719198507256891,52.60026583397415],[-1.870794284658415,52.604738521019755],[-1.876568861428881,52.607951292209854]]]}},{"type":"Feature","properties":{"h3_index":"88195c076bfffff","resolution":8,"footfall_idx":24,"avg_spend":33,"weekly_revenue":684039,"store_count":6,"opportunity_score":69},"geometry":{"type":"Polygon","coordinates":[[[-1.8892453166886325,52.60990343541815],[-1.896146330922035,52.60864256008112],[-1.897270168986038,52.60416937860051],[-1.891493857141485,52.60095731959757],[-1.8845939383438548,52.6022182047317],[-1.8834692360690277,52.60669113905257],[-1.8892453166886325,52.60990343541815]]]}},{"type":"Feature","properties":{"h3_index":"88195c0761fffff","resolution":8,"footfall_idx":21,"avg_spend":37,"weekly_revenue":800678,"store_count":6,"opportunity_score":46},"geometry":{"type":"Polygon","coordinates":[[[-1.9019239152512382,52.611854381265886],[-1.9088255685196802,52.61059278350846],[-1.9099485419546034,52.60611935498371],[-1.9041707268641708,52.602907771241405],[-1.897270168986038,52.60416937860051],[-1.896146330922035,52.60864256008112],[-1.9019239152512382,52.611854381265886]]]}},{"type":"Feature","properties":{"h3_index":"88195c0765fffff","resolution":8,"footfall_idx":17,"avg_spend":28,"weekly_revenue":569896,"store_count":6,"opportunity_score":66},"geometry":{"type":"Polygon","coordinates":[[[-1.914604656418343,52.613804129156165],[-1.921506948163116,52.61254180873776],[-1.9226290565507735,52.60806813328457],[-1.9168497383549148,52.60485702515907],[-1.9099485419546034,52.60611935498371],[-1.9088255685196802,52.61059278350846],[-1.914604656418343,52.613804129156165]]]}},{"type":"Feature","properties":{"h3_index":"88195c00d9fffff","resolution":8,"footfall_idx":17,"avg_spend":28,"weekly_revenue":458886,"store_count":5,"opportunity_score":86},"geometry":{"type":"Polygon","coordinates":[[[-1.927287539490537,52.61575267849215],[-1.9341904691524356,52.614489635172255],[-1.9353117120747185,52.6100157129064],[-1.929530890914446,52.60680508075393],[-1.9226290565507735,52.60806813328457],[-1.921506948163116,52.61254180873776],[-1.927287539490537,52.61575267849215]]]}},{"type":"Feature","properties":{"h3_index":"88195c00ddfffff","resolution":8,"footfall_idx":16,"avg_spend":32,"weekly_revenue":578987,"store_count":5,"opportunity_score":61},"geometry":{"type":"Polygon","coordinates":[[[-1.9399725637673286,52.61770002867711],[-1.9468761307866387,52.616436262215345],[-1.9479965078255328,52.61196209325266],[-1.9422141838424265,52.60875193742939],[-1.9353117120747185,52.6100157129064],[-1.9341904691524356,52.614489635172255],[-1.9399725637673286,52.61770002867711]]]}},{"type":"Feature","properties":{"h3_index":"88195c00c3fffff","resolution":8,"footfall_idx":14,"avg_spend":24,"weekly_revenue":301601,"store_count":5,"opportunity_score":82},"geometry":{"type":"Polygon","coordinates":[[[-1.9526597285471823,52.61964617911436],[-1.959563932363694,52.61838168927043],[-1.9606834431012137,52.613907273726944],[-1.9548996164374826,52.61069759458902],[-1.9479965078255328,52.61196209325266],[-1.9468761307866387,52.616436262215345],[-1.9526597285471823,52.61964617911436]]]}},{"type":"Feature","properties":{"h3_index":"88195c00c7fffff","resolution":8,"footfall_idx":12,"avg_spend":28,"weekly_revenue":357641,"store_count":5,"opportunity_score":56},"geometry":{"type":"Polygon","coordinates":[[[-1.9653490331273933,52.62159112920745],[-1.972253873180406,52.62032591574113],[-1.973372517198713,52.61585125373283],[-1.9675871879970934,52.612642051636456],[-1.9606834431012137,52.613907273726944],[-1.959563932363694,52.61838168927043],[-1.9653490331273933,52.62159112920745]]]}},{"type":"Feature","properties":{"h3_index":"88195c008dfffff","resolution":8,"footfall_idx":13,"avg_spend":31,"weekly_revenue":334972,"store_count":5,"opportunity_score":76},"geometry":{"type":"Polygon","coordinates":[[[-1.973372517198713,52.61585125373283],[-1.9802768978177048,52.61458530797543],[-1.9813948542674695,52.610110151603514],[-1.9756092969791583,52.6069011873996],[-1.9687060112139514,52.608167141694366],[-1.9675871879970934,52.612642051636456],[-1.973372517198713,52.61585125373283]]]}},{"type":"Feature","properties":{"h3_index":"88195c0085fffff","resolution":8,"footfall_idx":13,"avg_spend":23,"weekly_revenue":298397,"store_count":4,"opportunity_score":50},"geometry":{"type":"Polygon","coordinates":[[[-1.9813948542674695,52.610110151603514],[-1.98829877524253,52.6088434735974],[-1.989416044265141,52.604367822956036],[-1.983630259241233,52.601159096696435],[-1.9767274328165771,52.602425783153095],[-1.9756092969791583,52.6069011873996],[-1.9813948542674695,52.610110151603514]]]}},{"type":"Feature","properties":{"h3_index":"88195c00abfffff","resolution":8,"footfall_idx":14,"avg_spend":27,"weekly_revenue":440283,"store_count":4,"opportunity_score":70},"geometry":{"type":"Polygon","coordinates":[[[-1.989416044265141,52.604367822956036],[-1.9963195053865344,52.60310041274368],[-1.9974360871233547,52.59862426792717],[-1.9916500747148722,52.595415779663654],[-1.9847477078404583,52.596683198239774],[-1.983630259241233,52.601159096696435],[-1.989416044265141,52.604367822956036]]]}},{"type":"Feature","properties":{"h3_index":"88195c00a3fffff","resolution":8,"footfall_idx":14,"avg_spend":31,"weekly_revenue":404296,"store_count":4,"opportunity_score":90},"geometry":{"type":"Polygon","coordinates":[[[-1.9974360871233547,52.59862426792717],[-2.004339088181489,52.59735612555113],[-2.005454982773993,52.59287948665383],[-1.9996687433317988,52.58967123643815],[-1.9927668362171713,52.590939387091176],[-1.9916500747148722,52.595415779663654],[-1.9974360871233547,52.59862426792717]]]}},{"type":"Feature","properties":{"h3_index":"88195c0e49fffff","resolution":8,"footfall_idx":13,"avg_spend":23,"weekly_revenue":328405,"store_count":4,"opportunity_score":64},"geometry":{"type":"Polygon","coordinates":[[[-2.005454982773993,52.59287948665383],[-2.0123575235594227,52.591610612156785],[-2.0134727311490783,52.58713347927312],[-2.0076862650239393,52.583925467156995],[-2.0007848178785186,52.58519434984422],[-1.9996687433317988,52.58967123643815],[-2.005454982773993,52.59287948665383]]]}},{"type":"Feature","properties":{"h3_index":"88195c0e41fffff","resolution":8,"footfall_idx":13,"avg_spend":26,"weekly_revenue":292414,"store_count":4,"opportunity_score":84},"geometry":{"type":"Polygon","coordinates":[[[-2.0134727311490783,52.58713347927312],[-2.020374811452557,52.585863872697814],[-2.021489332180889,52.58138624592225],[-2.0157026397234525,52.57817847195739],[-2.0088016527564716,52.57944808663608],[-2.0076862650239393,52.583925467156995],[-2.0134727311490783,52.58713347927312]]]}},{"type":"Feature","properties":{"h3_index":"88195c0e47fffff","resolution":8,"footfall_idx":12,"avg_spend":30,"weekly_revenue":371490,"store_count":4,"opportunity_score":58},"geometry":{"type":"Polygon","coordinates":[[[-2.021489332180889,52.58138624592225],[-2.0283909517932996,52.58011590731157],[-2.0295047858018647,52.57563778673867],[-2.0237178673626754,52.57243025097673],[-2.0168173407832013,52.57370059760401],[-2.0157026397234525,52.57817847195739],[-2.021489332180889,52.58138624592225]]]}},{"type":"Feature","properties":{"h3_index":"88195c0e0dfffff","resolution":8,"footfall_idx":12,"avg_spend":34,"weekly_revenue":489071,"store_count":4,"opportunity_score":79},"geometry":{"type":"Polygon","coordinates":[[[-2.0295047858018647,52.57563778673867],[-2.036405944514273,52.57436671613557],[-2.0375190919446857,52.56988810185998],[-2.0317319478741167,52.566680804352586],[-2.024831881891093,52.56795188288548],[-2.0237178673626754,52.57243025097673],[-2.0295047858018647,52.57563778673867]]]}},{"type":"Feature","properties":{"h3_index":"88195c0e05fffff","resolution":8,"footfall_idx":12,"avg_spend":26,"weekly_revenue":301233,"store_count":4,"opportunity_score":52},"geometry":{"type":"Polygon","coordinates":[[[-2.0375190919446857,52.56988810185998],[-2.044419789548269,52.56861629930753],[-2.0455322505421627,52.564137191423924],[-2.0397448811905394,52.560930132222666],[-2.0328452760127056,52.562201942618145],[-2.0317319478741167,52.566680804352586],[-2.0375190919446857,52.56988810185998]]]}},{"type":"Feature","properties":{"h3_index":"88195c0e2bfffff","resolution":8,"footfall_idx":12,"avg_spend":30,"weekly_revenue":407620,"store_count":3,"opportunity_score":73},"geometry":{"type":"Polygon","coordinates":[[[-2.0455322505421627,52.564137191423924],[-2.052432486828286,52.5628646569653],[-2.0535442615273958,52.55838505556845],[-2.0477566672448586,52.555178234724885],[-2.040857523080853,52.55645077693976],[-2.0397448811905394,52.560930132222666],[-2.0455322505421627,52.564137191423924]]]}},{"type":"Feature","properties":{"h3_index":"88195c0e23fffff","resolution":8,"footfall_idx":12,"avg_spend":33,"weekly_revenue":356030,"store_count":3,"opportunity_score":93},"geometry":{"type":"Polygon","coordinates":[[[-2.0535442615273958,52.55838505556845],[-2.0604440362875804,52.55711178924689],[-2.0615551248335837,52.55263169443163],[-2.0557673059702233,52.54942511199734],[-2.048868623028458,52.55069838598833],[-2.0477566672448586,52.555178234724885],[-2.0535442615273958,52.55838505556845]]]}},{"type":"Feature","properties":{"h3_index":"88195c0c49fffff","resolution":8,"footfall_idx":12,"avg_spend":25,"weekly_revenue":319756,"store_count":3,"opportunity_score":67},"geometry":{"type":"Polygon","coordinates":[[[-2.0615551248335837,52.55263169443163],[-2.0684544378595193,52.55135769629054],[-2.0695648403941993,52.546877108151754],[-2.063776797299946,52.54367076417821],[-2.056878575788729,52.544944769901974],[-2.0557673059702233,52.54942511199734],[-2.0615551248335837,52.55263169443163]]]}},{"type":"Feature","properties":{"h3_index":"88195c0c41fffff","resolution":8,"footfall_idx":12,"avg_spend":29,"weekly_revenue":289759,"store_count":3,"opportunity_score":87},"geometry":{"type":"Polygon","coordinates":[[[-2.0695648403941993,52.546877108151754],[-2.076463691477702,52.545602378234584],[-2.0775734081428765,52.54112129686728],[-2.07178514116757,52.53791519140596],[-2.064887381295042,52.539189928819006],[-2.063776797299946,52.54367076417821],[-2.0695648403941993,52.546877108151754]]]}},{"type":"Feature","properties":{"h3_index":"88195c0c47fffff","resolution":8,"footfall_idx":13,"avg_spend":33,"weekly_revenue":428754,"store_count":3,"opportunity_score":60},"geometry":{"type":"Polygon","coordinates":[[[-2.0775734081428765,52.54112129686728],[-2.0844717970759827,52.53984583521758],[-2.0855808280134887,52.53536426071678],[-2.079792337506827,52.5321583938191],[-2.072895039480933,52.533433862877914],[-2.07178514116757,52.53791519140596],[-2.0775734081428765,52.54112129686728]]]}},{"type":"Feature","properties":{"h3_index":"88195c0c0dfffff","resolution":8,"footfall_idx":13,"avg_spend":25,"weekly_revenue":379020,"store_count":3,"opportunity_score":80},"geometry":{"type":"Polygon","coordinates":[[[-2.0855808280134887,52.53536426071678],[-2.092478754588308,52.534088067378235],[-2.093587099940049,52.529605999839056],[-2.0877983862516163,52.526400371556456],[-2.0809015502802253,52.52767657221729],[-2.079792337506827,52.5321583938191],[-2.0855808280134887,52.53536426071678]]]}},{"type":"Feature","properties":{"h3_index":"88195c0c05fffff","resolution":8,"footfall_idx":13,"avg_spend":28,"weekly_revenue":339612,"store_count":3,"opportunity_score":54},"geometry":{"type":"Polygon","coordinates":[[[-2.093587099940049,52.529605999839056],[-2.100484563948895,52.52832907485543],[-2.101592223856812,52.523846514373034],[-2.095803287336085,52.5206411247569],[-2.088906913626807,52.52191805697602],[-2.0877983862516163,52.526400371556456],[-2.093587099940049,52.529605999839056]]]}},{"type":"Feature","properties":{"h3_index":"88195c0c2bfffff","resolution":8,"footfall_idx":13,"avg_spend":32,"weekly_revenue":457512,"store_count":3,"opportunity_score":74},"geometry":{"type":"Polygon","coordinates":[[[-2.101592223856812,52.523846514373034],[-2.1084892250921685,52.52256885778821],[-2.109596199698204,52.518085804457854],[-2.1038070406945475,52.5148806535595],[-2.0969111294548974,52.516158317293076],[-2.095803287336085,52.5206411247569],[-2.101592223856812,52.523846514373034]]]}},{"type":"Feature","properties":{"h3_index":"88195c0c3dfffff","resolution":8,"footfall_idx":13,"avg_spend":24,"weekly_revenue":270371,"store_count":2,"opportunity_score":48},"geometry":{"type":"Polygon","coordinates":[[[-2.0969111294548974,52.516158317293076],[-2.1038070406945475,52.5148806535595],[-2.104914197698858,52.51039735330758],[-2.099126310720353,52.507191962717954],[-2.092231489224078,52.508469633708714],[-2.091123465075785,52.51295268801256],[-2.0969111294548974,52.516158317293076]]]}},{"type":"Feature","properties":{"h3_index":"88195c0c31fffff","resolution":8,"footfall_idx":13,"avg_spend":28,"weekly_revenue":376144,"store_count":2,"opportunity_score":68},"geometry":{"type":"Polygon","coordinates":[[[-2.092231489224078,52.508469633708714],[-2.099126310720353,52.507191962717954],[-2.100233649941456,52.5027084156859],[-2.094447034554461,52.4995027856549],[-2.08755330254924,52.500780464011214],[-2.0864450965527683,52.505263765013666],[-2.092231489224078,52.508469633708714]]]}},{"type":"Feature","properties":{"h3_index":"88195c0c33fffff","resolution":8,"footfall_idx":13,"avg_spend":31,"weekly_revenue":322460,"store_count":2,"opportunity_score":88},"geometry":{"type":"Polygon","coordinates":[[[-2.08755330254924,52.500780464011214],[-2.094447034554461,52.4995027856549],[-2.095554555810991,52.495018991984224],[-2.089769211582046,52.49181312276172],[-2.0828765688156015,52.493090808591965],[-2.0817681811521216,52.4975743561515],[-2.08755330254924,52.500780464011214]]]}},{"type":"Feature","properties":{"h3_index":"88195c0ce5fffff","resolution":8,"footfall_idx":13,"avg_spend":24,"weekly_revenue":301684,"store_count":2,"opportunity_score":62},"geometry":{"type":"Polygon","coordinates":[[[-2.0828765688156015,52.493090808591965],[-2.089769211582046,52.49181312276172],[-2.090876914692805,52.48732908259401],[-2.0850928411886005,52.48412297442985],[-2.07820128740867,52.48540066784227],[-2.0770927182592,52.48988446181738],[-2.0828765688156015,52.493090808591965]]]}},{"type":"Feature","properties":{"h3_index":"88195c0ce7fffff","resolution":8,"footfall_idx":13,"avg_spend":27,"weekly_revenue":397937,"store_count":2,"opportunity_score":82},"geometry":{"type":"Polygon","coordinates":[[[-2.07820128740867,52.48540066784227],[-2.0850928411886005,52.48412297442985],[-2.0862007259724997,52.47963868790667],[-2.080417922759873,52.47643234105075],[-2.0735274577142833,52.477710042153575],[-2.07241870725973,52.48219408240266],[-2.07820128740867,52.48540066784227]]]}},{"type":"Feature","properties":{"h3_index":"88195c0ca9fffff","resolution":8,"footfall_idx":13,"avg_spend":33,"weekly_revenue":386319,"store_count":2,"opportunity_score":56},"geometry":{"type":"Polygon","coordinates":[[[-2.0735274577142833,52.477710042153575],[-2.080417922759873,52.47643234105075],[-2.0815259890359963,52.47194780831374],[-2.0757444556820044,52.46874122301588],[-2.0688550791185754,52.47001893191725],[-2.0677461475396672,52.474503218298686],[-2.0735274577142833,52.477710042153575]]]}},{"type":"Feature","properties":{"h3_index":"88195c0cabfffff","resolution":8,"footfall_idx":13,"avg_spend":25,"weekly_revenue":346872,"store_count":2,"opportunity_score":76},"geometry":{"type":"Polygon","coordinates":[[[-2.0688550791185754,52.47001893191725],[-2.0757444556820044,52.46874122301588],[-2.0768527032695245,52.46425644420677],[-2.0710724393413544,52.46104962071681],[-2.064184151007941,52.46232733752481],[-2.0630750384853145,52.46681186989691],[-2.0688550791185754,52.47001893191725]]]}},{"type":"Feature","properties":{"h3_index":"88195c0cbdfffff","resolution":8,"footfall_idx":13,"avg_spend":29,"weekly_revenue":314450,"store_count":2,"opportunity_score":50},"geometry":{"type":"Polygon","coordinates":[[[-2.064184151007941,52.46232733752481],[-2.0710724393413544,52.46104962071681],[-2.072180868059612,52.45656459597729],[-2.0664018731246445,52.45335753454506],[-2.0595146727691334,52.454635259367755],[-2.058405379483289,52.4591200375888],[-2.064184151007941,52.46232733752481]]]}},{"type":"Feature","properties":{"h3_index":"88195c0cb1fffff","resolution":8,"footfall_idx":14,"avg_spend":33,"weekly_revenue":462403,"store_count":1,"opportunity_score":70},"geometry":{"type":"Polygon","coordinates":[[[-2.0595146727691334,52.454635259367755],[-2.0664018731246445,52.45335753454506],[-2.0675104827930992,52.44887226401698],[-2.0617327564188708,52.445664964892266],[-2.054846643789184,52.44694269783765],[-2.0537371699204874,52.45142772176582],[-2.0595146727691334,52.454635259367755]]]}},{"type":"Feature","properties":{"h3_index":"88195c0cb3fffff","resolution":8,"footfall_idx":14,"avg_spend":24,"weekly_revenue":392333,"store_count":1,"opportunity_score":90},"geometry":{"type":"Polygon","coordinates":[[[-2.054846643789184,52.44694269783765],[-2.0617327564188708,52.445664964892266],[-2.062841546857128,52.4411794487174],[-2.057065088611341,52.437971912150026],[-2.05018006345543,52.43924965332598],[-2.0490704091840777,52.443734922819516],[-2.054846643789184,52.44694269783765]]]}},{"type":"Feature","properties":{"h3_index":"88195c3965fffff","resolution":8,"footfall_idx":14,"avg_spend":28,"weekly_revenue":366303,"store_count":1,"opportunity_score":64},"geometry":{"type":"Polygon","coordinates":[[[-2.05018006345543,52.43924965332598],[-2.057065088611341,52.437971912150026],[-2.0581740596391107,52.43348615047027],[-2.052398869089652,52.43027837671003],[-2.0455149311555334,52.43155612622446],[-2.0444050966616154,52.43604164114146],[-2.05018006345543,52.43924965332598]]]}},{"type":"Feature","properties":{"h3_index":"88195c3967fffff","resolution":8,"footfall_idx":14,"avg_spend":32,"weekly_revenue":493352,"store_count":1,"opportunity_score":84},"geometry":{"type":"Polygon","coordinates":[[[-2.0455149311555334,52.43155612622446],[-2.052398869089652,52.43027837671003],[-2.053508020526823,52.42579236966733],[-2.047734097241738,52.42258435896399],[-2.040851246277429,52.423862116924674],[-2.039741231740892,52.42834787712325],[-2.0455149311555334,52.43155612622446]]]}},{"type":"Feature","properties":{"h3_index":"88195c3929fffff","resolution":8,"footfall_idx":16,"avg_spend":36,"weekly_revenue":499979,"store_count":1,"opportunity_score":57},"geometry":{"type":"Polygon","coordinates":[[[-2.040851246277429,52.423862116924674],[-2.047734097241738,52.42258435896399],[-2.0488434289082966,52.41809810670032],[-2.0430707724557933,52.414889859303635],[-2.036189008209347,52.416167625818325],[-2.0350788138100184,52.42065363115651],[-2.040851246277429,52.423862116924674]]]}},{"type":"Feature","properties":{"h3_index":"88195c392bfffff","resolution":8,"footfall_idx":17,"avg_spend":28,"weekly_revenue":492568,"store_count":6,"opportunity_score":76},"geometry":{"type":"Polygon","coordinates":[[[-2.036189008209347,52.416167625818325],[-2.0430707724557933,52.414889859303635],[-2.0441802841718792,52.410403361961016],[-2.038408894120334,52.40719487812076],[-2.0315282163398756,52.408472653297125],[-2.0304178422574135,52.41295890363292],[-2.036189008209347,52.416167625818325]]]}},{"type":"Feature","properties":{"h3_index":"88195c393dfffff","resolution":8,"footfall_idx":19,"avg_spend":31,"weekly_revenue":472139,"store_count":6,"opportunity_score":50},"geometry":{"type":"Polygon","coordinates":[[[-2.0315282163398756,52.408472653297125],[-2.038408894120334,52.40719487812076],[-2.039518585706234,52.402708135841245],[-2.0337484616242074,52.399499415807156],[-2.026868870057856,52.400777199752845],[-2.0257583164718307,52.405263694944175],[-2.0315282163398756,52.408472653297125]]]}},{"type":"Feature","properties":{"h3_index":"88195c3931fffff","resolution":8,"footfall_idx":20,"avg_spend":35,"weekly_revenue":677866,"store_count":6,"opportunity_score":69},"geometry":{"type":"Polygon","coordinates":[[[-2.026868870057856,52.400777199752845],[-2.0337484616242074,52.399499415807156],[-2.0348583329002894,52.395012428732876],[-2.0290894743564993,52.39180347275469],[-2.022210968752425,52.39308126557728],[-2.0211002358422387,52.397568005482036],[-2.026868870057856,52.400777199752845]]]}},{"type":"Feature","properties":{"h3_index":"88195c3933fffff","resolution":8,"footfall_idx":20,"avg_spend":27,"weekly_revenue":612990,"store_count":6,"opportunity_score":88},"geometry":{"type":"Polygon","coordinates":[[[-2.022210968752425,52.39308126557728],[-2.0290894743564993,52.39180347275469],[-2.0301995251433573,52.3873162410278],[-2.0244319317066535,52.38410704935523],[-2.0175545118130613,52.385384851162215],[-2.0164435997580057,52.38987183563828],[-2.022210968752425,52.39308126557728]]]}},{"type":"Feature","properties":{"h3_index":"88195c39edfffff","resolution":8,"footfall_idx":26,"avg_spend":31,"weekly_revenue":726975,"store_count":6,"opportunity_score":60},"geometry":{"type":"Polygon","coordinates":[[[-2.009565722530315,52.391148907408734],[-2.0164435997580057,52.38987183563828],[-2.0175545118130613,52.385384851162215],[-2.0117884076087384,52.38217518580471],[-2.0049116161400846,52.38345226675411],[-2.0037998432290633,52.38793900386301],[-2.009565722530315,52.391148907408734]]]}},{"type":"Feature","properties":{"h3_index":"88195c39e9fffff","resolution":8,"footfall_idx":31,"avg_spend":35,"weekly_revenue":1159585,"store_count":6,"opportunity_score":76},"geometry":{"type":"Polygon","coordinates":[[[-1.9969225949335936,52.38921535481911],[-2.0037998432290633,52.38793900386301],[-2.0049116161400846,52.38345226675411],[-1.9991470013116557,52.38024212806567],[-1.9922708388234018,52.38151848839523],[-1.9911582054687327,52.38600497802072],[-1.9969225949335936,52.38921535481911]]]}},{"type":"Feature","properties":{"h3_index":"88195c39c5fffff","resolution":8,"footfall_idx":35,"avg_spend":27,"weekly_revenue":789575,"store_count":6,"opportunity_score":51},"geometry":{"type":"Polygon","coordinates":[[[-1.9842815866608023,52.38728060840035],[-1.9911582054687327,52.38600497802072],[-1.9922708388234018,52.38151848839523],[-1.9865077135137947,52.37830787672989],[-1.9796321805608805,52.37958351667748],[-1.978518687174964,52.38406975870342],[-1.9842815866608023,52.38728060840035]]]}},{"type":"Feature","properties":{"h3_index":"88195c39c1fffff","resolution":8,"footfall_idx":39,"avg_spend":30,"weekly_revenue":1172709,"store_count":7,"opportunity_score":67},"geometry":{"type":"Polygon","coordinates":[[[-1.9716426984094462,52.38534466874452],[-1.978518687174964,52.38406975870342],[-1.9796321805608805,52.37958351667748],[-1.9738705449124796,52.37637243238923],[-1.9669956420493682,52.37764735219279],[-1.9658812890446677,52.382133346503124],[-1.9716426984094462,52.38534466874452]]]}},{"type":"Feature","properties":{"h3_index":"88195c39cbfffff","resolution":8,"footfall_idx":42,"avg_spend":34,"weekly_revenue":1669479,"store_count":7,"opportunity_score":44},"geometry":{"type":"Polygon","coordinates":[[[-1.9590059308759458,52.38340753644377],[-1.9658812890446677,52.382133346503124],[-1.9669956420493682,52.37764735219279],[-1.961235496203975,52.374435795635705],[-1.9543612239846488,52.375709995533256],[-1.9532460117737493,52.380195742012006],[-1.9590059308759458,52.38340753644377]]]}},{"type":"Feature","properties":{"h3_index":"88195c3837fffff","resolution":8,"footfall_idx":44,"avg_spend":26,"weekly_revenue":1070658,"store_count":7,"opportunity_score":59},"geometry":{"type":"Polygon","coordinates":[[[-1.9463712847556438,52.38146921209036],[-1.9532460117737493,52.380195742012006],[-1.9543612239846488,52.375709995533256],[-1.9486025680835084,52.372497967061356],[-1.941728927061448,52.37377144729103],[-1.9406128560569598,52.378256945822315],[-1.9463712847556438,52.38146921209036]]]}},{"type":"Feature","properties":{"h3_index":"88195c3833fffff","resolution":8,"footfall_idx":45,"avg_spend":30,"weekly_revenue":1488614,"store_count":7,"opportunity_score":38},"geometry":{"type":"Polygon","coordinates":[[[-1.9337387607428997,52.379529696276634],[-1.9406128560569598,52.378256945822315],[-1.941728927061448,52.37377144729103],[-1.9359717612452207,52.37055894725837],[-1.9290987519734288,52.371831708058394],[-1.9279818225880923,52.376316958526445],[-1.9337387607428997,52.379529696276634]]]}},{"type":"Feature","properties":{"h3_index":"88195c38edfffff","resolution":8,"footfall_idx":45,"avg_spend":34,"weekly_revenue":1330280,"store_count":6,"opportunity_score":54},"geometry":{"type":"Polygon","coordinates":[[[-1.9211083595309473,52.37758898959507],[-1.9279818225880923,52.376316958526445],[-1.9290987519734288,52.371831708058394],[-1.9233430763822115,52.36861873681902],[-1.9164706994132046,52.36989077842774],[-1.9153529120598016,52.37437578071682],[-1.9211083595309473,52.37758898959507]]]}},{"type":"Feature","properties":{"h3_index":"88195c38e9fffff","resolution":8,"footfall_idx":43,"avg_spend":25,"weekly_revenue":1113970,"store_count":6,"opportunity_score":71},"geometry":{"type":"Polygon","coordinates":[[[-1.9084800818119736,52.3756470926382],[-1.9153529120598016,52.37437578071682],[-1.9164706994132046,52.36989077842774],[-1.9107165141865348,52.36667733633567],[-1.9038447700723298,52.36794865899147],[-1.902726125163722,52.37243341298601],[-1.9084800818119736,52.3756470926382]]]}},{"type":"Feature","properties":{"h3_index":"88195c38c5fffff","resolution":8,"footfall_idx":40,"avg_spend":29,"weekly_revenue":931524,"store_count":6,"opportunity_score":51},"geometry":{"type":"Polygon","coordinates":[[[-1.8958539282771327,52.37370400599866],[-1.902726125163722,52.37243341298601],[-1.9038447700723298,52.36794865899147],[-1.8980920753491433,52.36473474640082],[-1.8912209646412648,52.36600535034221],[-1.8901014625904184,52.37048985592665],[-1.8958539282771327,52.37370400599866]]]}},{"type":"Feature","properties":{"h3_index":"88195c38c1fffff","resolution":8,"footfall_idx":36,"avg_spend":33,"weekly_revenue":1152152,"store_count":5,"opportunity_score":70},"geometry":{"type":"Polygon","coordinates":[[[-1.8832298996164964,52.371759730269204],[-1.8901014625904184,52.37048985592665],[-1.8912209646412648,52.36600535034221],[-1.885469760560008,52.36279096760699],[-1.8785992838094738,52.3640608530726],[-1.8774789250294064,52.36854511013152],[-1.8832298996164964,52.371759730269204]]]}},{"type":"Feature","properties":{"h3_index":"88195c38cbfffff","resolution":8,"footfall_idx":33,"avg_spend":28,"weekly_revenue":1050229,"store_count":5,"opportunity_score":49},"geometry":{"type":"Polygon","coordinates":[[[-1.8706079965190745,52.3698142660427],[-1.8774789250294064,52.36854511013152],[-1.8785992838094738,52.3640608530726],[-1.8728495705079384,52.36084600054689],[-1.865979728265325,52.36211516777541],[-1.8648585131691429,52.36659917619347],[-1.8706079965190745,52.3698142660427]]]}},{"type":"Feature","properties":{"h3_index":"88195c3ab7fffff","resolution":8,"footfall_idx":30,"avg_spend":32,"weekly_revenue":867263,"store_count":5,"opportunity_score":68},"geometry":{"type":"Polygon","coordinates":[[[-1.8579882196728534,52.36786761391206],[-1.8648585131691429,52.36659917619347],[-1.865979728265325,52.36211516777541],[-1.8602315058807832,52.358899845813255],[-1.853362298696139,52.36016829504346],[-1.8522402276970278,52.36465205470542],[-1.8579882196728534,52.36786761391206]]]}},{"type":"Feature","properties":{"h3_index":"88195c3ab3fffff","resolution":8,"footfall_idx":27,"avg_spend":37,"weekly_revenue":1069116,"store_count":5,"opportunity_score":45},"geometry":{"type":"Polygon","coordinates":[[[-1.8453705697647307,52.36591977447035],[-1.8522402276970278,52.36465205470542],[-1.853362298696139,52.36016829504346],[-1.8476155673652914,52.35695250399895],[-1.840746995788191,52.35822023546971],[-1.8396240692994061,52.36270374626038],[-1.8453705697647307,52.36591977447035]]]}},{"type":"Feature","properties":{"h3_index":"88195c236dfffff","resolution":8,"footfall_idx":23,"avg_spend":27,"weekly_revenue":519760,"store_count":4,"opportunity_score":66},"geometry":{"type":"Polygon","coordinates":[[[-1.8327550474805676,52.36397074831067],[-1.8396240692994061,52.36270374626038],[-1.840746995788191,52.35822023546971],[-1.8350017556471585,52.355003975696924],[-1.8281338202266764,52.35627098964723],[-1.8270100386615573,52.360754251451546],[-1.8327550474805676,52.36397074831067]]]}},{"type":"Feature","properties":{"h3_index":"88195c2369fffff","resolution":8,"footfall_idx":18,"avg_spend":32,"weekly_revenue":578166,"store_count":4,"opportunity_score":87},"geometry":{"type":"Polygon","coordinates":[[[-1.8201416535051502,52.36202053602628],[-1.8270100386615573,52.360754251451546],[-1.8281338202266764,52.35627098964723],[-1.8223900714110242,52.35305426150025],[-1.8155227726957621,52.35432055816915],[-1.8143981364676975,52.358803570872126],[-1.8201416535051502,52.36202053602628]]]}},{"type":"Feature","properties":{"h3_index":"88195c2345fffff","resolution":8,"footfall_idx":16,"avg_spend":27,"weekly_revenue":505676,"store_count":3,"opportunity_score":63},"geometry":{"type":"Polygon","coordinates":[[[-1.8075303885222251,52.36006913821047],[-1.8143981364676975,52.358803570872126],[-1.8155227726957621,52.35432055816915],[-1.8097805153404887,52.35110336200202],[-1.8029138538785352,52.35236894162869],[-1.801788363401042,52.356851705115446],[-1.8075303885222251,52.36006913821047]]]}},{"type":"Feature","properties":{"h3_index":"88195c234dfffff","resolution":8,"footfall_idx":16,"avg_spend":30,"weekly_revenue":449920,"store_count":3,"opportunity_score":82},"geometry":{"type":"Polygon","coordinates":[[[-1.7995368740221895,52.36581649646822],[-1.806405070988945,52.36455165850268],[-1.8075303885222251,52.36006913821047],[-1.801788363401042,52.356851705115446],[-1.7949212532144723,52.35811655545669],[-1.7937950814817012,52.36259882649851],[-1.7995368740221895,52.36581649646822]]]}},{"type":"Feature","properties":{"h3_index":"88195c31a7fffff","resolution":8,"footfall_idx":16,"avg_spend":23,"weekly_revenue":406317,"store_count":3,"opportunity_score":57},"geometry":{"type":"Polygon","coordinates":[[[-1.7915422292671004,52.37156263280483],[-1.798410875046017,52.37029852425426],[-1.7995368740221895,52.36581649646822],[-1.7937950814817012,52.36259882649851],[-1.7869275227795949,52.363862947512146],[-1.7858006696540158,52.36834472601371],[-1.7915422292671004,52.37156263280483]]]}},{"type":"Feature","properties":{"h3_index":"88195c31a1fffff","resolution":8,"footfall_idx":16,"avg_spend":26,"weekly_revenue":362298,"store_count":3,"opportunity_score":77},"geometry":{"type":"Polygon","coordinates":[[[-1.7835464543285677,52.377307547083],[-1.7904155487104034,52.37604416798941],[-1.7915422292671004,52.37156263280483],[-1.7858006696540158,52.36834472601371],[-1.7789326626455582,52.36960811765772],[-1.77780512798972,52.37408940352372],[-1.7835464543285677,52.377307547083]]]}},{"type":"Feature","properties":{"h3_index":"88195c31a9fffff","resolution":8,"footfall_idx":16,"avg_spend":29,"weekly_revenue":481491,"store_count":3,"opportunity_score":51},"geometry":{"type":"Polygon","coordinates":[[[-1.7755495492784183,52.3830512391655],[-1.7824190920537843,52.38178858957086],[-1.7835464543285677,52.377307547083],[-1.77780512798972,52.37408940352372],[-1.7709366728843154,52.37535206575617],[-1.769808456560752,52.3798328588914],[-1.7755495492784183,52.3830512391655]]]}},{"type":"Feature","properties":{"h3_index":"88195c31e3fffff","resolution":8,"footfall_idx":16,"avg_spend":22,"weekly_revenue":283178,"store_count":3,"opportunity_score":71},"geometry":{"type":"Polygon","coordinates":[[[-1.767551514188685,52.388793708915344],[-1.7744215051480174,52.387531788861466],[-1.7755495492784183,52.3830512391655],[-1.769808456560752,52.3798328588914],[-1.7629395535679226,52.38109479167043],[-1.7618106554392934,52.38557509197973],[-1.767551514188685,52.388793708915344]]]}},{"type":"Feature","properties":{"h3_index":"88195c31ebfffff","resolution":8,"footfall_idx":16,"avg_spend":26,"weekly_revenue":404048,"store_count":3,"opportunity_score":90},"geometry":{"type":"Polygon","coordinates":[[[-1.759552349131614,52.39453495619567],[-1.7664227880651748,52.393273765724295],[-1.767551514188685,52.388793708915344],[-1.7618106554392934,52.38557509197973],[-1.7549413047686924,52.38683629526362],[-1.7538117246976044,52.39131610265193],[-1.759552349131614,52.39453495619567]]]}},{"type":"Feature","properties":{"h3_index":"88195c31c5fffff","resolution":8,"footfall_idx":16,"avg_spend":29,"weekly_revenue":528058,"store_count":2,"opportunity_score":65},"geometry":{"type":"Polygon","coordinates":[[[-1.7515520541795664,52.40027498086979],[-1.7584229408775025,52.399014520022575],[-1.759552349131614,52.39453495619567],[-1.7538117246976044,52.39131610265193],[-1.7469419265590973,52.39257657639904],[-1.7458116644082775,52.397055890771334],[-1.7515520541795664,52.40027498086979]]]}},{"type":"Feature","properties":{"h3_index":"88195c31cdfffff","resolution":8,"footfall_idx":16,"avg_spend":22,"weekly_revenue":318505,"store_count":2,"opportunity_score":84},"geometry":{"type":"Polygon","coordinates":[[[-1.7435506294051732,52.40601378280122],[-1.7504219636574694,52.404754051619705],[-1.7515520541795664,52.40027498086979],[-1.7458116644082775,52.397055890771334],[-1.7389414190118349,52.39831563494012],[-1.737810474643998,52.402794456201455],[-1.7435506294051732,52.40601378280122]]]}},{"type":"Feature","properties":{"h3_index":"88195c3027fffff","resolution":8,"footfall_idx":17,"avg_spend":25,"weekly_revenue":455443,"store_count":2,"opportunity_score":58},"geometry":{"type":"Polygon","coordinates":[[[-1.7355480748812597,52.411751361853604],[-1.742419856477745,52.4104923603792],[-1.7435506294051732,52.40601378280122],[-1.737810474643998,52.402794456201455],[-1.7309397821997492,52.40405347075049],[-1.729808155477699,52.40853179880601],[-1.7355480748812597,52.411751361853604]]]}},{"type":"Feature","properties":{"h3_index":"88195c3021fffff","resolution":8,"footfall_idx":17,"avg_spend":28,"weekly_revenue":399087,"store_count":2,"opportunity_score":78},"geometry":{"type":"Polygon","coordinates":[[[-1.7275443906808163,52.417487717890786],[-1.7344166194111414,52.41622944616485],[-1.7355480748812597,52.411751361853604],[-1.729808155477699,52.40853179880601],[-1.7229370161959685,52.409790083693956],[-1.7218047069825144,52.41426791844886],[-1.7275443906808163,52.417487717890786]]]}},{"type":"Feature","properties":{"h3_index":"88195c3029fffff","resolution":8,"footfall_idx":17,"avg_spend":22,"weekly_revenue":375946,"store_count":2,"opportunity_score":53},"geometry":{"type":"Polygon","coordinates":[[[-1.7195395768770725,52.42322285077675],[-1.7264122525307513,52.421965308840505],[-1.7275443906808163,52.417487717890786],[-1.7218047069825144,52.41426791844886],[-1.7149331210737495,52.41552547363445],[-1.7138001292317369,52.42000281499401],[-1.7195395768770725,52.42322285077675]]]}},{"type":"Feature","properties":{"h3_index":"88195c3063fffff","resolution":8,"footfall_idx":17,"avg_spend":25,"weekly_revenue":498096,"store_count":2,"opportunity_score":72},"geometry":{"type":"Polygon","coordinates":[[[-1.7115336335433933,52.428956760375684],[-1.7184067559098068,52.42769994827026],[-1.7195395768770725,52.42322285077675],[-1.7138001292317369,52.42000281499401],[-1.7069280969065348,52.42125964043614],[-1.7057944222988755,52.42573648830568],[-1.7115336335433933,52.428956760375684]]]}},{"type":"Feature","properties":{"h3_index":"88195c306bfffff","resolution":8,"footfall_idx":17,"avg_spend":28,"weekly_revenue":446859,"store_count":2,"opportunity_score":47},"geometry":{"type":"Polygon","coordinates":[[[-1.7035265607534125,52.434689446551914],[-1.7104001296217213,52.43343336431837],[-1.7115336335433933,52.428956760375684],[-1.7057944222988755,52.42573648830568],[-1.6989219437680274,52.4269925839633],[-1.697787586257668,52.43146893824824],[-1.7035265607534125,52.434689446551914]]]}},{"type":"Feature","properties":{"h3_index":"88195c3045fffff","resolution":8,"footfall_idx":17,"avg_spend":21,"weekly_revenue":394687,"store_count":2,"opportunity_score":66},"geometry":{"type":"Polygon","coordinates":[[[-1.6955183585808866,52.44042090916994],[-1.7023923737401725,52.439165556849204],[-1.7035265607534125,52.434689446551914],[-1.697787586257668,52.43146893824824],[-1.6909146617320543,52.43272430408043],[-1.6897796211820144,52.437200164686224],[-1.6955183585808866,52.44042090916994]]]}},{"type":"Feature","properties":{"h3_index":"88195c304dfffff","resolution":8,"footfall_idx":17,"avg_spend":31,"weekly_revenue":459730,"store_count":2,"opportunity_score":86},"geometry":{"type":"Polygon","coordinates":[[[-1.6875090270998276,52.44615114809445],[-1.694383488338978,52.44489652572737],[-1.6955183585808866,52.44042090916994],[-1.6897796211820144,52.437200164686224],[-1.6829062508727128,52.438454800652146],[-1.6817705271460095,52.44293016748435],[-1.6875090270998276,52.44615114809445]]]}},{"type":"Feature","properties":{"h3_index":"88195c3227fffff","resolution":8,"footfall_idx":17,"avg_spend":35,"weekly_revenue":618288,"store_count":1,"opportunity_score":60},"geometry":{"type":"Polygon","coordinates":[[[-1.6794985663844346,52.4518801631903],[-1.686373473492184,52.450626270817615],[-1.6875090270998276,52.44615114809445],[-1.6817705271460095,52.44293016748435],[-1.6748967112642532,52.444184073543255],[-1.6737603042239506,52.44865894650747],[-1.6794985663844346,52.4518801631903]]]}},{"type":"Feature","properties":{"h3_index":"88195c3221fffff","resolution":8,"footfall_idx":17,"avg_spend":26,"weekly_revenue":356220,"store_count":1,"opportunity_score":80},"geometry":{"type":"Polygon","coordinates":[[[-1.6714869765090876,52.45760795432252],[-1.678362329274009,52.456354791984836],[-1.6794985663844346,52.4518801631903],[-1.6737603042239506,52.44865894650747],[-1.6668860429811194,52.44991212261874],[-1.6657489524903644,52.45438650162067],[-1.6714869765090876,52.45760795432252]]]}},{"type":"Feature","properties":{"h3_index":"88195c322dfffff","resolution":8,"footfall_idx":17,"avg_spend":30,"weekly_revenue":496084,"store_count":1,"opportunity_score":55},"geometry":{"type":"Polygon","coordinates":[[[-1.6760893414049127,52.4653033112589],[-1.682965785949721,52.46405016258771],[-1.6841018529549059,52.45957577810385],[-1.678362329274009,52.456354791984836],[-1.6714869765090876,52.45760795432252],[-1.6703500557588908,52.46208208909411],[-1.6760893414049127,52.4653033112589]]]}},{"type":"Feature","properties":{"h3_index":"88195c335bfffff","resolution":8,"footfall_idx":17,"avg_spend":34,"weekly_revenue":658631,"store_count":6,"opportunity_score":74},"geometry":{"type":"Polygon","coordinates":[[[-1.6806931382772663,52.47299819303908],[-1.6875706748598027,52.471745057927244],[-1.6887065715842318,52.46727091789489],[-1.682965785949721,52.46405016258771],[-1.6760893414049127,52.4653033112589],[-1.6749525905706335,52.469777201659305],[-1.6806931382772663,52.47299819303908]]]}},{"type":"Feature","properties":{"h3_index":"88195c3359fffff","resolution":8,"footfall_idx":17,"avg_spend":26,"weekly_revenue":400579,"store_count":6,"opportunity_score":49},"geometry":{"type":"Polygon","coordinates":[[[-1.6852983677350755,52.48069259927423],[-1.6921769966132163,52.47943947761455],[-1.6933127228812337,52.47496558217455],[-1.6875706748598027,52.471745057927244],[-1.6806931382772663,52.47299819303908],[-1.679556557534344,52.47747183892746],[-1.6852983677350755,52.48069259927423]]]}},{"type":"Feature","properties":{"h3_index":"88195ca9b7fffff","resolution":8,"footfall_idx":18,"avg_spend":30,"weekly_revenue":579460,"store_count":6,"opportunity_score":68},"geometry":{"type":"Polygon","coordinates":[[[-1.6899050303876042,52.48838652957556],[-1.6967847518192603,52.48713342126077],[-1.6979203074550926,52.482659770553965],[-1.6921769966132163,52.47943947761455],[-1.6852983677350755,52.48069259927423],[-1.6841619572591315,52.48516600050977],[-1.6899050303876042,52.48838652957556]]]}},{"type":"Feature","properties":{"h3_index":"88195ca9b5fffff","resolution":8,"footfall_idx":18,"avg_spend":34,"weekly_revenue":513995,"store_count":6,"opportunity_score":87},"geometry":{"type":"Polygon","coordinates":[[[-1.6945131268444151,52.49607998355438],[-1.7013939410875327,52.49482688847719],[-1.7025293259152794,52.49035348264425],[-1.6967847518192603,52.48713342126077],[-1.6899050303876042,52.48838652957556],[-1.6887687903543476,52.4928596860176],[-1.6945131268444151,52.49607998355438]]]}},{"type":"Feature","properties":{"h3_index":"88195ca9a3fffff","resolution":8,"footfall_idx":18,"avg_spend":38,"weekly_revenue":688548,"store_count":6,"opportunity_score":62},"geometry":{"type":"Polygon","coordinates":[[[-1.6991226577153253,52.503772960822],[-1.706004565027924,52.502519878875],[-1.7071397788715161,52.49804671805667],[-1.7013939410875327,52.49482688847719],[-1.6945131268444151,52.49607998355438],[-1.693377057429702,52.50055289506219],[-1.6991226577153253,52.503772960822]]]}},{"type":"Feature","properties":{"h3_index":"88195ca9a1fffff","resolution":8,"footfall_idx":18,"avg_spend":29,"weekly_revenue":612534,"store_count":5,"opportunity_score":81},"geometry":{"type":"Polygon","coordinates":[[[-1.703733623610547,52.51146546098971],[-1.710616624250649,52.5102123920655],[-1.711751666933925,52.505739476402425],[-1.706004565027924,52.502519878875],[-1.6991226577153253,52.503772960822],[-1.6979867590951712,52.508245627254944],[-1.703733623610547,52.51146546098971]]]}},{"type":"Feature","properties":{"h3_index":"88195ca9adfffff","resolution":8,"footfall_idx":18,"avg_spend":33,"weekly_revenue":558492,"store_count":5,"opportunity_score":56},"geometry":{"type":"Polygon","coordinates":[[[-1.7083460251405431,52.51915748366892],[-1.7152301193662087,52.517904427659985],[-1.716364990712861,52.51343175729277],[-1.710616624250649,52.5102123920655],[-1.703733623610547,52.51146546098971],[-1.7025978959610715,52.51593788220721],[-1.7083460251405431,52.51915748366892]]]}},{"type":"Feature","properties":{"h3_index":"88195c06dbfffff","resolution":8,"footfall_idx":18,"avg_spend":37,"weekly_revenue":737269,"store_count":5,"opportunity_score":76},"geometry":{"type":"Polygon","coordinates":[[[-1.7129598629160938,52.52684902847102],[-1.7198450509854388,52.525595985269824],[-1.72097975081901,52.52112356033902],[-1.7152301193662087,52.517904427659985],[-1.7083460251405431,52.51915748366892],[-1.7072104686379839,52.52362965953044],[-1.7129598629160938,52.52684902847102]]]}},{"type":"Feature","properties":{"h3_index":"88195c06d9fffff","resolution":8,"footfall_idx":18,"avg_spend":29,"weekly_revenue":456122,"store_count":5,"opportunity_score":50},"geometry":{"type":"Polygon","coordinates":[[[-1.7175751375482482,52.53454009500751],[-1.7244614197194341,52.53328706450642],[-1.7255959478633496,52.52881488515255],[-1.7198450509854388,52.525595985269824],[-1.7129598629160938,52.52684902847102],[-1.7118244777368543,52.53132095883607],[-1.7175751375482482,52.53454009500751]]]}},{"type":"Feature","properties":{"h3_index":"88195ca937fffff","resolution":8,"footfall_idx":18,"avg_spend":33,"weekly_revenue":618107,"store_count":5,"opportunity_score":70},"geometry":{"type":"Polygon","coordinates":[[[-1.7221918496484196,52.542230682889794],[-1.7290792261796317,52.540977664981185],[-1.7302135824572178,52.53650573134467],[-1.7244614197194341,52.53328706450642],[-1.7175751375482482,52.53454009500751],[-1.7164399238688712,52.53901177973561],[-1.7221918496484196,52.542230682889794]]]}},{"type":"Feature","properties":{"h3_index":"88195ca935fffff","resolution":8,"footfall_idx":20,"avg_spend":37,"weekly_revenue":597455,"store_count":5,"opportunity_score":88},"geometry":{"type":"Polygon","coordinates":[[[-1.7268099998283182,52.549920791729434],[-1.7336984709778045,52.548667786305565],[-1.7348326552121622,52.54419609852683],[-1.7290792261796317,52.540977664981185],[-1.7221918496484196,52.542230682889794],[-1.7210568076455597,52.546702121840575],[-1.7268099998283182,52.549920791729434]]]}},{"type":"Feature","properties":{"h3_index":"88195ca923fffff","resolution":8,"footfall_idx":22,"avg_spend":28,"weekly_revenue":600081,"store_count":5,"opportunity_score":62},"geometry":{"type":"Polygon","coordinates":[[[-1.7314295886999174,52.557610421138],[-1.7383191547259422,52.556357428091054],[-1.739453166740121,52.551885986310495],[-1.7336984709778045,52.548667786305565],[-1.7268099998283182,52.549920791729434],[-1.7256751296787631,52.55439198476254],[-1.7314295886999174,52.557610421138]]]}},{"type":"Feature","properties":{"h3_index":"88195ca921fffff","resolution":8,"footfall_idx":24,"avg_spend":32,"weekly_revenue":876246,"store_count":5,"opportunity_score":80},"geometry":{"type":"Polygon","coordinates":[[[-1.7360506168755632,52.56529957072704],[-1.742941278036416,52.564046589949214],[-1.7440751176533134,52.55957539430712],[-1.7383191547259422,52.556357428091054],[-1.7314295886999174,52.557610421138],[-1.7302948905805984,52.56208136811309],[-1.7360506168755632,52.56529957072704]]]}},{"type":"Feature","properties":{"h3_index":"88195ca92dfffff","resolution":8,"footfall_idx":26,"avg_spend":36,"weekly_revenue":849637,"store_count":5,"opportunity_score":55},"geometry":{"type":"Polygon","coordinates":[[[-1.7406730849678238,52.5729882401082],[-1.747564841521887,52.57173527149158],[-1.748698508564244,52.56726432212824],[-1.742941278036416,52.564046589949214],[-1.7360506168755632,52.56529957072704],[-1.7349160909635128,52.56977027150391],[-1.7406730849678238,52.5729882401082]]]}},{"type":"Feature","properties":{"h3_index":"88195c065bfffff","resolution":8,"footfall_idx":27,"avg_spend":27,"weekly_revenue":783325,"store_count":5,"opportunity_score":73},"geometry":{"type":"Polygon","coordinates":[[[-1.7452969935896527,52.58067642889316],[-1.7521898457952951,52.57942347232976],[-1.7533233400857324,52.5749527693854],[-1.747564841521887,52.57173527149158],[-1.7406730849678238,52.5729882401082],[-1.7395387314402662,52.57745869454661],[-1.7452969935896527,52.58067642889316]]]}},{"type":"Feature","properties":{"h3_index":"88195c0659fffff","resolution":8,"footfall_idx":27,"avg_spend":31,"weekly_revenue":704173,"store_count":5,"opportunity_score":49},"geometry":{"type":"Polygon","coordinates":[[[-1.7499223433542739,52.58836413669359],[-1.7568162914699186,52.58711119207542],[-1.757949612830942,52.5826407356902],[-1.7521898457952951,52.57942347232976],[-1.7452969935896527,52.58067642889316],[-1.74416281262391,52.585146636852954],[-1.7499223433542739,52.58836413669359]]]}},{"type":"Feature","properties":{"h3_index":"88195c14b7fffff","resolution":8,"footfall_idx":28,"avg_spend":36,"weekly_revenue":1016158,"store_count":5,"opportunity_score":67},"geometry":{"type":"Polygon","coordinates":[[[-1.754549134875219,52.596051363121234],[-1.7614441791593403,52.59479843034019],[-1.762577327413281,52.59032822065427],[-1.7568162914699186,52.58711119207542],[-1.7499223433542739,52.58836413669359],[-1.7487883351277986,52.59283409803465],[-1.754549134875219,52.596051363121234]]]}},{"type":"Feature","properties":{"h3_index":"88195c064bfffff","resolution":8,"footfall_idx":34,"avg_spend":27,"weekly_revenue":1078540,"store_count":5,"opportunity_score":41},"geometry":{"type":"Polygon","coordinates":[[[-1.7672064844465234,52.59801522388926],[-1.7741021738372933,52.596761571145265],[-1.775234461699442,52.59229111322911],[-1.769471920676896,52.589074556268315],[-1.762577327413281,52.59032822065427],[-1.7614441791593403,52.59479843034019],[-1.7672064844465234,52.59801522388926]]]}},{"type":"Feature","properties":{"h3_index":"88195c0641fffff","resolution":8,"footfall_idx":39,"avg_spend":31,"weekly_revenue":1138476,"store_count":5,"opportunity_score":57},"geometry":{"type":"Polygon","coordinates":[[[-1.7798659845301623,52.599977892800474],[-1.7867623184739545,52.59872351985185],[-1.787893745525165,52.59425281382023],[-1.7821296995577793,52.59103672883381],[-1.775234461699442,52.59229111322911],[-1.7741021738372933,52.596761571145265],[-1.7798659845301623,52.599977892800474]]]}},{"type":"Feature","properties":{"h3_index":"88195c0645fffff","resolution":8,"footfall_idx":44,"avg_spend":35,"weekly_revenue":1707020,"store_count":5,"opportunity_score":70},"geometry":{"type":"Polygon","coordinates":[[[-1.7925276344379057,52.60193936925685],[-1.7994246123806008,52.60068427586209],[-1.800555178201739,52.596213321829815],[-1.7947896274244934,52.59299770917402],[-1.787893745525165,52.59425281382023],[-1.7867623184739545,52.59872351985185],[-1.7925276344379057,52.60193936925685]]]}},{"type":"Feature","properties":{"h3_index":"88195c0669fffff","resolution":8,"footfall_idx":48,"avg_spend":26,"weekly_revenue":1092301,"store_count":6,"opportunity_score":48},"geometry":{"type":"Polygon","coordinates":[[[-1.8051914334804156,52.60389965266051],[-1.8120890548673754,52.60264383857817],[-1.8132187590394517,52.598172636660166],[-1.80745170358786,52.59495749669129],[-1.800555178201739,52.596213321829815],[-1.7994246123806008,52.60068427586209],[-1.8051914334804156,52.60389965266051]]]}},{"type":"Feature","properties":{"h3_index":"88195c066dfffff","resolution":8,"footfall_idx":50,"avg_spend":30,"weekly_revenue":1563043,"store_count":6,"opportunity_score":62},"geometry":{"type":"Polygon","coordinates":[[[-1.817857380967289,52.60585874241367],[-1.8247556452434244,52.60460220740236],[-1.8258844873475146,52.600130757713615],[-1.820115927357631,52.59691609078795],[-1.8132187590394517,52.598172636660166],[-1.8120890548673754,52.60264383857817],[-1.817857380967289,52.60585874241367]]]}},{"type":"Feature","properties":{"h3_index":"88195c15b3fffff","resolution":8,"footfall_idx":52,"avg_spend":34,"weekly_revenue":1429986,"store_count":6,"opportunity_score":42},"geometry":{"type":"Polygon","coordinates":[[[-1.830525476207045,52.6078166379186],[-1.8374243828167602,52.606559381737064],[-1.8385523624339666,52.6020876843927],[-1.832782298042514,52.5988734908665],[-1.8258844873475146,52.600130757713615],[-1.8247556452434244,52.60460220740236],[-1.830525476207045,52.6078166379186]]]}},{"type":"Feature","properties":{"h3_index":"88195c15b7fffff","resolution":8,"footfall_idx":52,"avg_spend":38,"weekly_revenue":1927791,"store_count":5,"opportunity_score":57},"geometry":{"type":"Polygon","coordinates":[[[-1.843195718507184,52.60977333857772],[-1.8500952668943438,52.608515360984775],[-1.8512223836058954,52.60404341609996],[-1.845450814950086,52.60082969632954],[-1.8385523624339666,52.6020876843927],[-1.8374243828167602,52.606559381737064],[-1.843195718507184,52.60977333857772]]]}},{"type":"Feature","properties":{"h3_index":"88195c074bfffff","resolution":8,"footfall_idx":50,"avg_spend":30,"weekly_revenue":1713584,"store_count":5,"opportunity_score":38},"geometry":{"type":"Polygon","coordinates":[[[-1.8558681071740373,52.611728843793514],[-1.8627682967820476,52.61047014454809],[-1.8638945501692306,52.60599795223809],[-1.8581214773868995,52.602784706579705],[-1.8512223836058954,52.60404341609996],[-1.8500952668943438,52.608515360984775],[-1.8558681071740373,52.611728843793514]]]}},{"type":"Feature","properties":{"h3_index":"88195c0741fffff","resolution":8,"footfall_idx":25,"avg_spend":34,"weekly_revenue":772800,"store_count":3,"opportunity_score":65},"geometry":{"type":"Polygon","coordinates":[[[-1.8685426415129425,52.613683152968555],[-1.8754434717846784,52.61242373182966],[-1.876568861428881,52.607951292209854],[-1.870794284658415,52.604738521019755],[-1.8638945501692306,52.60599795223809],[-1.8627682967820476,52.61047014454809],[-1.8685426415129425,52.613683152968555]]]}},{"type":"Feature","properties":{"h3_index":"88195c0745fffff","resolution":8,"footfall_idx":23,"avg_spend":38,"weekly_revenue":940392,"store_count":3,"opportunity_score":84},"geometry":{"type":"Polygon","coordinates":[[[-1.881219320828122,52.615636265505536],[-1.8881207912059872,52.61437612223225],[-1.8892453166886325,52.60990343541815],[-1.8834692360690277,52.60669113905257],[-1.876568861428881,52.607951292209854],[-1.8754434717846784,52.61242373182966],[-1.881219320828122,52.615636265505536]]]}},{"type":"Feature","properties":{"h3_index":"88195c0769fffff","resolution":8,"footfall_idx":20,"avg_spend":29,"weekly_revenue":488795,"store_count":3,"opportunity_score":61},"geometry":{"type":"Polygon","coordinates":[[[-1.8938981444227414,52.61758818080724],[-1.900800254348606,52.6163273151588],[-1.9019239152512382,52.611854381265886],[-1.896146330922035,52.60864256008112],[-1.8892453166886325,52.60990343541815],[-1.8881207912059872,52.61437612223225],[-1.8938981444227414,52.61758818080724]]]}},{"type":"Feature","properties":{"h3_index":"88195c076dfffff","resolution":8,"footfall_idx":17,"avg_spend":33,"weekly_revenue":566351,"store_count":2,"opportunity_score":82},"geometry":{"type":"Polygon","coordinates":[[[-1.9065791115988406,52.619538898276545],[-1.9134818605141486,52.61827731001222],[-1.914604656418343,52.613804129156165],[-1.9088255685196802,52.61059278350846],[-1.9019239152512382,52.611854381265886],[-1.900800254348606,52.6163273151588],[-1.9065791115988406,52.619538898276545]]]}},{"type":"Feature","properties":{"h3_index":"88195c02b3fffff","resolution":8,"footfall_idx":14,"avg_spend":37,"weekly_revenue":609336,"store_count":2,"opportunity_score":58},"geometry":{"type":"Polygon","coordinates":[[[-1.9192622216574515,52.62148841731644],[-1.9261656090030868,52.62022610619563],[-1.927287539490537,52.61575267849215],[-1.921506948163116,52.61254180873776],[-1.914604656418343,52.613804129156165],[-1.9134818605141486,52.61827731001222],[-1.9192622216574515,52.62148841731644]]]}},{"type":"Feature","properties":{"h3_index":"88195c02b7fffff","resolution":8,"footfall_idx":14,"avg_spend":25,"weekly_revenue":330089,"store_count":2,"opportunity_score":78},"geometry":{"type":"Polygon","coordinates":[[[-1.9319474738985023,52.623436737329996],[-1.9388514991148431,52.622173703112196],[-1.9399725637673286,52.61770002867711],[-1.9341904691524356,52.614489635172255],[-1.927287539490537,52.61575267849215],[-1.9261656090030868,52.62022610619563],[-1.9319474738985023,52.623436737329996]]]}},{"type":"Feature","properties":{"h3_index":"88195c00cbfffff","resolution":8,"footfall_idx":12,"avg_spend":28,"weekly_revenue":372926,"store_count":2,"opportunity_score":52},"geometry":{"type":"Polygon","coordinates":[[[-1.9446348676208365,52.62538385772041],[-1.9515395301478125,52.624120100165165],[-1.9526597285471823,52.61964617911436],[-1.9468761307866387,52.616436262215345],[-1.9399725637673286,52.61770002867711],[-1.9388514991148431,52.622173703112196],[-1.9446348676208365,52.62538385772041]]]}},{"type":"Feature","properties":{"h3_index":"88195c00c1fffff","resolution":8,"footfall_idx":11,"avg_spend":32,"weekly_revenue":308593,"store_count":1,"opportunity_score":73},"geometry":{"type":"Polygon","coordinates":[[[-1.957324402122245,52.62732977789094],[-1.9642297013992291,52.62606529675795],[-1.9653490331273933,52.62159112920745],[-1.959563932363694,52.61838168927043],[-1.9526597285471823,52.61964617911436],[-1.9515395301478125,52.624120100165165],[-1.957324402122245,52.62732977789094]]]}},{"type":"Feature","properties":{"h3_index":"88195c00c5fffff","resolution":8,"footfall_idx":11,"avg_spend":24,"weekly_revenue":275477,"store_count":1,"opportunity_score":93},"geometry":{"type":"Polygon","coordinates":[[[-1.9700160766993986,52.62927449724498],[-1.9769220121653028,52.62800929229402],[-1.9780404768042503,52.6235348783599],[-1.972253873180406,52.62032591574113],[-1.9653490331273933,52.62159112920745],[-1.9642297013992291,52.62606529675795],[-1.9700160766993986,52.62927449724498]]]}},{"type":"Feature","properties":{"h3_index":"88195c00ebfffff","resolution":8,"footfall_idx":11,"avg_spend":28,"weekly_revenue":249560,"store_count":1,"opportunity_score":67},"geometry":{"type":"Polygon","coordinates":[[[-1.9780404768042503,52.6235348783599],[-1.9849459525325943,52.62226894103105],[-1.9860637294138903,52.61779403267414],[-1.9802768978177048,52.61458530797543],[-1.973372517198713,52.61585125373283],[-1.972253873180406,52.62032591574113],[-1.9780404768042503,52.6235348783599]]]}},{"type":"Feature","properties":{"h3_index":"88195c00e3fffff","resolution":8,"footfall_idx":11,"avg_spend":31,"weekly_revenue":333173,"store_count":1,"opportunity_score":87},"geometry":{"type":"Polygon","coordinates":[[[-1.9860637294138903,52.61779403267414],[-1.9929687451946965,52.616527363009816],[-1.9940858344597836,52.61205196032426],[-1.98829877524253,52.6088434735974],[-1.9813948542674695,52.610110151603514],[-1.9802768978177048,52.61458530797543],[-1.9860637294138903,52.61779403267414]]]}},{"type":"Feature","properties":{"h3_index":"88195c00a9fffff","resolution":8,"footfall_idx":12,"avg_spend":24,"weekly_revenue":329424,"store_count":1,"opportunity_score":60},"geometry":{"type":"Polygon","coordinates":[[[-1.9940858344597836,52.61205196032426],[-2.0009903900833037,52.6107845583669],[-2.002106791873713,52.606308661446946],[-1.9963195053865344,52.60310041274368],[-1.989416044265141,52.604367822956036],[-1.98829877524253,52.6088434735974],[-1.9940858344597836,52.61205196032426]]]}},{"type":"Feature","properties":{"h3_index":"88195c00a1fffff","resolution":8,"footfall_idx":12,"avg_spend":27,"weekly_revenue":295041,"store_count":1,"opportunity_score":81},"geometry":{"type":"Polygon","coordinates":[[[-2.002106791873713,52.606308661446946],[-2.0090108871303016,52.60504052723914],[-2.0101266015875874,52.6005641361791],[-2.004339088181489,52.59735612555113],[-1.9974360871233547,52.59862426792717],[-1.9963195053865344,52.60310041274368],[-2.002106791873713,52.606308661446946]]]}},{"type":"Feature","properties":{"h3_index":"88195c00a7fffff","resolution":8,"footfall_idx":12,"avg_spend":31,"weekly_revenue":400796,"store_count":6,"opportunity_score":54},"geometry":{"type":"Polygon","coordinates":[[[-2.0101266015875874,52.6005641361791],[-2.017030236267798,52.5992952697635],[-2.018145263533542,52.594818384657756],[-2.0123575235594227,52.591610612156785],[-2.005454982773993,52.59287948665383],[-2.004339088181489,52.59735612555113],[-2.0101266015875874,52.6005641361791]]]}},{"type":"Feature","properties":{"h3_index":"88195c0e4dfffff","resolution":8,"footfall_idx":12,"avg_spend":23,"weekly_revenue":232998,"store_count":6,"opportunity_score":75},"geometry":{"type":"Polygon","coordinates":[[[-2.018145263533542,52.594818384657756],[-2.025048437428088,52.59354878607714],[-2.026162777643915,52.589071407020135],[-2.020374811452557,52.585863872697814],[-2.0134727311490783,52.58713347927312],[-2.0123575235594227,52.591610612156785],[-2.018145263533542,52.594818384657756]]]}},{"type":"Feature","properties":{"h3_index":"88195c0e45fffff","resolution":8,"footfall_idx":12,"avg_spend":27,"weekly_revenue":327558,"store_count":6,"opportunity_score":48},"geometry":{"type":"Polygon","coordinates":[[[-2.026162777643915,52.589071407020135],[-2.033065490543633,52.58780107631737],[-2.03417914385121,52.58332320340364],[-2.0283909517932996,52.58011590731157],[-2.021489332180889,52.58138624592225],[-2.020374811452557,52.585863872697814],[-2.026162777643915,52.589071407020135]]]}},{"type":"Feature","properties":{"h3_index":"88195c0e6bfffff","resolution":8,"footfall_idx":12,"avg_spend":30,"weekly_revenue":423997,"store_count":5,"opportunity_score":68},"geometry":{"type":"Polygon","coordinates":[[[-2.03417914385121,52.58332320340364],[-2.041081395547132,52.58205214062166],[-2.0421943620881886,52.57757377394579],[-2.036405944514273,52.57436671613557],[-2.0295047858018647,52.57563778673867],[-2.0283909517932996,52.58011590731157],[-2.03417914385121,52.58332320340364]]]}},{"type":"Feature","properties":{"h3_index":"88195c0e63fffff","resolution":8,"footfall_idx":12,"avg_spend":23,"weekly_revenue":260698,"store_count":5,"opportunity_score":89},"geometry":{"type":"Polygon","coordinates":[[[-2.0421943620881886,52.57757377394579],[-2.049096152371479,52.57630197912769],[-2.050208432287763,52.57182311878432],[-2.044419789548269,52.56861629930753],[-2.0375190919446857,52.56988810185998],[-2.036405944514273,52.57436671613557],[-2.0421943620881886,52.57757377394579]]]}},{"type":"Feature","properties":{"h3_index":"88195c0e29fffff","resolution":8,"footfall_idx":12,"avg_spend":26,"weekly_revenue":346739,"store_count":5,"opportunity_score":62},"geometry":{"type":"Polygon","coordinates":[[[-2.050208432287763,52.57182311878432],[-2.057109760949761,52.57055059197326],[-2.058221354383061,52.566071238057134],[-2.052432486828286,52.5628646569653],[-2.0455322505421627,52.564137191423924],[-2.044419789548269,52.56861629930753],[-2.050208432287763,52.57182311878432]]]}},{"type":"Feature","properties":{"h3_index":"88195c0e21fffff","resolution":8,"footfall_idx":12,"avg_spend":30,"weekly_revenue":316127,"store_count":5,"opportunity_score":83},"geometry":{"type":"Polygon","coordinates":[[[-2.058221354383061,52.566071238057134],[-2.065122221215244,52.56479797929641],[-2.06623312830741,52.560318131902314],[-2.0604440362875804,52.55711178924689],[-2.0535442615273958,52.55838505556845],[-2.052432486828286,52.5628646569653],[-2.058221354383061,52.566071238057134]]]}},{"type":"Feature","properties":{"h3_index":"88195c0e27fffff","resolution":8,"footfall_idx":12,"avg_spend":33,"weekly_revenue":413787,"store_count":5,"opportunity_score":56},"geometry":{"type":"Polygon","coordinates":[[[-2.06623312830741,52.560318131902314],[-2.0731335331014384,52.55904414123524],[-2.0742437539943355,52.55456380045806],[-2.0684544378595193,52.55135769629054],[-2.0615551248335837,52.55263169443163],[-2.0604440362875804,52.55711178924689],[-2.06623312830741,52.560318131902314]]]}},{"type":"Feature","properties":{"h3_index":"88195c0c4dfffff","resolution":8,"footfall_idx":12,"avg_spend":26,"weekly_revenue":253252,"store_count":5,"opportunity_score":77},"geometry":{"type":"Polygon","coordinates":[[[-2.0742437539943355,52.55456380045806],[-2.081143696541998,52.55328907792814],[-2.0822532313775484,52.548808243862766],[-2.076463691477702,52.545602378234584],[-2.0695648403941993,52.546877108151754],[-2.0684544378595193,52.55135769629054],[-2.0742437539943355,52.55456380045806]]]}},{"type":"Feature","properties":{"h3_index":"88195c0c45fffff","resolution":8,"footfall_idx":12,"avg_spend":29,"weekly_revenue":340515,"store_count":5,"opportunity_score":50},"geometry":{"type":"Polygon","coordinates":[[[-2.0822532313775484,52.548808243862766],[-2.089152711470814,52.547532789513596],[-2.0902615603909767,52.54305146225503],[-2.0844717970759827,52.53984583521758],[-2.0775734081428765,52.54112129686728],[-2.076463691477702,52.545602378234584],[-2.0822532313775484,52.548808243862766]]]}},{"type":"Feature","properties":{"h3_index":"88195c0c6bfffff","resolution":8,"footfall_idx":13,"avg_spend":33,"weekly_revenue":491324,"store_count":5,"opportunity_score":70},"geometry":{"type":"Polygon","coordinates":[[[-2.0902615603909767,52.54305146225503],[-2.0971605778219833,52.54177527613026],[-2.0982687409687633,52.53729345577359],[-2.092478754588308,52.534088067378235],[-2.0855808280134887,52.53536426071678],[-2.0844717970759827,52.53984583521758],[-2.0902615603909767,52.54305146225503]]]}},{"type":"Feature","properties":{"h3_index":"88195c0c63fffff","resolution":8,"footfall_idx":13,"avg_spend":25,"weekly_revenue":296421,"store_count":4,"opportunity_score":90},"geometry":{"type":"Polygon","coordinates":[[[-2.0982687409687633,52.53729345577359],[-2.1051672955297605,52.53601653791697],[-2.106274773045188,52.531534224557355],[-2.100484563948895,52.52832907485543],[-2.093587099940049,52.529605999839056],[-2.092478754588308,52.534088067378235],[-2.0982687409687633,52.53729345577359]]]}},{"type":"Feature","properties":{"h3_index":"88195c0c29fffff","resolution":8,"footfall_idx":13,"avg_spend":29,"weekly_revenue":406727,"store_count":4,"opportunity_score":64},"geometry":{"type":"Polygon","coordinates":[[[-2.106274773045188,52.531534224557355],[-2.1131728645286283,52.53025657501276],[-2.114279656554792,52.52577376874539],[-2.1084892250921685,52.52256885778821],[-2.101592223856812,52.523846514373034],[-2.100484563948895,52.52832907485543],[-2.106274773045188,52.531534224557355]]]}},{"type":"Feature","properties":{"h3_index":"88195c0c21fffff","resolution":8,"footfall_idx":13,"avg_spend":32,"weekly_revenue":351786,"store_count":4,"opportunity_score":84},"geometry":{"type":"Polygon","coordinates":[[[-2.114279656554792,52.52577376874539],[-2.1211772847532786,52.52449538755679],[-2.122283391432279,52.52001208847693],[-2.11649273795269,52.51680741631579],[-2.109596199698204,52.518085804457854],[-2.1084892250921685,52.52256885778821],[-2.114279656554792,52.52577376874539]]]}},{"type":"Feature","properties":{"h3_index":"88195c0c23fffff","resolution":8,"footfall_idx":13,"avg_spend":25,"weekly_revenue":329039,"store_count":4,"opportunity_score":58},"geometry":{"type":"Polygon","coordinates":[[[-2.109596199698204,52.518085804457854],[-2.11649273795269,52.51680741631579],[-2.1175990273988714,52.512323870232784],[-2.1118096462615257,52.50911895810355],[-2.104914197698858,52.51039735330758],[-2.1038070406945475,52.5148806535595],[-2.109596199698204,52.518085804457854]]]}},{"type":"Feature","properties":{"h3_index":"88195c0c35fffff","resolution":8,"footfall_idx":13,"avg_spend":28,"weekly_revenue":429234,"store_count":4,"opportunity_score":78},"geometry":{"type":"Polygon","coordinates":[[[-2.104914197698858,52.51039735330758],[-2.1118096462615257,52.50911895810355],[-2.1129161182932408,52.50463516515886],[-2.107128009064461,52.50143001331149],[-2.100233649941456,52.5027084156859],[-2.099126310720353,52.507191962717954],[-2.104914197698858,52.51039735330758]]]}},{"type":"Feature","properties":{"h3_index":"88195c0c37fffff","resolution":8,"footfall_idx":13,"avg_spend":32,"weekly_revenue":393536,"store_count":4,"opportunity_score":52},"geometry":{"type":"Polygon","coordinates":[[[-2.100233649941456,52.5027084156859],[-2.107128009064461,52.50143001331149],[-2.1082346635001374,52.496945973646625],[-2.102447825746433,52.49374058233107],[-2.095554555810991,52.495018991984224],[-2.094447034554461,52.4995027856549],[-2.100233649941456,52.5027084156859]]]}},{"type":"Feature","properties":{"h3_index":"88195c0dd9fffff","resolution":8,"footfall_idx":13,"avg_spend":24,"weekly_revenue":347190,"store_count":4,"opportunity_score":72},"geometry":{"type":"Polygon","coordinates":[[[-2.095554555810991,52.495018991984224],[-2.102447825746433,52.49374058233107],[-2.1035546624047066,52.48925629608762],[-2.0977690956927617,52.48605066555375],[-2.090876914692805,52.48732908259401],[-2.089769211582046,52.49181312276172],[-2.095554555810991,52.495018991984224]]]}},{"type":"Feature","properties":{"h3_index":"88195c0ddbfffff","resolution":8,"footfall_idx":13,"avg_spend":28,"weekly_revenue":320165,"store_count":4,"opportunity_score":92},"geometry":{"type":"Polygon","coordinates":[[[-2.090876914692805,52.48732908259401],[-2.0977690956927617,52.48605066555375],[-2.098876114392385,52.481566132873304],[-2.09309181828903,52.478360263371094],[-2.0862007259724997,52.47963868790667],[-2.0850928411886005,52.48412297442985],[-2.090876914692805,52.48732908259401]]]}},{"type":"Feature","properties":{"h3_index":"88195c0cadfffff","resolution":8,"footfall_idx":13,"avg_spend":34,"weekly_revenue":462492,"store_count":3,"opportunity_score":66},"geometry":{"type":"Polygon","coordinates":[[[-2.0862007259724997,52.47963868790667],[-2.09309181828903,52.478360263371094],[-2.094199018848858,52.473875484395315],[-2.0884159929211026,52.470669376174634],[-2.0815259890359963,52.47194780831374],[-2.080417922759873,52.47643234105075],[-2.0862007259724997,52.47963868790667]]]}},{"type":"Feature","properties":{"h3_index":"88195c0ca1fffff","resolution":8,"footfall_idx":13,"avg_spend":25,"weekly_revenue":264273,"store_count":3,"opportunity_score":86},"geometry":{"type":"Polygon","coordinates":[[[-2.0815259890359963,52.47194780831374],[-2.0884159929211026,52.470669376174634],[-2.0895233751601556,52.46618435104524],[-2.0837416189751927,52.46297800435599],[-2.0768527032695245,52.46425644420677],[-2.0757444556820044,52.46874122301588],[-2.0815259890359963,52.47194780831374]]]}},{"type":"Feature","properties":{"h3_index":"88195c0ca3fffff","resolution":8,"footfall_idx":14,"avg_spend":29,"weekly_revenue":397854,"store_count":3,"opportunity_score":60},"geometry":{"type":"Polygon","coordinates":[[[-2.0768527032695245,52.46425644420677],[-2.0837416189751927,52.46297800435599],[-2.0848491827126012,52.45849273321474],[-2.079068695837792,52.455286148306755],[-2.072180868059612,52.45656459597729],[-2.0710724393413544,52.46104962071681],[-2.0768527032695245,52.46425644420677]]]}},{"type":"Feature","properties":{"h3_index":"88195c0cb5fffff","resolution":8,"footfall_idx":14,"avg_spend":33,"weekly_revenue":529786,"store_count":3,"opportunity_score":80},"geometry":{"type":"Polygon","coordinates":[[[-2.072180868059612,52.45656459597729],[-2.079068695837792,52.455286148306755],[-2.080176440892851,52.450800631295465],[-2.0743972228956853,52.44759380841867],[-2.0675104827930992,52.44887226401698],[-2.0664018731246445,52.45335753454506],[-2.072180868059612,52.45656459597729]]]}},{"type":"Feature","properties":{"h3_index":"88195c0cb7fffff","resolution":8,"footfall_idx":14,"avg_spend":25,"weekly_revenue":319728,"store_count":3,"opportunity_score":54},"geometry":{"type":"Polygon","coordinates":[[[-2.0675104827930992,52.44887226401698],[-2.0743972228956853,52.44759380841867],[-2.075505149087808,52.44310804567913],[-2.069727199536007,52.43990098508336],[-2.062841546857128,52.4411794487174],[-2.0617327564188708,52.445664964892266],[-2.0675104827930992,52.44887226401698]]]}},{"type":"Feature","properties":{"h3_index":"88195c7659fffff","resolution":8,"footfall_idx":14,"avg_spend":29,"weekly_revenue":438601,"store_count":3,"opportunity_score":74},"geometry":{"type":"Polygon","coordinates":[[[-2.062841546857128,52.4411794487174],[-2.069727199536007,52.43990098508336],[-2.0708353066847422,52.435414976757514],[-2.0650586251461287,52.4322076786926],[-2.0581740596391107,52.43348615047027],[-2.057065088611341,52.437971912150026],[-2.062841546857128,52.4411794487174]]]}},{"type":"Feature","properties":{"h3_index":"88195c765bfffff","resolution":8,"footfall_idx":14,"avg_spend":32,"weekly_revenue":379494,"store_count":3,"opportunity_score":48},"geometry":{"type":"Polygon","coordinates":[[[-2.0581740596391107,52.43348615047027],[-2.0650586251461287,52.4322076786926],[-2.066166913071164,52.42772142492238],[-2.060391499113791,52.42451388963816],[-2.053508020526823,52.42579236966733],[-2.052398869089652,52.43027837671003],[-2.0581740596391107,52.43348615047027]]]}},{"type":"Feature","properties":{"h3_index":"88195c392dfffff","resolution":8,"footfall_idx":14,"avg_spend":24,"weekly_revenue":340661,"store_count":3,"opportunity_score":68},"geometry":{"type":"Polygon","coordinates":[[[-2.053508020526823,52.42579236966733],[-2.060391499113791,52.42451388963816],[-2.061499967634938,52.420027390565565],[-2.0557258208269866,52.41681961831187],[-2.0488434289082966,52.41809810670032],[-2.047734097241738,52.42258435896399],[-2.053508020526823,52.42579236966733]]]}},{"type":"Feature","properties":{"h3_index":"88195c3921fffff","resolution":8,"footfall_idx":14,"avg_spend":28,"weekly_revenue":462818,"store_count":2,"opportunity_score":88},"geometry":{"type":"Polygon","coordinates":[[[-2.0488434289082966,52.41809810670032],[-2.0557258208269866,52.41681961831187],[-2.0568344697641887,52.41233287407893],[-2.051061589674014,52.409124865105575],[-2.0441802841718792,52.410403361961016],[-2.0430707724557933,52.414889859303635],[-2.0488434289082966,52.41809810670032]]]}},{"type":"Feature","properties":{"h3_index":"88195c3923fffff","resolution":8,"footfall_idx":14,"avg_spend":32,"weekly_revenue":424455,"store_count":2,"opportunity_score":62},"geometry":{"type":"Polygon","coordinates":[[[-2.0441802841718792,52.410403361961016],[-2.051061589674014,52.409124865105575],[-2.052170418847388,52.40463787585436],[-2.0463988050435375,52.40142963041114],[-2.039518585706234,52.402708135841245],[-2.038408894120334,52.40719487812076],[-2.0441802841718792,52.410403361961016]]]}},{"type":"Feature","properties":{"h3_index":"88195c3935fffff","resolution":8,"footfall_idx":14,"avg_spend":36,"weekly_revenue":561573,"store_count":2,"opportunity_score":82},"geometry":{"type":"Polygon","coordinates":[[[-2.039518585706234,52.402708135841245],[-2.0463988050435375,52.40142963041114],[-2.047507814273303,52.39694239628376],[-2.0417374663244274,52.393733914620476],[-2.0348583329002894,52.395012428732876],[-2.0337484616242074,52.399499415807156],[-2.039518585706234,52.402708135841245]]]}},{"type":"Feature","properties":{"h3_index":"88195c3937fffff","resolution":8,"footfall_idx":15,"avg_spend":27,"weekly_revenue":356813,"store_count":2,"opportunity_score":55},"geometry":{"type":"Polygon","coordinates":[[[-2.0348583329002894,52.395012428732876],[-2.0417374663244274,52.393733914620476],[-2.04284665543093,52.38924643575917],[-2.037077572905956,52.38603771812556],[-2.0301995251433573,52.3873162410278],[-2.0290894743564993,52.39180347275469],[-2.0348583329002894,52.395012428732876]]]}},{"type":"Feature","properties":{"h3_index":"88195c76d9fffff","resolution":8,"footfall_idx":15,"avg_spend":31,"weekly_revenue":487230,"store_count":2,"opportunity_score":75},"geometry":{"type":"Polygon","coordinates":[[[-2.0301995251433573,52.3873162410278],[-2.037077572905956,52.38603771812556],[-2.0381869417096663,52.38154999467252],[-2.0324191241776064,52.37834104131837],[-2.0255421618249243,52.37961957311795],[-2.0244319317066535,52.38410704935523],[-2.0301995251433573,52.3873162410278]]]}},{"type":"Feature","properties":{"h3_index":"88195c39e5fffff","resolution":8,"footfall_idx":21,"avg_spend":35,"weekly_revenue":598726,"store_count":2,"opportunity_score":47},"geometry":{"type":"Polygon","coordinates":[[[-2.0175545118130613,52.385384851162215],[-2.0244319317066535,52.38410704935523],[-2.0255421618249243,52.37961957311795],[-2.019775833064418,52.3764101460007],[-2.012899498629532,52.37768795689956],[-2.0117884076087384,52.38217518580471],[-2.0175545118130613,52.385384851162215]]]}},{"type":"Feature","properties":{"h3_index":"88195c39e1fffff","resolution":8,"footfall_idx":26,"avg_spend":27,"weekly_revenue":688929,"store_count":2,"opportunity_score":64},"geometry":{"type":"Polygon","coordinates":[[[-2.0049116161400846,52.38345226675411],[-2.0117884076087384,52.38217518580471],[-2.012899498629532,52.37768795689956],[-2.007134658784391,52.37447805637317],[-2.0002589528228514,52.375755146608945],[-1.9991470013116557,52.38024212806567],[-2.0049116161400846,52.38345226675411]]]}},{"type":"Feature","properties":{"h3_index":"88195c39ebfffff","resolution":8,"footfall_idx":30,"avg_spend":31,"weekly_revenue":1067796,"store_count":3,"opportunity_score":80},"geometry":{"type":"Polygon","coordinates":[[[-1.9922708388234018,52.38151848839523],[-1.9991470013116557,52.38024212806567],[-2.0002589528228514,52.375755146608945],[-1.994495602036325,52.37254477302738],[-1.9876205251032049,52.37382114283778],[-1.9865077135137947,52.37830787672989],[-1.9922708388234018,52.38151848839523]]]}},{"type":"Feature","properties":{"h3_index":"88195c39c7fffff","resolution":8,"footfall_idx":35,"avg_spend":35,"weekly_revenue":1120819,"store_count":3,"opportunity_score":55},"geometry":{"type":"Polygon","coordinates":[[[-1.9796321805608805,52.37958351667748],[-1.9865077135137947,52.37830787672989],[-1.9876205251032049,52.37382114283778],[-1.981858663517961,52.37061029655501],[-1.9749842161678126,52.37188594617788],[-1.9738705449124796,52.37637243238923],[-1.9796321805608805,52.37958351667748]]]}},{"type":"Feature","properties":{"h3_index":"88195c39c3fffff","resolution":8,"footfall_idx":38,"avg_spend":26,"weekly_revenue":1068761,"store_count":3,"opportunity_score":70},"geometry":{"type":"Polygon","coordinates":[[[-1.9669956420493682,52.37764735219279],[-1.9738705449124796,52.37637243238923],[-1.9749842161678126,52.37188594617788],[-1.9692238439260017,52.368674627547854],[-1.9623500267128908,52.36994955722112],[-1.961235496203975,52.374435795635705],[-1.9669956420493682,52.37764735219279]]]}},{"type":"Feature","properties":{"h3_index":"88195c39ddfffff","resolution":8,"footfall_idx":40,"avg_spend":30,"weekly_revenue":1018234,"store_count":3,"opportunity_score":48},"geometry":{"type":"Polygon","coordinates":[[[-1.9543612239846488,52.375709995533256],[-1.961235496203975,52.374435795635705],[-1.9623500267128908,52.36994955722112],[-1.9565911439560482,52.3667377665978],[-1.9497179574335755,52.368011976559465],[-1.9486025680835084,52.372497967061356],[-1.9543612239846488,52.375709995533256]]]}},{"type":"Feature","properties":{"h3_index":"88195c39d9fffff","resolution":8,"footfall_idx":42,"avg_spend":34,"weekly_revenue":1449871,"store_count":3,"opportunity_score":63},"geometry":{"type":"Polygon","coordinates":[[[-1.941728927061448,52.37377144729103],[-1.9486025680835084,52.372497967061356],[-1.9497179574335755,52.368011976559465],[-1.9439605643026405,52.36479971429684],[-1.9370880090239235,52.36607320478501],[-1.9359717612452207,52.37055894725837],[-1.941728927061448,52.37377144729103]]]}},{"type":"Feature","properties":{"h3_index":"88195c38e5fffff","resolution":8,"footfall_idx":42,"avg_spend":26,"weekly_revenue":1290856,"store_count":8,"opportunity_score":42},"geometry":{"type":"Polygon","coordinates":[[[-1.9290987519734288,52.371831708058394],[-1.9359717612452207,52.37055894725837],[-1.9370880090239235,52.36607320478501],[-1.9313321056593438,52.36286047123707],[-1.9244601821769627,52.36413324248996],[-1.9233430763822115,52.36861873681902],[-1.9290987519734288,52.371831708058394]]]}},{"type":"Feature","properties":{"h3_index":"88195c38e1fffff","resolution":8,"footfall_idx":41,"avg_spend":30,"weekly_revenue":1167134,"store_count":8,"opportunity_score":59},"geometry":{"type":"Polygon","coordinates":[[[-1.9164706994132046,52.36989077842774],[-1.9233430763822115,52.36861873681902],[-1.9244601821769627,52.36413324248996],[-1.9187057687185676,52.36092003801067],[-1.9118344775846727,52.36219209026659],[-1.9107165141865348,52.36667733633567],[-1.9164706994132046,52.36989077842774]]]}},{"type":"Feature","properties":{"h3_index":"88195c38ebfffff","resolution":8,"footfall_idx":39,"avg_spend":33,"weekly_revenue":1435876,"store_count":7,"opportunity_score":77},"geometry":{"type":"Polygon","coordinates":[[[-1.9038447700723298,52.36794865899147],[-1.9107165141865348,52.36667733633567],[-1.9118344775846727,52.36219209026659],[-1.9060815541717107,52.35897841520995],[-1.8992108959379217,52.36024974870725],[-1.8980920753491433,52.36473474640082],[-1.9038447700723298,52.36794865899147]]]}},{"type":"Feature","properties":{"h3_index":"88195c38c7fffff","resolution":8,"footfall_idx":35,"avg_spend":25,"weekly_revenue":772156,"store_count":7,"opportunity_score":57},"geometry":{"type":"Polygon","coordinates":[[[-1.8912209646412648,52.36600535034221],[-1.8980920753491433,52.36473474640082],[-1.8992108959379217,52.36024974870725],[-1.8934594627091088,52.357035603427256],[-1.8865894379265589,52.358306218404465],[-1.885469760560008,52.36279096760699],[-1.8912209646412648,52.36600535034221]]]}},{"type":"Feature","properties":{"h3_index":"88195c38c3fffff","resolution":8,"footfall_idx":31,"avg_spend":33,"weekly_revenue":1073383,"store_count":7,"opportunity_score":76},"geometry":{"type":"Polygon","coordinates":[[[-1.8785992838094738,52.3640608530726],[-1.885469760560008,52.36279096760699],[-1.8865894379265589,52.358306218404465],[-1.8808394950200524,52.355091603255104],[-1.8739701042393937,52.356361499950765],[-1.8728495705079384,52.36084600054689],[-1.8785992838094738,52.3640608530726]]]}},{"type":"Feature","properties":{"h3_index":"88195c38ddfffff","resolution":8,"footfall_idx":29,"avg_spend":37,"weekly_revenue":875608,"store_count":6,"opportunity_score":54},"geometry":{"type":"Polygon","coordinates":[[[-1.865979728265325,52.36211516777541],[-1.8728495705079384,52.36084600054689],[-1.8739701042393937,52.356361499950765],[-1.8682216517927528,52.35314641528605],[-1.86135289556418,52.35441559393886],[-1.8602315058807832,52.358899845813255],[-1.865979728265325,52.36211516777541]]]}},{"type":"Feature","properties":{"h3_index":"88195c38d9fffff","resolution":8,"footfall_idx":26,"avg_spend":28,"weekly_revenue":715496,"store_count":6,"opportunity_score":73},"geometry":{"type":"Polygon","coordinates":[[[-1.853362298696139,52.36016829504346],[-1.8602315058807832,52.358899845813255],[-1.86135289556418,52.35441559393886],[-1.8556059337143942,52.35120004011279],[-1.8487378125875487,52.352468500961486],[-1.8476155673652914,52.35695250399895],[-1.853362298696139,52.36016829504346]]]}},{"type":"Feature","properties":{"h3_index":"88195c2365fffff","resolution":8,"footfall_idx":22,"avg_spend":32,"weekly_revenue":809327,"store_count":6,"opportunity_score":51},"geometry":{"type":"Polygon","coordinates":[[[-1.840746995788191,52.35822023546971],[-1.8476155673652914,52.35695250399895],[-1.8487378125875487,52.352468500961486],[-1.8429923414710698,52.349252478328076],[-1.8361248559951635,52.35052022161152],[-1.8350017556471585,52.355003975696924],[-1.840746995788191,52.35822023546971]]]}},{"type":"Feature","properties":{"h3_index":"88195c2361fffff","resolution":8,"footfall_idx":18,"avg_spend":37,"weekly_revenue":610322,"store_count":5,"opportunity_score":72},"geometry":{"type":"Polygon","coordinates":[[[-1.8281338202266764,52.35627098964723],[-1.8350017556471585,52.355003975696924],[-1.8361248559951635,52.35052022161152],[-1.8303808757478364,52.34730373052478],[-1.8235140264715433,52.34857075648194],[-1.8223900714110242,52.35305426150025],[-1.8281338202266764,52.35627098964723]]]}},{"type":"Feature","properties":{"h3_index":"88195c236bfffff","resolution":8,"footfall_idx":16,"avg_spend":27,"weekly_revenue":467936,"store_count":5,"opportunity_score":47},"geometry":{"type":"Polygon","coordinates":[[[-1.8155227726957621,52.35432055816915],[-1.8223900714110242,52.35305426150025],[-1.8235140264715433,52.34857075648194],[-1.8177715372287073,52.34535379729589],[-1.8109053247002502,52.34662010616578],[-1.8097805153404887,52.35110336200202],[-1.8155227726957621,52.35432055816915]]]}},{"type":"Feature","properties":{"h3_index":"88195c2347fffff","resolution":8,"footfall_idx":16,"avg_spend":23,"weekly_revenue":312790,"store_count":5,"opportunity_score":67},"geometry":{"type":"Polygon","coordinates":[[[-1.8029138538785352,52.35236894162869],[-1.8097805153404887,52.35110336200202],[-1.8109053247002502,52.34662010616578],[-1.805164326596611,52.343402679234416],[-1.7982987513637099,52.34466827125618],[-1.7971730881180763,52.34915127779552],[-1.8029138538785352,52.35236894162869]]]}},{"type":"Feature","properties":{"h3_index":"88195c2341fffff","resolution":8,"footfall_idx":16,"avg_spend":26,"weekly_revenue":422972,"store_count":5,"opportunity_score":86},"geometry":{"type":"Polygon","coordinates":[[[-1.7949212532144723,52.35811655545669],[-1.801788363401042,52.356851705115446],[-1.8029138538785352,52.35236894162869],[-1.7971730881180763,52.34915127779552],[-1.790307064457031,52.350416140619224],[-1.789180720143661,52.35489865477494],[-1.7949212532144723,52.35811655545669]]]}},{"type":"Feature","properties":{"h3_index":"88195c2349fffff","resolution":8,"footfall_idx":16,"avg_spend":30,"weekly_revenue":568103,"store_count":4,"opportunity_score":61},"geometry":{"type":"Polygon","coordinates":[[[-1.7869275227795949,52.363862947512146],[-1.7937950814817012,52.36259882649851],[-1.7949212532144723,52.35811655545669],[-1.789180720143661,52.35489865477494],[-1.78231424826351,52.35616278835844],[-1.781187222745007,52.36064481003512],[-1.7869275227795949,52.363862947512146]]]}},{"type":"Feature","properties":{"h3_index":"88195c31a3fffff","resolution":8,"footfall_idx":16,"avg_spend":23,"weekly_revenue":349723,"store_count":4,"opportunity_score":80},"geometry":{"type":"Polygon","coordinates":[[[-1.7789326626455582,52.36960811765772],[-1.7858006696540158,52.36834472601371],[-1.7869275227795949,52.363862947512146],[-1.781187222745007,52.36064481003512],[-1.7743203028549197,52.36190821433637],[-1.7731925959939152,52.36638974343873],[-1.7789326626455582,52.36960811765772]]]}},{"type":"Feature","properties":{"h3_index":"88195c31abfffff","resolution":8,"footfall_idx":16,"avg_spend":26,"weekly_revenue":464722,"store_count":4,"opportunity_score":55},"geometry":{"type":"Polygon","coordinates":[[[-1.7709366728843154,52.37535206575617],[-1.77780512798972,52.37408940352372],[-1.7789326626455582,52.36960811765772],[-1.7731925959939152,52.36638974343873],[-1.7663252283032387,52.36765241841578],[-1.7651968399624092,52.37213345484855],[-1.7709366728843154,52.37535206575617]]]}},{"type":"Feature","properties":{"h3_index":"88195c3185fffff","resolution":8,"footfall_idx":16,"avg_spend":29,"weekly_revenue":410133,"store_count":4,"opportunity_score":75},"geometry":{"type":"Polygon","coordinates":[[[-1.7629395535679226,52.38109479167043],[-1.769808456560752,52.3798328588914],[-1.7709366728843154,52.37535206575617],[-1.7651968399624092,52.37213345484855],[-1.758329024680612,52.373395400459586],[-1.7571999547226658,52.37787594412758],[-1.7629395535679226,52.38109479167043]]]}},{"type":"Feature","properties":{"h3_index":"88195c318dfffff","resolution":8,"footfall_idx":16,"avg_spend":22,"weekly_revenue":369845,"store_count":4,"opportunity_score":49},"geometry":{"type":"Polygon","coordinates":[[[-1.7549413047686924,52.38683629526362],[-1.7618106554392934,52.38557509197973],[-1.7629395535679226,52.38109479167043],[-1.7571999547226658,52.37787594412758],[-1.750331692059432,52.37913716033084],[-1.749201940347128,52.38361721113894],[-1.7549413047686924,52.38683629526362]]]}},{"type":"Feature","properties":{"h3_index":"88195c31c7fffff","resolution":8,"footfall_idx":17,"avg_spend":25,"weekly_revenue":347430,"store_count":4,"opportunity_score":68},"geometry":{"type":"Polygon","coordinates":[[[-1.7469419265590973,52.39257657639904],[-1.7538117246976044,52.39131610265193],[-1.7549413047686924,52.38683629526362],[-1.749201940347128,52.38361721113894],[-1.7423332305122377,52.38487769789281],[-1.7412027969083763,52.38935725574596],[-1.7469419265590973,52.39257657639904]]]}},{"type":"Feature","properties":{"h3_index":"88195c31c1fffff","resolution":8,"footfall_idx":17,"avg_spend":29,"weekly_revenue":485245,"store_count":4,"opportunity_score":88},"geometry":{"type":"Polygon","coordinates":[[[-1.7389414190118349,52.39831563494012],[-1.7458116644082775,52.397055890771334],[-1.7469419265590973,52.39257657639904],[-1.7412027969083763,52.38935725574596],[-1.7343336401117746,52.3906170130089],[-1.733202524479198,52.39509607781212],[-1.7389414190118349,52.39831563494012]]]}},{"type":"Feature","properties":{"h3_index":"88195c31c9fffff","resolution":8,"footfall_idx":17,"avg_spend":22,"weekly_revenue":430495,"store_count":4,"opportunity_score":62},"geometry":{"type":"Polygon","coordinates":[[[-1.7309397821997492,52.40405347075049],[-1.737810474643998,52.402794456201455],[-1.7389414190118349,52.39831563494012],[-1.733202524479198,52.39509607781212],[-1.726332920930992,52.39635510554268],[-1.7252011231325988,52.40083367720108],[-1.7309397821997492,52.40405347075049]]]}},{"type":"Feature","properties":{"h3_index":"88195c3023fffff","resolution":8,"footfall_idx":17,"avg_spend":25,"weekly_revenue":390083,"store_count":4,"opportunity_score":82},"geometry":{"type":"Polygon","coordinates":[[[-1.7229370161959685,52.409790083693956],[-1.729808155477699,52.40853179880601],[-1.7309397821997492,52.40405347075049],[-1.7252011231325988,52.40083367720108],[-1.7183310730430683,52.402091975357926],[-1.7171985929417701,52.40657005377665],[-1.7229370161959685,52.409790083693956]]]}},{"type":"Feature","properties":{"h3_index":"88195c302bfffff","resolution":8,"footfall_idx":17,"avg_spend":28,"weekly_revenue":516284,"store_count":3,"opportunity_score":56},"geometry":{"type":"Polygon","coordinates":[[[-1.7149331210737495,52.41552547363445],[-1.7218047069825144,52.41426791844886],[-1.7229370161959685,52.409790083693956],[-1.7171985929417701,52.40657005377665],[-1.710328096521315,52.40782762231855],[-1.7091949339800776,52.41230520740284],[-1.7149331210737495,52.41552547363445]]]}},{"type":"Feature","properties":{"h3_index":"88195c3005fffff","resolution":8,"footfall_idx":17,"avg_spend":21,"weekly_revenue":303956,"store_count":3,"opportunity_score":76},"geometry":{"type":"Polygon","coordinates":[[[-1.7069280969065348,52.42125964043614],[-1.7138001292317369,52.42000281499401],[-1.7149331210737495,52.41552547363445],[-1.7091949339800776,52.41230520740284],[-1.7023239914392982,52.413562046288654],[-1.7011901463211323,52.41803913794381],[-1.7069280969065348,52.42125964043614]]]}},{"type":"Feature","properties":{"h3_index":"88195c300dfffff","resolution":8,"footfall_idx":17,"avg_spend":25,"weekly_revenue":432737,"store_count":3,"opportunity_score":51},"geometry":{"type":"Polygon","coordinates":[[[-1.6989219437680274,52.4269925839633],[-1.7057944222988755,52.42573648830568],[-1.7069280969065348,52.42125964043614],[-1.7011901463211323,52.41803913794381],[-1.6943187578707213,52.41929524713251],[-1.6931842300386974,52.42377184526387],[-1.6989219437680274,52.4269925839633]]]}},{"type":"Feature","properties":{"h3_index":"88195c3047fffff","resolution":8,"footfall_idx":17,"avg_spend":28,"weekly_revenue":564056,"store_count":3,"opportunity_score":70},"geometry":{"type":"Polygon","coordinates":[[[-1.6909146617320543,52.43272430408043],[-1.697787586257668,52.43146893824824],[-1.6989219437680274,52.4269925839633],[-1.6931842300386974,52.42377184526387],[-1.6863123958895478,52.425027224714526],[-1.6851771852067465,52.42950332922756],[-1.6909146617320543,52.43272430408043]]]}},{"type":"Feature","properties":{"h3_index":"88195c3041fffff","resolution":8,"footfall_idx":17,"avg_spend":21,"weekly_revenue":339785,"store_count":3,"opportunity_score":90},"geometry":{"type":"Polygon","coordinates":[[[-1.6829062508727128,52.438454800652146],[-1.6897796211820144,52.437200164686224],[-1.6909146617320543,52.43272430408043],[-1.6851771852067465,52.42950332922756],[-1.6783049055699135,52.4307579788993],[-1.677169011899459,52.43523358969951],[-1.6829062508727128,52.438454800652146]]]}},{"type":"Feature","properties":{"h3_index":"88195c3049fffff","resolution":8,"footfall_idx":17,"avg_spend":31,"weekly_revenue":589484,"store_count":3,"opportunity_score":64},"geometry":{"type":"Polygon","coordinates":[[[-1.6748967112642532,52.444184073543255],[-1.6817705271460095,52.44293016748435],[-1.6829062508727128,52.438454800652146],[-1.677169011899459,52.43523358969951],[-1.6702962869861189,52.43648750955164],[-1.6691597101912132,52.4409626265446],[-1.6748967112642532,52.444184073543255]]]}},{"type":"Feature","properties":{"h3_index":"88195c3223fffff","resolution":8,"footfall_idx":17,"avg_spend":35,"weekly_revenue":526785,"store_count":3,"opportunity_score":84},"geometry":{"type":"Polygon","coordinates":[[[-1.6668860429811194,52.44991212261874],[-1.6737603042239506,52.44865894650747],[-1.6748967112642532,52.444184073543255],[-1.6691597101912132,52.4409626265446],[-1.6622865402127105,52.442215816536454],[-1.6611492801565702,52.44669043962781],[-1.6668860429811194,52.44991212261874]]]}},{"type":"Feature","properties":{"h3_index":"88195c322bfffff","resolution":8,"footfall_idx":18,"avg_spend":26,"weekly_revenue":492401,"store_count":3,"opportunity_score":58},"geometry":{"type":"Polygon","coordinates":[[[-1.6588742460979906,52.45563894774374],[-1.6657489524903644,52.45438650162067],[-1.6668860429811194,52.44991212261874],[-1.6611492801565702,52.44669043962781],[-1.6542756653244275,52.447942899718846],[-1.653137721870295,52.45241702881432],[-1.6588742460979906,52.45563894774374]]]}},{"type":"Feature","properties":{"h3_index":"88195c3229fffff","resolution":8,"footfall_idx":18,"avg_spend":30,"weekly_revenue":442220,"store_count":2,"opportunity_score":77},"geometry":{"type":"Polygon","coordinates":[[[-1.663474257548349,52.46333452135625],[-1.6703500557588908,52.46208208909411],[-1.6714869765090876,52.45760795432252],[-1.6657489524903644,52.45438650162067],[-1.6588742460979906,52.45563894774374],[-1.657736472019899,52.46011283268916],[-1.663474257548349,52.46333452135625]]]}},{"type":"Feature","properties":{"h3_index":"88195c3267fffff","resolution":8,"footfall_idx":18,"avg_spend":34,"weekly_revenue":603257,"store_count":2,"opportunity_score":52},"geometry":{"type":"Polygon","coordinates":[[[-1.6680757002839266,52.4710296201676],[-1.6749525905706335,52.469777201659305],[-1.6760893414049127,52.4653033112589],[-1.6703500557588908,52.46208208909411],[-1.663474257548349,52.46333452135625],[-1.6623366530214547,52.46780816201073],[-1.6680757002839266,52.4710296201676]]]}},{"type":"Feature","properties":{"h3_index":"88195c3265fffff","resolution":8,"footfall_idx":18,"avg_spend":38,"weekly_revenue":788310,"store_count":2,"opportunity_score":72},"geometry":{"type":"Polygon","coordinates":[[[-1.6726785749134592,52.478724243789046],[-1.679556557534344,52.47747183892746],[-1.6806931382772663,52.47299819303908],[-1.6749525905706335,52.469777201659305],[-1.6680757002839266,52.4710296201676],[-1.6669382654834777,52.47550301639036],[-1.6726785749134592,52.478724243789046]]]}},{"type":"Feature","properties":{"h3_index":"88195ca9b3fffff","resolution":8,"footfall_idx":18,"avg_spend":30,"weekly_revenue":496415,"store_count":2,"opportunity_score":46},"geometry":{"type":"Polygon","coordinates":[[[-1.6772828820459822,52.48641839183191],[-1.6841619572591315,52.48516600050977],[-1.6852983677350755,52.48069259927423],[-1.679556557534344,52.47747183892746],[-1.6726785749134592,52.478724243789046],[-1.6715413100148988,52.483197395439305],[-1.6772828820459822,52.48641839183191]]]}},{"type":"Feature","properties":{"h3_index":"88195ca9b1fffff","resolution":8,"footfall_idx":18,"avg_spend":34,"weekly_revenue":664678,"store_count":2,"opportunity_score":66},"geometry":{"type":"Polygon","coordinates":[[[-1.6818886222908387,52.494112063907515],[-1.6887687903543476,52.4928596860176],[-1.6899050303876042,52.48838652957556],[-1.6841619572591315,52.48516600050977],[-1.6772828820459822,52.48641839183191],[-1.6761457872248386,52.49089129876895],[-1.6818886222908387,52.494112063907515]]]}},{"type":"Feature","properties":{"h3_index":"88195ca9bdfffff","resolution":8,"footfall_idx":18,"avg_spend":38,"weekly_revenue":583357,"store_count":2,"opportunity_score":85},"geometry":{"type":"Polygon","coordinates":[[[-1.6864957962576805,52.50180525962723],[-1.693377057429702,52.50055289506219],[-1.6945131268444151,52.49607998355438],[-1.6887687903543476,52.4928596860176],[-1.6818886222908387,52.494112063907515],[-1.6807516977227865,52.4985847259907],[-1.6864957962576805,52.50180525962723]]]}},{"type":"Feature","properties":{"h3_index":"88195ca9abfffff","resolution":8,"footfall_idx":18,"avg_spend":29,"weekly_revenue":532257,"store_count":2,"opportunity_score":60},"geometry":{"type":"Polygon","coordinates":[[[-1.6911044045564456,52.509497978602504],[-1.6979867590951712,52.508245627254944],[-1.6991226577153253,52.503772960822],[-1.693377057429702,52.50055289506219],[-1.6864957962576805,52.50180525962723],[-1.6853590421185123,52.506277676715946],[-1.6911044045564456,52.509497978602504]]]}},{"type":"Feature","properties":{"h3_index":"88195ca9a9fffff","resolution":8,"footfall_idx":18,"avg_spend":33,"weekly_revenue":704743,"store_count":2,"opportunity_score":79},"geometry":{"type":"Polygon","coordinates":[[[-1.6957144477974035,52.517190220444746],[-1.7025978959610715,52.51593788220721],[-1.703733623610547,52.51146546098971],[-1.6979867590951712,52.508245627254944],[-1.6911044045564456,52.509497978602504],[-1.6899678210221323,52.513970150556126],[-1.6957144477974035,52.517190220444746]]]}},{"type":"Feature","properties":{"h3_index":"88195ca9e7fffff","resolution":8,"footfall_idx":18,"avg_spend":37,"weekly_revenue":634846,"store_count":1,"opportunity_score":54},"geometry":{"type":"Polygon","coordinates":[[[-1.700325926591122,52.52488198476544],[-1.7072104686379839,52.52362965953044],[-1.7083460251405431,52.51915748366892],[-1.7025978959610715,52.51593788220721],[-1.6957144477974035,52.517190220444746],[-1.694578035044033,52.521662147122754],[-1.700325926591122,52.52488198476544]]]}},{"type":"Feature","properties":{"h3_index":"88195ca9e5fffff","resolution":8,"footfall_idx":18,"avg_spend":28,"weekly_revenue":564485,"store_count":1,"opportunity_score":74},"geometry":{"type":"Polygon","coordinates":[[[-1.704938841548464,52.53257327117612],[-1.7118244777368543,52.53132095883607],[-1.7129598629160938,52.52684902847102],[-1.7072104686379839,52.52362965953044],[-1.700325926591122,52.52488198476544],[-1.699189684794871,52.529353666027376],[-1.704938841548464,52.53257327117612]]]}},{"type":"Feature","properties":{"h3_index":"88195ca933fffff","resolution":8,"footfall_idx":18,"avg_spend":32,"weekly_revenue":510795,"store_count":6,"opportunity_score":48},"geometry":{"type":"Polygon","coordinates":[[[-1.7095531932806218,52.54026407928832],[-1.7164399238688712,52.53901177973561],[-1.7175751375482482,52.53454009500751],[-1.7118244777368543,52.53132095883607],[-1.704938841548464,52.53257327117612],[-1.7038027708856824,52.53704470688153],[-1.7095531932806218,52.54026407928832]]]}},{"type":"Feature","properties":{"h3_index":"88195ca931fffff","resolution":8,"footfall_idx":19,"avg_spend":37,"weekly_revenue":740670,"store_count":6,"opportunity_score":67},"geometry":{"type":"Polygon","coordinates":[[[-1.7141689823990534,52.547954408713636],[-1.7210568076455597,52.546702121840575],[-1.7221918496484196,52.542230682889794],[-1.7164399238688712,52.53901177973561],[-1.7095531932806218,52.54026407928832],[-1.708417293927776,52.54473526929684],[-1.7141689823990534,52.547954408713636]]]}},{"type":"Feature","properties":{"h3_index":"88195ca93dfffff","resolution":8,"footfall_idx":19,"avg_spend":28,"weekly_revenue":436437,"store_count":6,"opportunity_score":87},"geometry":{"type":"Polygon","coordinates":[[[-1.7187862095155733,52.5556442590637],[-1.7256751296787631,52.55439198476254],[-1.7268099998283182,52.549920791729434],[-1.7210568076455597,52.546702121840575],[-1.7141689823990534,52.547954408713636],[-1.7130332545327818,52.55242535288491],[-1.7187862095155733,52.5556442590637]]]}},{"type":"Feature","properties":{"h3_index":"88195ca92bfffff","resolution":8,"footfall_idx":19,"avg_spend":32,"weekly_revenue":600192,"store_count":6,"opportunity_score":62},"geometry":{"type":"Polygon","coordinates":[[[-1.7234048752422477,52.56333362995017],[-1.7302948905805984,52.56208136811309],[-1.7314295886999174,52.557610421138],[-1.7256751296787631,52.55439198476254],[-1.7187862095155733,52.5556442590637],[-1.7176506533125906,52.56011495725744],[-1.7234048752422477,52.56333362995017]]]}},{"type":"Feature","properties":{"h3_index":"88195ca929fffff","resolution":8,"footfall_idx":19,"avg_spend":36,"weekly_revenue":789298,"store_count":6,"opportunity_score":81},"geometry":{"type":"Polygon","coordinates":[[[-1.7280249801915146,52.57102252098473],[-1.7349160909635128,52.56977027150391],[-1.7360506168755632,52.56529957072704],[-1.7302948905805984,52.56208136811309],[-1.7234048752422477,52.56333362995017],[-1.7222694908794502,52.567804082026136],[-1.7280249801915146,52.57102252098473]]]}},{"type":"Feature","properties":{"h3_index":"88195ca967fffff","resolution":8,"footfall_idx":20,"avg_spend":27,"weekly_revenue":497195,"store_count":6,"opportunity_score":55},"geometry":{"type":"Polygon","coordinates":[[[-1.732646524976073,52.578710931779106],[-1.7395387314402662,52.57745869454661],[-1.7406730849678238,52.5729882401082],[-1.7349160909635128,52.56977027150391],[-1.7280249801915146,52.57102252098473],[-1.7268897678459003,52.5754927268027],[-1.732646524976073,52.578710931779106]]]}},{"type":"Feature","properties":{"h3_index":"88195ca965fffff","resolution":8,"footfall_idx":21,"avg_spend":31,"weekly_revenue":707975,"store_count":6,"opportunity_score":74},"geometry":{"type":"Polygon","coordinates":[[[-1.737269510208933,52.586398861945106],[-1.74416281262391,52.585146636852954],[-1.7452969935896527,52.58067642889316],[-1.7395387314402662,52.57745869454661],[-1.732646524976073,52.578710931779106],[-1.731511484824795,52.583180891198964],[-1.737269510208933,52.586398861945106]]]}},{"type":"Feature","properties":{"h3_index":"88195c14b3fffff","resolution":8,"footfall_idx":22,"avg_spend":35,"weekly_revenue":657816,"store_count":6,"opportunity_score":49},"geometry":{"type":"Polygon","coordinates":[[[-1.7418939365034112,52.59408631109447],[-1.7487883351277986,52.59283409803465],[-1.7499223433542739,52.58836413669359],[-1.74416281262391,52.585146636852954],[-1.737269510208933,52.586398861945106],[-1.7361346424292539,52.590868574826715],[-1.7418939365034112,52.59408631109447]]]}}]}