{"type": "FeatureCollection", "features": [{"type": "Feature", "properties": {"oa_code": "E00100001", "population": 350, "households": 191, "area_sqkm": 0.782, "neighbourhood": "Northfield", "pop_density": 273.1, "retail_score": 35.9}, "geometry": {"type": "Polygon", "coordinates": [[[-1.9677211464030846, 52.38405002151044], [-1.9554499413632622, 52.3844464214763], [-1.9545270575716724, 52.393353398974845], [-1.9672156408645907, 52.39217387766526], [-1.9681561563606298, 52.384059594438874]]]}}, {"type": "Feature", "properties": {"oa_code": "E00100002", "population": 397, "households": 143, "area_sqkm": 0.782, "neighbourhood": "Northfield", "pop_density": 309.8, "retail_score": 46.9}, "geometry": {"type": "Polygon", "coordinates": [[[-1.9547002311244415, 52.3850898829612], [-1.9425591187559192, 52.38517853136775], [-1.941381139086645, 52.39201299751936], [-1.9543883614963349, 52.39339627878998], [-1.9553194989669644, 52.38431095899962]]]}}, {"type": "Feature", "properties": {"oa_code": "E00100003", "population": 372, "households": 139, "area_sqkm": 0.782, "neighbourhood": "Northfield", "pop_density": 290.3, "retail_score": 66.2}, "geometry": {"type": "Polygon", "coordinates": [[[-1.9818145083132401, 52.392193432753665], [-1.9673050112673054, 52.39320745206273], [-1.9673857434534516, 52.40145946357339], [-1.980927543817091, 52.401946231527965], [-1.9812429312455837, 52.39310408126255]]]}}, {"type": "Feature", "properties": {"oa_code": "E00100004", "population": 304, "households": 140, "area_sqkm": 0.782, "neighbourhood": "Northfield", "pop_density": 237.2, "retail_score": 36.8}, "geometry": {"type": "Polygon", "coordinates": [[[-1.9675908563275706, 52.39209164876731], [-1.9555442034486974, 52.392578775927205], [-1.9558404160461533, 52.40046558177273], [-1.9687979971411809, 52.40055594720622], [-1.9677286311114717, 52.392729664357944]]]}}, {"type": "Feature", "properties": {"oa_code": "E00100005", "population": 293, "households": 110, "area_sqkm": 0.782, "neighbourhood": "Northfield", "pop_density": 228.7, "retail_score": 82.1}, "geometry": {"type": "Polygon", "coordinates": [[[-1.9554660443559022, 52.393873309175426], [-1.9417039292295075, 52.39321826201134], [-1.9426577227036044, 52.401458253595905], [-1.9556731950124766, 52.40075891088352], [-1.9540209532987274, 52.393279999519706]]]}}, {"type": "Feature", "properties": {"oa_code": "E00100006", "population": 312, "households": 114, "area_sqkm": 0.782, "neighbourhood": "Northfield", "pop_density": 243.5, "retail_score": 56.7}, "geometry": {"type": "Polygon", "coordinates": [[[-1.9425419038560725, 52.39206420048781], [-1.9293690939038826, 52.39253548175195], [-1.9295780343128281, 52.40188581942867], [-1.9412472647470553, 52.4006293557616], [-1.9416891226694108, 52.392791263802124]]]}}, {"type": "Feature", "properties": {"oa_code": "E00100007", "population": 320, "households": 167, "area_sqkm": 0.782, "neighbourhood": "Solihull border", "pop_density": 249.7, "retail_score": 70.2}, "geometry": {"type": "Polygon", "coordinates": [[[-1.7994702396670057, 52.39249325501539], [-1.7858772637316755, 52.39252548321705], [-1.7858308280195547, 52.40179564576721], [-1.799201198989721, 52.40043864151832], [-1.7980049247870116, 52.393019052587356]]]}}, {"type": "Feature", "properties": {"oa_code": "E00100008", "population": 315, "households": 126, "area_sqkm": 0.782, "neighbourhood": "Solihull border", "pop_density": 245.8, "retail_score": 63.0}, "geometry": {"type": "Polygon", "coordinates": [[[-1.785415841271276, 52.3928443199336], [-1.773872944587698, 52.39276323857301], [-1.7720077572395216, 52.401058228690204], [-1.7850578432447746, 52.40172155940447], [-1.786977037956116, 52.39344144363872]]]}}, {"type": "Feature", "properties": {"oa_code": "E00100009", "population": 425, "households": 202, "area_sqkm": 0.782, "neighbourhood": "Northfield", "pop_density": 331.7, "retail_score": 71.1}, "geometry": {"type": "Polygon", "coordinates": [[[-1.9814663496200953, 52.40128192359716], [-1.9687768956528087, 52.40086953050134], [-1.968092552587342, 52.40990763185505], [-1.9802482941192439, 52.40852677810151], [-1.9809988277738997, 52.40035730376106]]]}}, {"type": "Feature", "properties": {"oa_code": "E00100010", "population": 359, "households": 134, "area_sqkm": 0.782, "neighbourhood": "Northfield", "pop_density": 280.2, "retail_score": 86.5}, "geometry": {"type": "Polygon", "coordinates": [[[-1.967782059577124, 52.4003056785371], [-1.9544749783998503, 52.401078758060244], [-1.9544427470427395, 52.409060707344395], [-1.9689988562077445, 52.40864831211402], [-1.9689610465152287, 52.401858197232535]]]}}, {"type": "Feature", "properties": {"oa_code": "E00100011", "population": 350, "households": 169, "area_sqkm": 0.782, "neighbourhood": "Northfield", "pop_density": 273.1, "retail_score": 89.8}, "geometry": {"type": "Polygon", "coordinates": [[[-1.9553849717491951, 52.400115850332995], [-1.9412439808015924, 52.4018938988906], [-1.942828693095865, 52.40897198092664], [-1.9558615749630637, 52.409521204330524], [-1.9544683311413866, 52.400256782929006]]]}}, {"type": "Feature", "properties": {"oa_code": "E00100012", "population": 348, "households": 181, "area_sqkm": 0.782, "neighbourhood": "Northfield", "pop_density": 271.6, "retail_score": 38.0}, "geometry": {"type": "Polygon", "coordinates": [[[-1.9421537241195987, 52.40042359641089], [-1.9289214078224417, 52.40145986213818], [-1.9295976978732212, 52.40862343258261], [-1.941009701286679, 52.40929975611529], [-1.9421237998321716, 52.40103515168207]]]}}, {"type": "Feature", "properties": {"oa_code": "E00100013", "population": 313, "households": 155, "area_sqkm": 0.782, "neighbourhood": "Bournville", "pop_density": 244.3, "retail_score": 30.6}, "geometry": {"type": "Polygon", "coordinates": [[[-1.9293238288757057, 52.40117661743692], [-1.9165397705348077, 52.4004404347689], [-1.9168580138279827, 52.409262205914544], [-1.9295421164323785, 52.40981084002602], [-1.9282807291994932, 52.40014171469978]]]}}, {"type": "Feature", "properties": {"oa_code": "E00100014", "population": 381, "households": 150, "area_sqkm": 0.782, "neighbourhood": "Solihull border", "pop_density": 297.3, "retail_score": 73.9}, "geometry": {"type": "Polygon", "coordinates": [[[-1.8111289715188403, 52.40114208618665], [-1.799054657947378, 52.40156923884859], [-1.7983850060044684, 52.40838081982873], [-1.812806138371544, 52.40886210236482], [-1.8121528427539617, 52.40093404933608]]]}}, {"type": "Feature", "properties": {"oa_code": "E00100015", "population": 328, "households": 146, "area_sqkm": 0.782, "neighbourhood": "Solihull border", "pop_density": 256.0, "retail_score": 88.9}, "geometry": {"type": "Polygon", "coordinates": [[[-1.7980316695772698, 52.40019683574231], [-1.7861947574357973, 52.40067860521079], [-1.7852766549272963, 52.40849731266785], [-1.79961958218312, 52.40889722709567], [-1.7991562367203329, 52.40055709028934]]]}}, {"type": "Feature", "properties": {"oa_code": "E00100016", "population": 420, "households": 190, "area_sqkm": 0.782, "neighbourhood": "Solihull border", "pop_density": 327.8, "retail_score": 24.7}, "geometry": {"type": "Polygon", "coordinates": [[[-1.785899349375102, 52.40010117665906], [-1.7720014350631765, 52.40167205517017], [-1.7720620074854323, 52.40985273396602], [-1.7853026085311732, 52.40833262222122], [-1.7860287177491003, 52.400427494598404]]]}}, {"type": "Feature", "properties": {"oa_code": "E00100017", "population": 362, "households": 130, "area_sqkm": 0.782, "neighbourhood": "Northfield", "pop_density": 282.5, "retail_score": 66.3}, "geometry": {"type": "Polygon", "coordinates": [[[-1.9812420537620465, 52.40997061768756], [-1.968469593883656, 52.409568141203906], [-1.968089983265322, 52.41684601497199], [-1.980085364718281, 52.417990845378995], [-1.9808884633531891, 52.409436816550595]]]}}, {"type": "Feature", "properties": {"oa_code": "E00100018", "population": 455, "households": 189, "area_sqkm": 0.782, "neighbourhood": "Northfield", "pop_density": 355.1, "retail_score": 74.0}, "geometry": {"type": "Polygon", "coordinates": [[[-1.9679156095972519, 52.40949595112077], [-1.9558856694541855, 52.409168355188925], [-1.9549942992341616, 52.41770543978411], [-1.9686851345441214, 52.41792155780656], [-1.9688397770695192, 52.40837164992197]]]}}, {"type": "Feature", "properties": {"oa_code": "E00100019", "population": 442, "households": 216, "area_sqkm": 0.782, "neighbourhood": "Northfield", "pop_density": 344.9, "retail_score": 51.7}, "geometry": {"type": "Polygon", "coordinates": [[[-1.9555295922099987, 52.4082397732279], [-1.9412194253717416, 52.40849243069558], [-1.9418109616929338, 52.41723876302067], [-1.9551615501693287, 52.417167344578594], [-1.9549544345689367, 52.40986941251548]]]}}, {"type": "Feature", "properties": {"oa_code": "E00100020", "population": 383, "households": 185, "area_sqkm": 0.782, "neighbourhood": "Bournville", "pop_density": 298.9, "retail_score": 94.7}, "geometry": {"type": "Polygon", "coordinates": [[[-1.9416566195540808, 52.4085999941596], [-1.929367645607457, 52.40950372898484], [-1.9298549137710144, 52.41691657104525], [-1.9410030911182918, 52.41799219289572], [-1.9428534785578013, 52.40842630862454]]]}}, {"type": "Feature", "properties": {"oa_code": "E00100021", "population": 324, "households": 131, "area_sqkm": 0.782, "neighbourhood": "Bournville", "pop_density": 252.9, "retail_score": 95.1}, "geometry": {"type": "Polygon", "coordinates": [[[-1.9282382716526278, 52.40975854048497], [-1.916260945822523, 52.40831549366472], [-1.9153325100907213, 52.417407079850186], [-1.9287766444685488, 52.41797446612727], [-1.9286920473645792, 52.40801564621431]]]}}, {"type": "Feature", "properties": {"oa_code": "E00100022", "population": 332, "households": 145, "area_sqkm": 0.782, "neighbourhood": "Kings Heath", "pop_density": 259.1, "retail_score": 92.4}, "geometry": {"type": "Polygon", "coordinates": [[[-1.9037314177712141, 52.40823085734085], [-1.8907859280445822, 52.40910644728178], [-1.8904553035753713, 52.41720965965407], [-1.9025647756257233, 52.41640719462466], [-1.9027315240822307, 52.408527967803266]]]}}, {"type": "Feature", "properties": {"oa_code": "E00100023", "population": 364, "households": 194, "area_sqkm": 0.782, "neighbourhood": "Hall Green", "pop_density": 284.1, "retail_score": 90.6}, "geometry": {"type": "Polygon", "coordinates": [[[-1.8633077925734114, 52.408184596935435], [-1.8511528484548738, 52.408553360447954], [-1.8519929086218256, 52.417542238446046], [-1.8637257732453985, 52.41652391052488], [-1.8635175381833053, 52.40910336084226]]]}}, {"type": "Feature", "properties": {"oa_code": "E00100024", "population": 318, "households": 117, "area_sqkm": 0.782, "neighbourhood": "Solihull border", "pop_density": 248.2, "retail_score": 36.8}, "geometry": {"type": "Polygon", "coordinates": [[[-1.8111921428568818, 52.409091180578415], [-1.7983308099602298, 52.409165019132985], [-1.7997038124288667, 52.41625489103857], [-1.8123834833001413, 52.417797962977495], [-1.8114077553902255, 52.40972140516401]]]}}, {"type": "Feature", "properties": {"oa_code": "E00100025", "population": 425, "households": 232, "area_sqkm": 0.782, "neighbourhood": "Solihull border", "pop_density": 331.7, "retail_score": 78.9}, "geometry": {"type": "Polygon", "coordinates": [[[-1.7995009405215558, 52.40820558724335], [-1.785439767516259, 52.40976826940291], [-1.7861872452203376, 52.41724132302031], [-1.7996908933233373, 52.4178597620314], [-1.7982707886075617, 52.40995241206587]]]}}, {"type": "Feature", "properties": {"oa_code": "E00100026", "population": 252, "households": 124, "area_sqkm": 0.782, "neighbourhood": "Solihull border", "pop_density": 196.7, "retail_score": 85.3}, "geometry": {"type": "Polygon", "coordinates": [[[-1.786335629064109, 52.4098616317721], [-1.7723955297221277, 52.409728128056756], [-1.7723785013668532, 52.4165336114192], [-1.7854252509817308, 52.416216191252815], [-1.7852556664341896, 52.40971718650268]]]}}, {"type": "Feature", "properties": {"oa_code": "E00100027", "population": 275, "households": 98, "area_sqkm": 0.782, "neighbourhood": "Solihull border", "pop_density": 214.6, "retail_score": 62.9}, "geometry": {"type": "Polygon", "coordinates": [[[-1.773079393530644, 52.40861038173468], [-1.7594093090016962, 52.40845519097482], [-1.7609526711305992, 52.41638625957666], [-1.7733434760976066, 52.417728705884066], [-1.7720662217919052, 52.40855824998545]]]}}, {"type": "Feature", "properties": {"oa_code": "E00100028", "population": 299, "households": 124, "area_sqkm": 0.782, "neighbourhood": "Northfield", "pop_density": 233.3, "retail_score": 60.9}, "geometry": {"type": "Polygon", "coordinates": [[[-1.980121525719351, 52.41623068350371], [-1.967059198777956, 52.41635713563235], [-1.9670749313684772, 52.424530932725055], [-1.9817831949055709, 52.42486912751714], [-1.9805429098786949, 52.416627354628396]]]}}, {"type": "Feature", "properties": {"oa_code": "E00100029", "population": 365, "households": 148, "area_sqkm": 0.782, "neighbourhood": "Northfield", "pop_density": 284.8, "retail_score": 46.4}, "geometry": {"type": "Polygon", "coordinates": [[[-1.968229609133311, 52.417153176087005], [-1.9554905549877233, 52.41741757056768], [-1.9559966174435632, 52.425851150331006], [-1.967923096005815, 52.4254388599983], [-1.9675160998443215, 52.41734125700887]]]}}, {"type": "Feature", "properties": {"oa_code": "E00100030", "population": 392, "households": 143, "area_sqkm": 0.782, "neighbourhood": "Northfield", "pop_density": 305.9, "retail_score": 74.2}, "geometry": {"type": "Polygon", "coordinates": [[[-1.9553721687098837, 52.41769603055902], [-1.9415604914739728, 52.41660064453643], [-1.9423814306755833, 52.42481678581725], [-1.9551951992258851, 52.42459131040506], [-1.9557454244018821, 52.41684089266755]]]}}, {"type": "Feature", "properties": {"oa_code": "E00100031", "population": 331, "households": 145, "area_sqkm": 0.782, "neighbourhood": "Bournville", "pop_density": 258.3, "retail_score": 92.1}, "geometry": {"type": "Polygon", "coordinates": [[[-1.9411943889085355, 52.41723102983191], [-1.9293981002508696, 52.41709587442628], [-1.9299991881206062, 52.42457382743375], [-1.942140223700021, 52.4251599695624], [-1.9416905887525944, 52.4169299763805]]]}}, {"type": "Feature", "properties": {"oa_code": "E00100032", "population": 364, "households": 182, "area_sqkm": 0.782, "neighbourhood": "Bournville", "pop_density": 284.1, "retail_score": 22.0}, "geometry": {"type": "Polygon", "coordinates": [[[-1.9284079504797471, 52.41633938279241], [-1.9168304089265507, 52.41703090401984], [-1.9157341182884693, 52.42467037651083], [-1.9283631530709273, 52.42550227627509], [-1.9286544086588864, 52.41644928133201]]]}}, {"type": "Feature", "properties": {"oa_code": "E00100033", "population": 367, "households": 143, "area_sqkm": 0.782, "neighbourhood": "Kings Heath", "pop_density": 286.4, "retail_score": 81.6}, "geometry": {"type": "Polygon", "coordinates": [[[-1.916510314911844, 52.416950272688446], [-1.9023005246107514, 52.416145656458376], [-1.9031711179780055, 52.42525953076149], [-1.9166111295265214, 52.42539270850099], [-1.91601124566198, 52.41648796887917]]]}}, {"type": "Feature", "properties": {"oa_code": "E00100034", "population": 367, "households": 148, "area_sqkm": 0.782, "neighbourhood": "Kings Heath", "pop_density": 286.4, "retail_score": 99.0}, "geometry": {"type": "Polygon", "coordinates": [[[-1.903786825406874, 52.41685029238789], [-1.890648226636588, 52.41791593208457], [-1.8899640844991135, 52.424100436770296], [-1.9035016034406809, 52.42569667269471], [-1.9030870763490606, 52.41760283320345]]]}}, {"type": "Feature", "properties": {"oa_code": "E00100035", "population": 332, "households": 162, "area_sqkm": 0.782, "neighbourhood": "Kings Heath", "pop_density": 259.1, "retail_score": 71.0}, "geometry": {"type": "Polygon", "coordinates": [[[-1.8898090953630622, 52.41790007921689], [-1.8762171481483803, 52.417225304645534], [-1.8765614520774492, 52.42500955632966], [-1.8893388616605582, 52.42509574390123], [-1.8892055837935344, 52.417487310884326]]]}}, {"type": "Feature", "properties": {"oa_code": "E00100036", "population": 376, "households": 185, "area_sqkm": 0.782, "neighbourhood": "Hall Green", "pop_density": 293.4, "retail_score": 75.5}, "geometry": {"type": "Polygon", "coordinates": [[[-1.8764683726314069, 52.41704259962567], [-1.8637465031260376, 52.41654919489385], [-1.8648450332922717, 52.424571456301734], [-1.8774565697858367, 52.42463941913685], [-1.8769196955549643, 52.41627674812304]]]}}, {"type": "Feature", "properties": {"oa_code": "E00100037", "population": 429, "households": 196, "area_sqkm": 0.782, "neighbourhood": "Hall Green", "pop_density": 334.8, "retail_score": 20.5}, "geometry": {"type": "Polygon", "coordinates": [[[-1.8635871617166122, 52.41612845770144], [-1.8511848012606682, 52.41708522228102], [-1.851168451531795, 52.42441366877904], [-1.8641597129644543, 52.42580967695669], [-1.8638318411715928, 52.417391045973005]]]}}, {"type": "Feature", "properties": {"oa_code": "E00100038", "population": 303, "households": 135, "area_sqkm": 0.782, "neighbourhood": "Hall Green", "pop_density": 236.5, "retail_score": 22.3}, "geometry": {"type": "Polygon", "coordinates": [[[-1.8512964823946576, 52.41750695025013], [-1.8372931040988632, 52.41790686067695], [-1.8381619574347419, 52.42549503133797], [-1.8509077353805337, 52.4252065051779], [-1.8515589226113536, 52.416438843269255]]]}}, {"type": "Feature", "properties": {"oa_code": "E00100039", "population": 396, "households": 204, "area_sqkm": 0.782, "neighbourhood": "Solihull border", "pop_density": 309.0, "retail_score": 56.9}, "geometry": {"type": "Polygon", "coordinates": [[[-1.8123277409126048, 52.417358283770064], [-1.7991913666617265, 52.41633008946241], [-1.799065219701537, 52.424255255594574], [-1.8117554860780536, 52.424053932903824], [-1.8122119594873223, 52.41712878396606]]]}}, {"type": "Feature", "properties": {"oa_code": "E00100040", "population": 434, "households": 238, "area_sqkm": 0.782, "neighbourhood": "Solihull border", "pop_density": 338.7, "retail_score": 63.2}, "geometry": {"type": "Polygon", "coordinates": [[[-1.7998994307330245, 52.416758207728385], [-1.786576679431579, 52.416653691609774], [-1.7854775405842138, 52.42475825243114], [-1.7984959803528922, 52.42566384857032], [-1.799495456936437, 52.416163812465534]]]}}, {"type": "Feature", "properties": {"oa_code": "E00100041", "population": 415, "households": 175, "area_sqkm": 0.782, "neighbourhood": "Solihull border", "pop_density": 323.9, "retail_score": 37.4}, "geometry": {"type": "Polygon", "coordinates": [[[-1.7850001843429835, 52.41669992068745], [-1.7726997118135022, 52.41756246609923], [-1.7726964906895142, 52.42550846640813], [-1.7851007765345699, 52.42439872136474], [-1.786959239965361, 52.41630476469158]]]}}, {"type": "Feature", "properties": {"oa_code": "E00100042", "population": 360, "households": 170, "area_sqkm": 0.782, "neighbourhood": "Solihull border", "pop_density": 280.9, "retail_score": 74.2}, "geometry": {"type": "Polygon", "coordinates": [[[-1.7726010700575097, 52.41753379619672], [-1.7606644217132663, 52.41721449498779], [-1.7595041486960914, 52.42422906574277], [-1.7723613976513797, 52.42592944154608], [-1.7737838025006867, 52.41605135685101]]]}}, {"type": "Feature", "properties": {"oa_code": "E00100043", "population": 443, "households": 171, "area_sqkm": 0.781, "neighbourhood": "Northfield", "pop_density": 345.7, "retail_score": 47.8}, "geometry": {"type": "Polygon", "coordinates": [[[-1.9670836543235886, 52.42479330888305], [-1.9545699705899016, 52.4241519929557], [-1.9546187711681346, 52.43325448479121], [-1.9687961973891084, 52.43354496176992], [-1.967299413521823, 52.425200823229645]]]}}, {"type": "Feature", "properties": {"oa_code": "E00100044", "population": 406, "households": 161, "area_sqkm": 0.781, "neighbourhood": "Bournville", "pop_density": 316.8, "retail_score": 54.8}, "geometry": {"type": "Polygon", "coordinates": [[[-1.955143243973531, 52.42474114175245], [-1.9419880784206465, 52.424682462349736], [-1.9413008487460015, 52.4336446618362], [-1.9557889222587126, 52.43392157513444], [-1.9547288297877976, 52.425657414622016]]]}}, {"type": "Feature", "properties": {"oa_code": "E00100045", "population": 403, "households": 150, "area_sqkm": 0.781, "neighbourhood": "Bournville", "pop_density": 314.5, "retail_score": 39.5}, "geometry": {"type": "Polygon", "coordinates": [[[-1.941532409391974, 52.42593094746249], [-1.9294598352072259, 52.425616398437626], [-1.9289236541871042, 52.43296699500778], [-1.942128851013993, 52.433462052428624], [-1.9424632089239022, 52.42570342632005]]]}}, {"type": "Feature", "properties": {"oa_code": "E00100046", "population": 357, "households": 142, "area_sqkm": 0.781, "neighbourhood": "Bournville", "pop_density": 278.6, "retail_score": 42.1}, "geometry": {"type": "Polygon", "coordinates": [[[-1.9290705830667942, 52.425220663408474], [-1.9162420213917444, 52.424057399995554], [-1.9152980943273759, 52.43236367971433], [-1.9295757602996413, 52.43359566471367], [-1.9293193223136722, 52.42576063995953]]]}}, {"type": "Feature", "properties": {"oa_code": "E00100047", "population": 400, "households": 160, "area_sqkm": 0.781, "neighbourhood": "Kings Heath", "pop_density": 312.2, "retail_score": 44.5}, "geometry": {"type": "Polygon", "coordinates": [[[-1.9169796977711235, 52.42589612515557], [-1.9038287740760849, 52.42544014932822], [-1.9030228443063033, 52.433516329306975], [-1.9156187813211079, 52.4332918057995], [-1.9160183573298437, 52.425585865736274]]]}}, {"type": "Feature", "properties": {"oa_code": "E00100048", "population": 457, "households": 229, "area_sqkm": 0.781, "neighbourhood": "Kings Heath", "pop_density": 356.6, "retail_score": 29.6}, "geometry": {"type": "Polygon", "coordinates": [[[-1.902836888829336, 52.42494652097753], [-1.8899381561377095, 52.42485100762542], [-1.8895081291265738, 52.432661582594406], [-1.9025942901156294, 52.432541832853964], [-1.903497192647599, 52.424241311769514]]]}}, {"type": "Feature", "properties": {"oa_code": "E00100049", "population": 401, "households": 202, "area_sqkm": 0.781, "neighbourhood": "Kings Heath", "pop_density": 312.9, "retail_score": 21.1}, "geometry": {"type": "Polygon", "coordinates": [[[-1.8899282720692334, 52.42552437921898], [-1.8776297003151259, 52.42443276927977], [-1.8770316028255758, 52.4334491700022], [-1.8890467859542348, 52.433049273738234], [-1.8904340025934512, 52.42420105221619]]]}}, {"type": "Feature", "properties": {"oa_code": "E00100050", "population": 435, "households": 191, "area_sqkm": 0.781, "neighbourhood": "Hall Green", "pop_density": 339.5, "retail_score": 55.2}, "geometry": {"type": "Polygon", "coordinates": [[[-1.8769317298214658, 52.424548622653575], [-1.8630514101377957, 52.42510671793361], [-1.8636051652141807, 52.43225255898593], [-1.8762630776054752, 52.432981757389065], [-1.876254560530004, 52.42514812843926]]]}}, {"type": "Feature", "properties": {"oa_code": "E00100051", "population": 396, "households": 141, "area_sqkm": 0.781, "neighbourhood": "Hall Green", "pop_density": 309.0, "retail_score": 29.5}, "geometry": {"type": "Polygon", "coordinates": [[[-1.8646312726592211, 52.424102753434376], [-1.8501178728064651, 52.42495545837454], [-1.8503557687094025, 52.432801414884516], [-1.8648518356594899, 52.43325889141392], [-1.864892781851416, 52.42429839516896]]]}}, {"type": "Feature", "properties": {"oa_code": "E00100052", "population": 354, "households": 146, "area_sqkm": 0.781, "neighbourhood": "Hall Green", "pop_density": 276.3, "retail_score": 68.8}, "geometry": {"type": "Polygon", "coordinates": [[[-1.850471113109349, 52.4252126353025], [-1.8374185183403147, 52.42445137427414], [-1.8379548549297409, 52.43290102892979], [-1.8511145579919626, 52.433720333331664], [-1.8500199374790678, 52.42461076048865]]]}}, {"type": "Feature", "properties": {"oa_code": "E00100053", "population": 336, "households": 165, "area_sqkm": 0.781, "neighbourhood": "Acocks Green", "pop_density": 262.2, "retail_score": 76.6}, "geometry": {"type": "Polygon", "coordinates": [[[-1.8245198213890323, 52.425895180400666], [-1.8125844241883544, 52.424422050390625], [-1.8116791437256174, 52.432314114186774], [-1.8256523729033487, 52.43215012973781], [-1.8259946485547958, 52.42490100740925]]]}}, {"type": "Feature", "properties": {"oa_code": "E00100054", "population": 285, "households": 116, "area_sqkm": 0.781, "neighbourhood": "Solihull border", "pop_density": 222.4, "retail_score": 92.7}, "geometry": {"type": "Polygon", "coordinates": [[[-1.8115940248838143, 52.424908062652825], [-1.7986252301598593, 52.425847822088976], [-1.7984243439467082, 52.43325011601434], [-1.8116776339142948, 52.433867336916904], [-1.8121497220677931, 52.425089124757434]]]}}, {"type": "Feature", "properties": {"oa_code": "E00100055", "population": 427, "households": 186, "area_sqkm": 0.781, "neighbourhood": "Solihull border", "pop_density": 333.2, "retail_score": 26.4}, "geometry": {"type": "Polygon", "coordinates": [[[-1.7983467376807016, 52.424142819673726], [-1.7866681544215604, 52.42461522362524], [-1.7855020845558625, 52.43313841409865], [-1.79942277882339, 52.43224870731636], [-1.7986226440175774, 52.425399467369964]]]}}, {"type": "Feature", "properties": {"oa_code": "E00100056", "population": 318, "households": 128, "area_sqkm": 0.781, "neighbourhood": "Solihull border", "pop_density": 248.2, "retail_score": 41.6}, "geometry": {"type": "Polygon", "coordinates": [[[-1.7869202784316345, 52.424864057328335], [-1.7733553568332854, 52.424500735804834], [-1.77381734622674, 52.4339238222044], [-1.7853280827721894, 52.43315039821845], [-1.785098427444389, 52.42599914483377]]]}}, {"type": "Feature", "properties": {"oa_code": "E00100057", "population": 281, "households": 113, "area_sqkm": 0.781, "neighbourhood": "Solihull border", "pop_density": 219.3, "retail_score": 88.6}, "geometry": {"type": "Polygon", "coordinates": [[[-1.7739195366537126, 52.425512537660836], [-1.7600589983534987, 52.42530301897888], [-1.7591678544241485, 52.432362978294464], [-1.7728293407494462, 52.43326956943892], [-1.77301654839562, 52.4241824848126]]]}}, {"type": "Feature", "properties": {"oa_code": "E00100058", "population": 344, "households": 156, "area_sqkm": 0.781, "neighbourhood": "Bournville", "pop_density": 268.5, "retail_score": 61.2}, "geometry": {"type": "Polygon", "coordinates": [[[-1.9553403926728425, 52.43338734734798], [-1.9424235644092778, 52.43389038707914], [-1.9413728679305247, 52.44110019321796], [-1.955090348182797, 52.440629034314355], [-1.9553534524274485, 52.43394036945363]]]}}, {"type": "Feature", "properties": {"oa_code": "E00100059", "population": 388, "households": 173, "area_sqkm": 0.781, "neighbourhood": "Selly Oak", "pop_density": 302.8, "retail_score": 75.9}, "geometry": {"type": "Polygon", "coordinates": [[[-1.941023761570437, 52.433315320772984], [-1.9289148128112863, 52.43282649514161], [-1.9296248349172116, 52.44072355871832], [-1.9414871136918894, 52.44125081748431], [-1.9414800189278785, 52.43240711647672]]]}}, {"type": "Feature", "properties": {"oa_code": "E00100060", "population": 495, "households": 218, "area_sqkm": 0.781, "neighbourhood": "Selly Oak", "pop_density": 386.3, "retail_score": 29.4}, "geometry": {"type": "Polygon", "coordinates": [[[-1.9297571478332756, 52.43394629363166], [-1.915782256665837, 52.43247859492467], [-1.9166832436723904, 52.44110167801402], [-1.9288954971818932, 52.44018641840258], [-1.9280154857212102, 52.43382585975698]]]}}, {"type": "Feature", "properties": {"oa_code": "E00100061", "population": 437, "households": 163, "area_sqkm": 0.781, "neighbourhood": "Kings Heath", "pop_density": 341.0, "retail_score": 89.1}, "geometry": {"type": "Polygon", "coordinates": [[[-1.915335713652463, 52.432996751009426], [-1.9025667933480173, 52.43301774403015], [-1.9034531502065744, 52.44166944789117], [-1.9150395107347942, 52.44048746181217], [-1.9158974698462399, 52.43276717202651]]]}}, {"type": "Feature", "properties": {"oa_code": "E00100062", "population": 464, "households": 202, "area_sqkm": 0.781, "neighbourhood": "Kings Heath", "pop_density": 362.1, "retail_score": 31.9}, "geometry": {"type": "Polygon", "coordinates": [[[-1.903447505194357, 52.43358001236402], [-1.8901701151528982, 52.433868496787376], [-1.8899845246483817, 52.44164109894639], [-1.9034343220334353, 52.44059711169956], [-1.9028261245551725, 52.433997804666475]]]}}, {"type": "Feature", "properties": {"oa_code": "E00100063", "population": 412, "households": 161, "area_sqkm": 0.781, "neighbourhood": "Kings Heath", "pop_density": 321.5, "retail_score": 76.4}, "geometry": {"type": "Polygon", "coordinates": [[[-1.8899228388445932, 52.4326902478834], [-1.8768961651658596, 52.43308686012593], [-1.877089310766268, 52.44064355470047], [-1.8906226952525869, 52.44139499685526], [-1.8898564047160311, 52.43246712489213]]]}}, {"type": "Feature", "properties": {"oa_code": "E00100064", "population": 411, "households": 153, "area_sqkm": 0.781, "neighbourhood": "Hall Green", "pop_density": 320.7, "retail_score": 55.2}, "geometry": {"type": "Polygon", "coordinates": [[[-1.8763771821948714, 52.432772157505], [-1.863672622341032, 52.43364149510343], [-1.8630383637226817, 52.44099065729925], [-1.87792596077731, 52.44100458230028], [-1.876819639141382, 52.43373940062674]]]}}, {"type": "Feature", "properties": {"oa_code": "E00100065", "population": 427, "households": 160, "area_sqkm": 0.781, "neighbourhood": "Hall Green", "pop_density": 333.2, "retail_score": 88.7}, "geometry": {"type": "Polygon", "coordinates": [[[-1.863948097826386, 52.432913856148964], [-1.85055511234486, 52.43281995723951], [-1.8506904373471458, 52.44030872243756], [-1.8640610187980318, 52.44193840726116], [-1.8643228775318983, 52.433385409197186]]]}}, {"type": "Feature", "properties": {"oa_code": "E00100066", "population": 310, "households": 121, "area_sqkm": 0.781, "neighbourhood": "Hall Green", "pop_density": 241.9, "retail_score": 54.7}, "geometry": {"type": "Polygon", "coordinates": [[[-1.851239981204956, 52.43263332230788], [-1.8375625651495555, 52.43351880361868], [-1.8372552339652044, 52.44007179819969], [-1.8518631585056382, 52.44126232203373], [-1.8501581418024406, 52.433994851845924]]]}}, {"type": "Feature", "properties": {"oa_code": "E00100067", "population": 408, "households": 172, "area_sqkm": 0.781, "neighbourhood": "Acocks Green", "pop_density": 318.4, "retail_score": 83.4}, "geometry": {"type": "Polygon", "coordinates": [[[-1.838803113747235, 52.433267495657574], [-1.8242548415347872, 52.43288735710334], [-1.824611997674415, 52.441806848124116], [-1.838908018062647, 52.441592286930344], [-1.838413264448071, 52.43274968217956]]]}}, {"type": "Feature", "properties": {"oa_code": "E00100068", "population": 419, "households": 231, "area_sqkm": 0.781, "neighbourhood": "Acocks Green", "pop_density": 327.0, "retail_score": 84.4}, "geometry": {"type": "Polygon", "coordinates": [[[-1.8256600327018653, 52.43215793670134], [-1.811258320802712, 52.43323942073709], [-1.812518340416289, 52.441825658032066], [-1.8257137645597445, 52.440922299826724], [-1.8254920453211745, 52.43251065341633]]]}}, {"type": "Feature", "properties": {"oa_code": "E00100069", "population": 322, "households": 141, "area_sqkm": 0.781, "neighbourhood": "Solihull border", "pop_density": 251.3, "retail_score": 39.0}, "geometry": {"type": "Polygon", "coordinates": [[[-1.8111975811528038, 52.433355221771414], [-1.799684048755858, 52.43288345956722], [-1.7993088687511156, 52.44117514341027], [-1.8117221225952815, 52.44084861787694], [-1.8124998035511861, 52.4336906078503]]]}}, {"type": "Feature", "properties": {"oa_code": "E00100070", "population": 360, "households": 194, "area_sqkm": 0.781, "neighbourhood": "Solihull border", "pop_density": 280.9, "retail_score": 68.5}, "geometry": {"type": "Polygon", "coordinates": [[[-1.7988561546153001, 52.43314962386037], [-1.785014615912748, 52.43259046150778], [-1.7850441110308481, 52.44131645963187], [-1.7994510392396452, 52.44113185803393], [-1.7986284010145337, 52.433489337682346]]]}}, {"type": "Feature", "properties": {"oa_code": "E00100071", "population": 255, "households": 105, "area_sqkm": 0.781, "neighbourhood": "Solihull border", "pop_density": 199.0, "retail_score": 92.3}, "geometry": {"type": "Polygon", "coordinates": [[[-1.786006545426954, 52.4338083105818], [-1.7734276116970835, 52.43359772023903], [-1.7727858700036734, 52.44070464191169], [-1.78572676424399, 52.44124178232628], [-1.785644471082755, 52.433441856753355]]]}}, {"type": "Feature", "properties": {"oa_code": "E00100072", "population": 258, "households": 110, "area_sqkm": 0.781, "neighbourhood": "Harborne", "pop_density": 201.3, "retail_score": 97.7}, "geometry": {"type": "Polygon", "coordinates": [[[-1.9677073187822194, 52.44061786576792], [-1.9551183536196748, 52.441159147610755], [-1.954535280464122, 52.448180266751514], [-1.968409779096742, 52.4494949617299], [-1.9686487198591118, 52.440264319595514]]]}}, {"type": "Feature", "properties": {"oa_code": "E00100073", "population": 365, "households": 131, "area_sqkm": 0.781, "neighbourhood": "Harborne", "pop_density": 284.8, "retail_score": 88.8}, "geometry": {"type": "Polygon", "coordinates": [[[-1.9549382952525949, 52.44182697394898], [-1.9413390547608658, 52.44051394016914], [-1.9413506203749158, 52.448963695659764], [-1.954387023012413, 52.449493118701454], [-1.9553225694923968, 52.44023033941492]]]}}, {"type": "Feature", "properties": {"oa_code": "E00100074", "population": 470, "households": 190, "area_sqkm": 0.781, "neighbourhood": "Selly Oak", "pop_density": 366.8, "retail_score": 66.8}, "geometry": {"type": "Polygon", "coordinates": [[[-1.9415515665758496, 52.44195988448558], [-1.9280654605054006, 52.44160917528806], [-1.9292684499011896, 52.4495813639372], [-1.9429721626897989, 52.449073144616555], [-1.9420904279445328, 52.441345656763765]]]}}, {"type": "Feature", "properties": {"oa_code": "E00100075", "population": 548, "households": 260, "area_sqkm": 0.781, "neighbourhood": "Selly Oak", "pop_density": 427.7, "retail_score": 52.7}, "geometry": {"type": "Polygon", "coordinates": [[[-1.9283551653975473, 52.44188058378358], [-1.9167833077956022, 52.44046764380444], [-1.916949950700708, 52.44976846969045], [-1.928877185235501, 52.4498305118175], [-1.9295572655998527, 52.44012643408234]]]}}, {"type": "Feature", "properties": {"oa_code": "E00100076", "population": 272, "households": 99, "area_sqkm": 0.781, "neighbourhood": "Kings Heath", "pop_density": 212.3, "retail_score": 53.5}, "geometry": {"type": "Polygon", "coordinates": [[[-1.9167204459749865, 52.44189252306578], [-1.903391270831289, 52.440985249237976], [-1.9038056160027572, 52.449774518617076], [-1.9167286719025882, 52.4489072875138], [-1.9156590275623004, 52.44148628024306]]]}}, {"type": "Feature", "properties": {"oa_code": "E00100077", "population": 531, "households": 279, "area_sqkm": 0.781, "neighbourhood": "Kings Heath", "pop_density": 414.4, "retail_score": 74.9}, "geometry": {"type": "Polygon", "coordinates": [[[-1.9025154619704703, 52.44030904580484], [-1.8901702309451274, 52.44019804326944], [-1.8900213059244217, 52.44881623177142], [-1.9020969569492387, 52.44806543257373], [-1.903258940082532, 52.44088676617214]]]}}, {"type": "Feature", "properties": {"oa_code": "E00100078", "population": 403, "households": 168, "area_sqkm": 0.781, "neighbourhood": "Moseley", "pop_density": 314.5, "retail_score": 21.7}, "geometry": {"type": "Polygon", "coordinates": [[[-1.8899110682770368, 52.44195568505892], [-1.8772826523175765, 52.44079627928551], [-1.877620382875679, 52.448244319438196], [-1.8893039336230737, 52.44890943473716], [-1.889674462523877, 52.44128340893448]]]}}, {"type": "Feature", "properties": {"oa_code": "E00100079", "population": 602, "households": 333, "area_sqkm": 0.781, "neighbourhood": "Sparkhill", "pop_density": 469.8, "retail_score": 88.7}, "geometry": {"type": "Polygon", "coordinates": [[[-1.8764264108190918, 52.44048713779434], [-1.8647481522293852, 52.441129155951835], [-1.8648627796943524, 52.4495303147518], [-1.8775856852593078, 52.44843190270386], [-1.876260609146462, 52.44065711910688]]]}}, {"type": "Feature", "properties": {"oa_code": "E00100080", "population": 535, "households": 270, "area_sqkm": 0.781, "neighbourhood": "Hall Green", "pop_density": 417.5, "retail_score": 24.2}, "geometry": {"type": "Polygon", "coordinates": [[[-1.8647106240393603, 52.4402599842629], [-1.851498691606545, 52.440348994241816], [-1.8506778847148067, 52.44805156029959], [-1.8649702793455398, 52.44957996932849], [-1.8645241367878203, 52.44064754292394]]]}}, {"type": "Feature", "properties": {"oa_code": "E00100081", "population": 398, "households": 171, "area_sqkm": 0.781, "neighbourhood": "Hall Green", "pop_density": 310.6, "retail_score": 56.6}, "geometry": {"type": "Polygon", "coordinates": [[[-1.850516563886093, 52.441052171053215], [-1.8375086694499334, 52.440952491930865], [-1.837443965921373, 52.44902647591524], [-1.8517818919799935, 52.44900767737959], [-1.8501091687140612, 52.440086730073816]]]}}, {"type": "Feature", "properties": {"oa_code": "E00100082", "population": 287, "households": 153, "area_sqkm": 0.781, "neighbourhood": "Acocks Green", "pop_density": 224.0, "retail_score": 42.0}, "geometry": {"type": "Polygon", "coordinates": [[[-1.8370719476337574, 52.44012165081501], [-1.8250420361780049, 52.44080323450904], [-1.824627805007877, 52.44898053770831], [-1.837180598341771, 52.44814698143155], [-1.8388384190451799, 52.44121659484728]]]}}, {"type": "Feature", "properties": {"oa_code": "E00100083", "population": 375, "households": 148, "area_sqkm": 0.781, "neighbourhood": "Acocks Green", "pop_density": 292.7, "retail_score": 37.2}, "geometry": {"type": "Polygon", "coordinates": [[[-1.8247338465513996, 52.44109671286812], [-1.8123496291133643, 52.441989255511736], [-1.8119388863251389, 52.44890743083517], [-1.8247891464169308, 52.44819835692338], [-1.8245964411629094, 52.44170558547461]]]}}, {"type": "Feature", "properties": {"oa_code": "E00100084", "population": 300, "households": 110, "area_sqkm": 0.781, "neighbourhood": "Acocks Green", "pop_density": 234.1, "retail_score": 25.4}, "geometry": {"type": "Polygon", "coordinates": [[[-1.812096890168071, 52.44045698714874], [-1.7993221367623313, 52.44090699780583], [-1.7991680206994787, 52.44819017167857], [-1.8121464719874798, 52.44933021572614], [-1.8122513979531305, 52.44030527784955]]]}}, {"type": "Feature", "properties": {"oa_code": "E00100085", "population": 262, "households": 102, "area_sqkm": 0.781, "neighbourhood": "Solihull border", "pop_density": 204.5, "retail_score": 89.4}, "geometry": {"type": "Polygon", "coordinates": [[[-1.798336456223052, 52.44018646020342], [-1.7868068711348701, 52.44147759199699], [-1.785376461429447, 52.44911274147125], [-1.7988270698345228, 52.449123172828], [-1.7993407080371693, 52.440244462570725]]]}}, {"type": "Feature", "properties": {"oa_code": "E00100086", "population": 397, "households": 183, "area_sqkm": 0.781, "neighbourhood": "Harborne", "pop_density": 309.8, "retail_score": 81.0}, "geometry": {"type": "Polygon", "coordinates": [[[-1.967557878642508, 52.44993679725064], [-1.9547991798175512, 52.448703292371405], [-1.9548441629632207, 52.45642547761137], [-1.967686527394024, 52.456448489738236], [-1.968783563236146, 52.44969074683722]]]}}, {"type": "Feature", "properties": {"oa_code": "E00100087", "population": 386, "households": 154, "area_sqkm": 0.781, "neighbourhood": "Harborne", "pop_density": 301.2, "retail_score": 44.7}, "geometry": {"type": "Polygon", "coordinates": [[[-1.9548517999913375, 52.44961444274232], [-1.9413096896773439, 52.44994909320427], [-1.9413631462809193, 52.457227146561095], [-1.954714601672341, 52.45605250766293], [-1.9541418314180106, 52.44965892157994]]]}}, {"type": "Feature", "properties": {"oa_code": "E00100088", "population": 378, "households": 170, "area_sqkm": 0.781, "neighbourhood": "Harborne", "pop_density": 295.0, "retail_score": 47.3}, "geometry": {"type": "Polygon", "coordinates": [[[-1.9423203506864462, 52.44801221157883], [-1.928260274586928, 52.44913264218954], [-1.9291984313120016, 52.45628374930833], [-1.9417336559746896, 52.45606131419678], [-1.9415077764759892, 52.44843026576009]]]}}, {"type": "Feature", "properties": {"oa_code": "E00100089", "population": 407, "households": 181, "area_sqkm": 0.781, "neighbourhood": "Selly Oak", "pop_density": 317.6, "retail_score": 41.9}, "geometry": {"type": "Polygon", "coordinates": [[[-1.9292598938150467, 52.44944319193551], [-1.9154463287600674, 52.44913518711325], [-1.9168300859200464, 52.456105217652876], [-1.9296851802057864, 52.45723567636387], [-1.9286520625787744, 52.448544205687114]]]}}, {"type": "Feature", "properties": {"oa_code": "E00100090", "population": 321, "households": 177, "area_sqkm": 0.781, "neighbourhood": "Moseley", "pop_density": 250.5, "retail_score": 44.1}, "geometry": {"type": "Polygon", "coordinates": [[[-1.915490113712664, 52.44822763501624], [-1.9031401727332051, 52.44856649294018], [-1.9026430274904806, 52.456973265506754], [-1.9156657348825281, 52.45609083472523], [-1.9162094732078256, 52.44919864991391]]]}}, {"type": "Feature", "properties": {"oa_code": "E00100091", "population": 487, "households": 260, "area_sqkm": 0.781, "neighbourhood": "Moseley", "pop_density": 380.1, "retail_score": 88.9}, "geometry": {"type": "Polygon", "coordinates": [[[-1.9035775320415602, 52.44827446961053], [-1.8904889609919582, 52.4486562447119], [-1.8909845401868624, 52.457494028246884], [-1.9036486103962493, 52.456760414891455], [-1.9025926574732357, 52.44900052469313]]]}}, {"type": "Feature", "properties": {"oa_code": "E00100092", "population": 363, "households": 170, "area_sqkm": 0.781, "neighbourhood": "Moseley", "pop_density": 283.3, "retail_score": 84.1}, "geometry": {"type": "Polygon", "coordinates": [[[-1.8909153954768754, 52.44803748307319], [-1.8761576751309963, 52.44972422002724], [-1.8768484816785274, 52.457146799361794], [-1.889581002076863, 52.45683538791971], [-1.8907696532546734, 52.448041713118066]]]}}, {"type": "Feature", "properties": {"oa_code": "E00100093", "population": 566, "households": 287, "area_sqkm": 0.781, "neighbourhood": "Sparkhill", "pop_density": 441.7, "retail_score": 60.8}, "geometry": {"type": "Polygon", "coordinates": [[[-1.8767637494733926, 52.44966405182616], [-1.8631604604965184, 52.44817625976262], [-1.8633110312803718, 52.45648663294967], [-1.8768222574233953, 52.45704792508602], [-1.8772084666062825, 52.44862054912369]]]}}, {"type": "Feature", "properties": {"oa_code": "E00100094", "population": 527, "households": 219, "area_sqkm": 0.781, "neighbourhood": "Sparkhill", "pop_density": 411.3, "retail_score": 80.8}, "geometry": {"type": "Polygon", "coordinates": [[[-1.864771946720324, 52.44901990412467], [-1.8501881545368413, 52.448698750530966], [-1.8505452417886534, 52.45763789720307], [-1.8633699259885013, 52.45647253769791], [-1.864707111563446, 52.448394543605666]]]}}, {"type": "Feature", "properties": {"oa_code": "E00100095", "population": 362, "households": 149, "area_sqkm": 0.781, "neighbourhood": "Small Heath", "pop_density": 282.5, "retail_score": 32.1}, "geometry": {"type": "Polygon", "coordinates": [[[-1.8506889819789638, 52.44835429225791], [-1.8374543038215063, 52.448988234050056], [-1.8374911083495074, 52.457519754299234], [-1.8511021894860111, 52.457848308516795], [-1.8508710164331956, 52.449270596638144]]]}}, {"type": "Feature", "properties": {"oa_code": "E00100096", "population": 342, "households": 182, "area_sqkm": 0.781, "neighbourhood": "Acocks Green", "pop_density": 266.9, "retail_score": 89.1}, "geometry": {"type": "Polygon", "coordinates": [[[-1.8388634274830098, 52.44888441612769], [-1.8253943591297235, 52.44854934733499], [-1.8258876557595753, 52.4570146737706], [-1.8383791842987889, 52.45690382772742], [-1.8388862198983336, 52.44966339326334]]]}}, {"type": "Feature", "properties": {"oa_code": "E00100097", "population": 461, "households": 236, "area_sqkm": 0.781, "neighbourhood": "Acocks Green", "pop_density": 359.8, "retail_score": 24.9}, "geometry": {"type": "Polygon", "coordinates": [[[-1.8242894132570893, 52.44923001677685], [-1.8119858643653337, 52.448925423317874], [-1.811891367257325, 52.45758363559455], [-1.8242082464688878, 52.456899467407325], [-1.8243803681646056, 52.449303674909316]]]}}, {"type": "Feature", "properties": {"oa_code": "E00100098", "population": 441, "households": 225, "area_sqkm": 0.781, "neighbourhood": "Acocks Green", "pop_density": 344.2, "retail_score": 49.8}, "geometry": {"type": "Polygon", "coordinates": [[[-1.8127929962454608, 52.44979825366793], [-1.7993131244483251, 52.44942863109836], [-1.7989909019969998, 52.45634511782289], [-1.812504512552805, 52.45687551654864], [-1.8121211564164763, 52.44904549607055]]]}}, {"type": "Feature", "properties": {"oa_code": "E00100099", "population": 340, "households": 125, "area_sqkm": 0.781, "neighbourhood": "Harborne", "pop_density": 265.3, "retail_score": 89.9}, "geometry": {"type": "Polygon", "coordinates": [[[-1.9684342128427716, 52.45681753879452], [-1.9553232657063178, 52.45719577172479], [-1.9544215461368732, 52.46529461071396], [-1.968868176291441, 52.46418901189506], [-1.9676432413103202, 52.456568293947775]]]}}, {"type": "Feature", "properties": {"oa_code": "E00100100", "population": 381, "households": 175, "area_sqkm": 0.781, "neighbourhood": "Harborne", "pop_density": 297.3, "retail_score": 83.3}, "geometry": {"type": "Polygon", "coordinates": [[[-1.9553332759278794, 52.45716547902919], [-1.942717143238832, 52.45669964157509], [-1.9410646069846151, 52.46539695992565], [-1.9552160840313297, 52.46519008245633], [-1.954123995600869, 52.45661916377485]]]}}, {"type": "Feature", "properties": {"oa_code": "E00100101", "population": 391, "households": 142, "area_sqkm": 0.781, "neighbourhood": "Harborne", "pop_density": 305.1, "retail_score": 58.9}, "geometry": {"type": "Polygon", "coordinates": [[[-1.941373630432371, 52.457340232800014], [-1.9283420820542119, 52.45747754934428], [-1.9286291711194457, 52.46505278667949], [-1.9417079503585337, 52.46484681273267], [-1.942276343807307, 52.45672519533799]]]}}, {"type": "Feature", "properties": {"oa_code": "E00100102", "population": 378, "households": 147, "area_sqkm": 0.781, "neighbourhood": "Edgbaston", "pop_density": 295.0, "retail_score": 30.5}, "geometry": {"type": "Polygon", "coordinates": [[[-1.929546913906933, 52.45627513070637], [-1.9168456698313991, 52.457688856777395], [-1.916797718472665, 52.46554174944075], [-1.9283297603467315, 52.46576736433101], [-1.9299245050152856, 52.45667352874395]]]}}, {"type": "Feature", "properties": {"oa_code": "E00100103", "population": 278, "households": 109, "area_sqkm": 0.781, "neighbourhood": "Edgbaston", "pop_density": 217.0, "retail_score": 55.9}, "geometry": {"type": "Polygon", "coordinates": [[[-1.9162465602583558, 52.4563244944242], [-1.9023373098866228, 52.45754219562748], [-1.9023819125607224, 52.46433107833151], [-1.916124653189724, 52.46482171722302], [-1.9156472741556239, 52.456475060402916]]]}}, {"type": "Feature", "properties": {"oa_code": "E00100104", "population": 406, "households": 186, "area_sqkm": 0.781, "neighbourhood": "Moseley", "pop_density": 316.8, "retail_score": 62.2}, "geometry": {"type": "Polygon", "coordinates": [[[-1.9029319777006044, 52.456618935793145], [-1.8893827522578195, 52.456938031210086], [-1.8893297732145495, 52.46473568191647], [-1.9021057396595127, 52.46596887958709], [-1.903076640043119, 52.45656354346543]]]}}, {"type": "Feature", "properties": {"oa_code": "E00100105", "population": 417, "households": 162, "area_sqkm": 0.781, "neighbourhood": "Moseley", "pop_density": 325.4, "retail_score": 41.8}, "geometry": {"type": "Polygon", "coordinates": [[[-1.8890674636935891, 52.457633782479185], [-1.876397481551698, 52.45627679706923], [-1.877499993576823, 52.465282358072436], [-1.8892517661098966, 52.46510908149087], [-1.8907948205365042, 52.45769178455349]]]}}, {"type": "Feature", "properties": {"oa_code": "E00100106", "population": 557, "households": 273, "area_sqkm": 0.781, "neighbourhood": "Sparkbrook", "pop_density": 434.7, "retail_score": 99.6}, "geometry": {"type": "Polygon", "coordinates": [[[-1.8761893875820446, 52.456294697312], [-1.8641250548796113, 52.45789282652605], [-1.8645559239861873, 52.46490225598047], [-1.8773008298437237, 52.46405334038163], [-1.8778934862256589, 52.45700401422941]]]}}, {"type": "Feature", "properties": {"oa_code": "E00100107", "population": 539, "households": 239, "area_sqkm": 0.781, "neighbourhood": "Sparkbrook", "pop_density": 420.6, "retail_score": 20.4}, "geometry": {"type": "Polygon", "coordinates": [[[-1.8642501746531657, 52.45605637509108], [-1.8501383481905014, 52.45767835257524], [-1.850700078631413, 52.46558276127499], [-1.8647248008245494, 52.46457375879465], [-1.8633404768336956, 52.457392143977174]]]}}, {"type": "Feature", "properties": {"oa_code": "E00100108", "population": 525, "households": 236, "area_sqkm": 0.781, "neighbourhood": "Small Heath", "pop_density": 409.7, "retail_score": 83.5}, "geometry": {"type": "Polygon", "coordinates": [[[-1.85184154845746, 52.456511847856895], [-1.8373300738014366, 52.45709760849091], [-1.8375455304293515, 52.4650555430118], [-1.8517776262793528, 52.464576203156106], [-1.8513976976108288, 52.45609549889326]]]}}, {"type": "Feature", "properties": {"oa_code": "E00100109", "population": 406, "households": 164, "area_sqkm": 0.781, "neighbourhood": "Acocks Green", "pop_density": 316.8, "retail_score": 26.8}, "geometry": {"type": "Polygon", "coordinates": [[[-1.8380857727667286, 52.456221715790605], [-1.8241897062286776, 52.45719347808566], [-1.8259671292955897, 52.465030751460446], [-1.8385161237311594, 52.464287153680516], [-1.8381415222137947, 52.457229619165574]]]}}, {"type": "Feature", "properties": {"oa_code": "E00100110", "population": 508, "households": 247, "area_sqkm": 0.781, "neighbourhood": "Acocks Green", "pop_density": 396.4, "retail_score": 21.3}, "geometry": {"type": "Polygon", "coordinates": [[[-1.8240506910180971, 52.45613535864584], [-1.8119478811093572, 52.45701465539318], [-1.8110233370288087, 52.46510830390486], [-1.8252190925348815, 52.46494027015634], [-1.8247286584170643, 52.45796207884513]]]}}, {"type": "Feature", "properties": {"oa_code": "E00100111", "population": 434, "households": 191, "area_sqkm": 0.781, "neighbourhood": "Yardley", "pop_density": 338.7, "retail_score": 75.6}, "geometry": {"type": "Polygon", "coordinates": [[[-1.8114229599674425, 52.45668960498635], [-1.7985341179571004, 52.457256513924975], [-1.798456997251782, 52.46547037396965], [-1.8123349627832577, 52.464088671376615], [-1.8119079725095861, 52.457627017731134]]]}}, {"type": "Feature", "properties": {"oa_code": "E00100112", "population": 447, "households": 193, "area_sqkm": 0.781, "neighbourhood": "Yardley", "pop_density": 348.8, "retail_score": 99.1}, "geometry": {"type": "Polygon", "coordinates": [[[-1.798736528304485, 52.457622995363714], [-1.7868737989259373, 52.45755238079943], [-1.7860846408451072, 52.464586885142374], [-1.7999123874486835, 52.464398939667454], [-1.799916188116141, 52.457866741959926]]]}}, {"type": "Feature", "properties": {"oa_code": "E00100113", "population": 406, "households": 150, "area_sqkm": 0.781, "neighbourhood": "Harborne", "pop_density": 316.8, "retail_score": 50.9}, "geometry": {"type": "Polygon", "coordinates": [[[-1.967913938604692, 52.46450662753043], [-1.9544934181623628, 52.464382206861494], [-1.9552860516479298, 52.47356168313399], [-1.9672684034458443, 52.47266384937279], [-1.9687510499835117, 52.464736038348654]]]}}, {"type": "Feature", "properties": {"oa_code": "E00100114", "population": 369, "households": 157, "area_sqkm": 0.781, "neighbourhood": "Harborne", "pop_density": 288.0, "retail_score": 45.7}, "geometry": {"type": "Polygon", "coordinates": [[[-1.95405255283137, 52.4649924064531], [-1.9420049532150134, 52.46584862093328], [-1.9419614482929308, 52.47360229617483], [-1.9545458373513152, 52.47215785401214], [-1.9547950934023401, 52.4656446825591]]]}}, {"type": "Feature", "properties": {"oa_code": "E00100115", "population": 406, "households": 146, "area_sqkm": 0.781, "neighbourhood": "Harborne", "pop_density": 316.8, "retail_score": 95.8}, "geometry": {"type": "Polygon", "coordinates": [[[-1.9428398621778507, 52.46532183844294], [-1.9293870082878193, 52.46520524325548], [-1.9291477678542346, 52.47337952961692], [-1.9422969060324566, 52.472084710325724], [-1.941259925649888, 52.46470511862064]]]}}, {"type": "Feature", "properties": {"oa_code": "E00100116", "population": 392, "households": 209, "area_sqkm": 0.781, "neighbourhood": "Edgbaston", "pop_density": 305.9, "retail_score": 82.3}, "geometry": {"type": "Polygon", "coordinates": [[[-1.9298499176700243, 52.46527502507579], [-1.9162733777386989, 52.46560219195115], [-1.9156411787843715, 52.47390557879259], [-1.9297144410632756, 52.47321514580667], [-1.9284373760605138, 52.46406959793162]]]}}, {"type": "Feature", "properties": {"oa_code": "E00100117", "population": 281, "households": 137, "area_sqkm": 0.781, "neighbourhood": "Edgbaston", "pop_density": 219.3, "retail_score": 29.1}, "geometry": {"type": "Polygon", "coordinates": [[[-1.9162673430537864, 52.464765708803405], [-1.9028655107165526, 52.46521018965773], [-1.902641875886174, 52.47389764705856], [-1.9162559732430595, 52.47352616894362], [-1.915852156443333, 52.465058919763095]]]}}, {"type": "Feature", "properties": {"oa_code": "E00100118", "population": 418, "households": 182, "area_sqkm": 0.781, "neighbourhood": "City Centre", "pop_density": 326.2, "retail_score": 29.8}, "geometry": {"type": "Polygon", "coordinates": [[[-1.9025286502810421, 52.464998087920534], [-1.8902260252399226, 52.465123345421546], [-1.890476446646826, 52.472520579542305], [-1.9031074537751898, 52.47399273022434], [-1.9034288462446045, 52.46583295781911]]]}}, {"type": "Feature", "properties": {"oa_code": "E00100119", "population": 267, "households": 100, "area_sqkm": 0.781, "neighbourhood": "Digbeth", "pop_density": 208.4, "retail_score": 76.9}, "geometry": {"type": "Polygon", "coordinates": [[[-1.8892943474192323, 52.46490408537051], [-1.8762026419384286, 52.46489022238551], [-1.8778244185177917, 52.47336385852053], [-1.8893089575620516, 52.47263917554423], [-1.8903051494105239, 52.464129878156655]]]}}, {"type": "Feature", "properties": {"oa_code": "E00100120", "population": 510, "households": 235, "area_sqkm": 0.781, "neighbourhood": "Sparkbrook", "pop_density": 398.0, "retail_score": 84.3}, "geometry": {"type": "Polygon", "coordinates": [[[-1.8761453510865547, 52.46527540004515], [-1.8634126072323112, 52.46501751149037], [-1.8647572750898442, 52.47240196074238], [-1.8777222462559244, 52.47358074612164], [-1.8779474319463845, 52.46510804287455]]]}}, {"type": "Feature", "properties": {"oa_code": "E00100121", "population": 571, "households": 253, "area_sqkm": 0.781, "neighbourhood": "Small Heath", "pop_density": 445.6, "retail_score": 74.4}, "geometry": {"type": "Polygon", "coordinates": [[[-1.8638967061321483, 52.46522389672526], [-1.8518275690366974, 52.46461858143508], [-1.8500008099121326, 52.473437739319806], [-1.8639486086903405, 52.473538329100776], [-1.8633533212009845, 52.46414750142585]]]}}, {"type": "Feature", "properties": {"oa_code": "E00100122", "population": 503, "households": 257, "area_sqkm": 0.781, "neighbourhood": "Small Heath", "pop_density": 392.5, "retail_score": 33.2}, "geometry": {"type": "Polygon", "coordinates": [[[-1.851310970438596, 52.46575592030332], [-1.8374394741423248, 52.46527958785876], [-1.8386360737268972, 52.473932529227895], [-1.8511347634270374, 52.473821424541924], [-1.8518891742999657, 52.4642483222413]]]}}, {"type": "Feature", "properties": {"oa_code": "E00100123", "population": 420, "households": 182, "area_sqkm": 0.781, "neighbourhood": "Bordesley Green", "pop_density": 327.8, "retail_score": 33.5}, "geometry": {"type": "Polygon", "coordinates": [[[-1.8383546784976923, 52.46541866426508], [-1.8253079538353179, 52.465881808109884], [-1.8242101481663593, 52.47369186741234], [-1.8384987893820375, 52.4732701141828], [-1.837898317169035, 52.464250340590276]]]}}, {"type": "Feature", "properties": {"oa_code": "E00100124", "population": 485, "households": 198, "area_sqkm": 0.781, "neighbourhood": "Yardley", "pop_density": 378.5, "retail_score": 66.1}, "geometry": {"type": "Polygon", "coordinates": [[[-1.8241167860242644, 52.46430838853379], [-1.8116825342532341, 52.465441265536896], [-1.8117897221842778, 52.47368506000826], [-1.8248727639311388, 52.47365047253468], [-1.8259432530242037, 52.464090923606605]]]}}, {"type": "Feature", "properties": {"oa_code": "E00100125", "population": 432, "households": 230, "area_sqkm": 0.781, "neighbourhood": "Yardley", "pop_density": 337.1, "retail_score": 24.8}, "geometry": {"type": "Polygon", "coordinates": [[[-1.8116977400450305, 52.46553391800186], [-1.7991668264326752, 52.46527798238444], [-1.7990039238797295, 52.47325432802062], [-1.8124206566863983, 52.47391330033994], [-1.8120341103636508, 52.46560937630846]]]}}, {"type": "Feature", "properties": {"oa_code": "E00100126", "population": 341, "households": 157, "area_sqkm": 0.781, "neighbourhood": "Stechford", "pop_density": 266.1, "retail_score": 64.9}, "geometry": {"type": "Polygon", "coordinates": [[[-1.7991207890001608, 52.46496850226024], [-1.786591953972875, 52.46521332052566], [-1.7863748350015078, 52.47343672577025], [-1.7985316004903926, 52.47372155473153], [-1.798049251744172, 52.46426153230313]]]}}, {"type": "Feature", "properties": {"oa_code": "E00100127", "population": 394, "households": 165, "area_sqkm": 0.781, "neighbourhood": "Stechford", "pop_density": 307.5, "retail_score": 45.0}, "geometry": {"type": "Polygon", "coordinates": [[[-1.7863617682271955, 52.46493294513411], [-1.7734650566510934, 52.46449583776508], [-1.7738063766948808, 52.47258042400997], [-1.7862317003329986, 52.473230754888355], [-1.7865034594392395, 52.465730615003466]]]}}, {"type": "Feature", "properties": {"oa_code": "E00100128", "population": 376, "households": 174, "area_sqkm": 0.781, "neighbourhood": "Harborne", "pop_density": 293.4, "retail_score": 24.0}, "geometry": {"type": "Polygon", "coordinates": [[[-1.9674737572497232, 52.47299653108415], [-1.9549705503215375, 52.47299751941682], [-1.9553829190358916, 52.48004635259646], [-1.9671095343918619, 52.48101088892608], [-1.9670666267388954, 52.47243028884508]]]}}, {"type": "Feature", "properties": {"oa_code": "E00100129", "population": 323, "households": 136, "area_sqkm": 0.781, "neighbourhood": "Harborne", "pop_density": 252.1, "retail_score": 35.6}, "geometry": {"type": "Polygon", "coordinates": [[[-1.9550102115929502, 52.47376467895276], [-1.9416914799262215, 52.472941173706765], [-1.9419266185014228, 52.48169434473082], [-1.9551381444613054, 52.481764911461866], [-1.9545449838732818, 52.47352771352835]]]}}, {"type": "Feature", "properties": {"oa_code": "E00100130", "population": 332, "households": 127, "area_sqkm": 0.781, "neighbourhood": "Edgbaston", "pop_density": 259.1, "retail_score": 47.1}, "geometry": {"type": "Polygon", "coordinates": [[[-1.9418935541467583, 52.47214706349951], [-1.9289914889417543, 52.47352880822944], [-1.9294405586447527, 52.481978181401274], [-1.9416392027197629, 52.480237622039475], [-1.941049834369173, 52.47278780742548]]]}}, {"type": "Feature", "properties": {"oa_code": "E00100131", "population": 313, "households": 147, "area_sqkm": 0.781, "neighbourhood": "Edgbaston", "pop_density": 244.3, "retail_score": 69.0}, "geometry": {"type": "Polygon", "coordinates": [[[-1.92812210286609, 52.47350993034461], [-1.916601884236896, 52.47301824503248], [-1.9159998441928596, 52.48009060670496], [-1.9297259272528657, 52.48066608141074], [-1.9290525116992103, 52.472913977118594]]]}}, {"type": "Feature", "properties": {"oa_code": "E00100132", "population": 502, "households": 231, "area_sqkm": 0.781, "neighbourhood": "Ladywood", "pop_density": 391.8, "retail_score": 73.9}, "geometry": {"type": "Polygon", "coordinates": [[[-1.916674995908247, 52.47398123147515], [-1.9025213612788536, 52.472598468685085], [-1.9033272530956975, 52.48165657877195], [-1.9159353203402492, 52.4814174796129], [-1.916400418870526, 52.47363149766652]]]}}, {"type": "Feature", "properties": {"oa_code": "E00100133", "population": 349, "households": 146, "area_sqkm": 0.781, "neighbourhood": "City Centre", "pop_density": 272.4, "retail_score": 33.6}, "geometry": {"type": "Polygon", "coordinates": [[[-1.9020402039376425, 52.47316740428373], [-1.8894064903721408, 52.47345064842513], [-1.8896239126975956, 52.48005329430996], [-1.9030508195718308, 52.48193414139237], [-1.9024341920171381, 52.473552324050374]]]}}, {"type": "Feature", "properties": {"oa_code": "E00100134", "population": 388, "households": 198, "area_sqkm": 0.781, "neighbourhood": "Digbeth", "pop_density": 302.8, "retail_score": 75.2}, "geometry": {"type": "Polygon", "coordinates": [[[-1.8897419495177104, 52.47323947161103], [-1.8763176657500846, 52.47229555141663], [-1.8766385462098998, 52.48006314102671], [-1.8891035896584325, 52.4802197910427], [-1.8909621252649877, 52.47262738496692]]]}}, {"type": "Feature", "properties": {"oa_code": "E00100135", "population": 264, "households": 133, "area_sqkm": 0.781, "neighbourhood": "Digbeth", "pop_density": 206.0, "retail_score": 93.0}, "geometry": {"type": "Polygon", "coordinates": [[[-1.8771792451813556, 52.47354994460364], [-1.8631589581002068, 52.47374563541785], [-1.863528325457464, 52.48012456257206], [-1.8777238350284307, 52.480414683409975], [-1.877349900931149, 52.47332445359945]]]}}, {"type": "Feature", "properties": {"oa_code": "E00100136", "population": 486, "households": 240, "area_sqkm": 0.781, "neighbourhood": "Small Heath", "pop_density": 379.3, "retail_score": 97.8}, "geometry": {"type": "Polygon", "coordinates": [[[-1.8643153459646375, 52.472708573977314], [-1.8504560204317038, 52.47344184912268], [-1.8507133818000023, 52.48138662662009], [-1.8637798468398437, 52.480384528338305], [-1.8645069617289465, 52.47311617330164]]]}}, {"type": "Feature", "properties": {"oa_code": "E00100137", "population": 518, "households": 186, "area_sqkm": 0.781, "neighbourhood": "Bordesley Green", "pop_density": 404.3, "retail_score": 85.5}, "geometry": {"type": "Polygon", "coordinates": [[[-1.8514047708694474, 52.47257800827484], [-1.838585444410292, 52.473409976519505], [-1.8383659185099646, 52.480697606348436], [-1.8501325992504598, 52.481590810712035], [-1.8514530849264905, 52.47224374821149]]]}}, {"type": "Feature", "properties": {"oa_code": "E00100138", "population": 430, "households": 183, "area_sqkm": 0.781, "neighbourhood": "Bordesley Green", "pop_density": 335.6, "retail_score": 94.6}, "geometry": {"type": "Polygon", "coordinates": [[[-1.8370907822732185, 52.47360923166794], [-1.8254190946960156, 52.47257526068326], [-1.8245717174250047, 52.48069272702822], [-1.8381152477762717, 52.48051288795098], [-1.8380418414739685, 52.472404136014426]]]}}, {"type": "Feature", "properties": {"oa_code": "E00100139", "population": 435, "households": 169, "area_sqkm": 0.781, "neighbourhood": "Yardley", "pop_density": 339.5, "retail_score": 20.4}, "geometry": {"type": "Polygon", "coordinates": [[[-1.8246076573987078, 52.47227454590963], [-1.8117686459311726, 52.47317366099717], [-1.812515083923181, 52.48133966792982], [-1.824937917020536, 52.48127588914685], [-1.8258950177863227, 52.47282660273213]]]}}, {"type": "Feature", "properties": {"oa_code": "E00100140", "population": 446, "households": 164, "area_sqkm": 0.781, "neighbourhood": "Yardley", "pop_density": 348.1, "retail_score": 27.2}, "geometry": {"type": "Polygon", "coordinates": [[[-1.8118992948684425, 52.473858199360365], [-1.799186185096908, 52.47387006419722], [-1.7982432007569733, 52.48095489704091], [-1.8126010880506664, 52.481927828077815], [-1.8123576645957633, 52.473291795835806]]]}}, {"type": "Feature", "properties": {"oa_code": "E00100141", "population": 391, "households": 142, "area_sqkm": 0.781, "neighbourhood": "Stechford", "pop_density": 305.1, "retail_score": 97.0}, "geometry": {"type": "Polygon", "coordinates": [[[-1.798851733293651, 52.473070304553815], [-1.785553764643517, 52.47387333875953], [-1.7851735405486622, 52.48035012955099], [-1.798235510053672, 52.48035157741511], [-1.7981607303762999, 52.47399434360621]]]}}, {"type": "Feature", "properties": {"oa_code": "E00100142", "population": 405, "households": 147, "area_sqkm": 0.781, "neighbourhood": "Stechford", "pop_density": 316.1, "retail_score": 88.1}, "geometry": {"type": "Polygon", "coordinates": [[[-1.785147920604209, 52.473753486335866], [-1.7739814656630417, 52.47313592373736], [-1.7737853986184549, 52.481965987776775], [-1.7864308766953017, 52.481978198940205], [-1.785913399032888, 52.47298782484071]]]}}, {"type": "Feature", "properties": {"oa_code": "E00100143", "population": 340, "households": 128, "area_sqkm": 0.78, "neighbourhood": "Harborne", "pop_density": 265.3, "retail_score": 91.8}, "geometry": {"type": "Polygon", "coordinates": [[[-1.955063958461988, 52.480385622796575], [-1.9427747064779604, 52.48032498852511], [-1.942082171057936, 52.488514529760494], [-1.9556276018617444, 52.48947323579102], [-1.95441846467115, 52.48113556244487]]]}}, {"type": "Feature", "properties": {"oa_code": "E00100144", "population": 244, "households": 95, "area_sqkm": 0.78, "neighbourhood": "Edgbaston", "pop_density": 190.4, "retail_score": 96.3}, "geometry": {"type": "Polygon", "coordinates": [[[-1.941346020349448, 52.48103056131795], [-1.929826524460304, 52.48133851170685], [-1.929630437597906, 52.4882812237513], [-1.9423527966598304, 52.48849609416737], [-1.9424784294458697, 52.480471042505634]]]}}, {"type": "Feature", "properties": {"oa_code": "E00100145", "population": 504, "households": 238, "area_sqkm": 0.78, "neighbourhood": "Ladywood", "pop_density": 393.3, "retail_score": 29.4}, "geometry": {"type": "Polygon", "coordinates": [[[-1.9293961083206175, 52.48144576505683], [-1.9169771285316124, 52.48130736673417], [-1.9156144628191554, 52.48812424866363], [-1.9297635503043928, 52.48861361268404], [-1.929189166774064, 52.481005040942506]]]}}, {"type": "Feature", "properties": {"oa_code": "E00100146", "population": 354, "households": 155, "area_sqkm": 0.78, "neighbourhood": "Jewellery Qtr", "pop_density": 276.3, "retail_score": 63.0}, "geometry": {"type": "Polygon", "coordinates": [[[-1.9151677392282995, 52.48059007520034], [-1.9027707491037131, 52.480438257201904], [-1.9037328624356074, 52.48830637112941], [-1.915504530325699, 52.48921147789621], [-1.9161683087691384, 52.48109846901767]]]}}, {"type": "Feature", "properties": {"oa_code": "E00100147", "population": 470, "households": 203, "area_sqkm": 0.78, "neighbourhood": "City Centre", "pop_density": 366.8, "retail_score": 65.8}, "geometry": {"type": "Polygon", "coordinates": [[[-1.9026718111213217, 52.48043682324534], [-1.8905050691413838, 52.48150947909948], [-1.8892537298830256, 52.48816374061298], [-1.903106504045008, 52.48940753225035], [-1.903843794555706, 52.481128337444574]]]}}, {"type": "Feature", "properties": {"oa_code": "E00100148", "population": 430, "households": 185, "area_sqkm": 0.78, "neighbourhood": "City Centre", "pop_density": 335.6, "retail_score": 56.5}, "geometry": {"type": "Polygon", "coordinates": [[[-1.8907002952372363, 52.48065623527552], [-1.8769593169176315, 52.4802324800444], [-1.8775891970289225, 52.48916629535692], [-1.8908181167110976, 52.4890207507081], [-1.8893826158336466, 52.48090686460039]]]}}, {"type": "Feature", "properties": {"oa_code": "E00100149", "population": 594, "households": 217, "area_sqkm": 0.78, "neighbourhood": "Nechells", "pop_density": 463.6, "retail_score": 25.5}, "geometry": {"type": "Polygon", "coordinates": [[[-1.877884526438136, 52.48092475661151], [-1.8633861692948925, 52.48144656015968], [-1.8642081025800947, 52.4896329064519], [-1.8765083910343374, 52.48915662253015], [-1.8779094203945454, 52.48068905773315]]]}}, {"type": "Feature", "properties": {"oa_code": "E00100150", "population": 506, "households": 189, "area_sqkm": 0.78, "neighbourhood": "Small Heath", "pop_density": 394.9, "retail_score": 92.5}, "geometry": {"type": "Polygon", "coordinates": [[[-1.8631324488748313, 52.48006346974208], [-1.8511822661283628, 52.4815379441252], [-1.8504683446341539, 52.48995666656988], [-1.8637082383638068, 52.4888407238778], [-1.8630142868028394, 52.48076495923773]]]}}, {"type": "Feature", "properties": {"oa_code": "E00100151", "population": 511, "households": 280, "area_sqkm": 0.78, "neighbourhood": "Bordesley Green", "pop_density": 398.8, "retail_score": 43.9}, "geometry": {"type": "Polygon", "coordinates": [[[-1.8512487089323972, 52.48136546070823], [-1.8376764149237506, 52.481078600527866], [-1.837692931803164, 52.48869553977431], [-1.8516430527419931, 52.48907451697283], [-1.8509423149209132, 52.48145571628184]]]}}, {"type": "Feature", "properties": {"oa_code": "E00100152", "population": 466, "households": 178, "area_sqkm": 0.78, "neighbourhood": "Bordesley Green", "pop_density": 363.7, "retail_score": 53.5}, "geometry": {"type": "Polygon", "coordinates": [[[-1.8376530002844482, 52.48108889067808], [-1.824936132783008, 52.48164672087478], [-1.825504975922994, 52.488692319470005], [-1.8384487005444112, 52.4898748207223], [-1.8375499521081835, 52.48022568927756]]]}}, {"type": "Feature", "properties": {"oa_code": "E00100153", "population": 377, "households": 186, "area_sqkm": 0.78, "neighbourhood": "Yardley", "pop_density": 294.2, "retail_score": 89.1}, "geometry": {"type": "Polygon", "coordinates": [[[-1.8244678930649738, 52.48176751324372], [-1.8129687084072745, 52.48041216324373], [-1.8127982065738166, 52.488067152551544], [-1.8248044302065385, 52.48940657253376], [-1.825902647357514, 52.48148108215699]]]}}, {"type": "Feature", "properties": {"oa_code": "E00100154", "population": 461, "households": 237, "area_sqkm": 0.78, "neighbourhood": "Stechford", "pop_density": 359.8, "retail_score": 72.8}, "geometry": {"type": "Polygon", "coordinates": [[[-1.8128871119299528, 52.48100779169791], [-1.799421473097294, 52.48163157251356], [-1.7985369650337697, 52.48863780739277], [-1.8118041646514471, 52.48934506380291], [-1.8123586697692156, 52.48060352887032]]]}}, {"type": "Feature", "properties": {"oa_code": "E00100155", "population": 526, "households": 203, "area_sqkm": 0.78, "neighbourhood": "Stechford", "pop_density": 410.5, "retail_score": 45.5}, "geometry": {"type": "Polygon", "coordinates": [[[-1.7995579145191096, 52.480601001907544], [-1.7868780847257884, 52.481897040510084], [-1.785240572218074, 52.48982315533127], [-1.798748013724705, 52.48885440116462], [-1.7990087584250156, 52.48194458047072]]]}}, {"type": "Feature", "properties": {"oa_code": "E00100156", "population": 343, "households": 145, "area_sqkm": 0.78, "neighbourhood": "Stechford", "pop_density": 267.7, "retail_score": 97.4}, "geometry": {"type": "Polygon", "coordinates": [[[-1.786167350733159, 52.48029843521568], [-1.7732470796229876, 52.48150883219451], [-1.7730529623591775, 52.48969868186455], [-1.7863985271624114, 52.48941515359501], [-1.785388447680132, 52.48182948234766]]]}}, {"type": "Feature", "properties": {"oa_code": "E00100157", "population": 393, "households": 163, "area_sqkm": 0.78, "neighbourhood": "Handsworth", "pop_density": 306.7, "retail_score": 89.9}, "geometry": {"type": "Polygon", "coordinates": [[[-1.954885426483602, 52.48826818550215], [-1.9425142829678215, 52.48840667346615], [-1.9417065882969047, 52.49784445220906], [-1.9543057332281613, 52.49618492799309], [-1.954550830575386, 52.48838096323689]]]}}, {"type": "Feature", "properties": {"oa_code": "E00100158", "population": 491, "households": 177, "area_sqkm": 0.78, "neighbourhood": "Handsworth", "pop_density": 383.2, "retail_score": 29.4}, "geometry": {"type": "Polygon", "coordinates": [[[-1.9426236734121352, 52.48952339283511], [-1.9285513895202964, 52.489117700952576], [-1.929041211587059, 52.497738947703084], [-1.942334071378363, 52.49791403952109], [-1.9429693325875437, 52.489874319526436]]]}}, {"type": "Feature", "properties": {"oa_code": "E00100159", "population": 420, "households": 181, "area_sqkm": 0.78, "neighbourhood": "Handsworth", "pop_density": 327.8, "retail_score": 59.8}, "geometry": {"type": "Polygon", "coordinates": [[[-1.9280008559859652, 52.488957841752715], [-1.9165148136363093, 52.48920880306819], [-1.916590973714045, 52.49783025291922], [-1.928895841414905, 52.49755102776416], [-1.9292386765112548, 52.48906730025487]]]}}, {"type": "Feature", "properties": {"oa_code": "E00100160", "population": 410, "households": 198, "area_sqkm": 0.78, "neighbourhood": "Jewellery Qtr", "pop_density": 320.0, "retail_score": 94.8}, "geometry": {"type": "Polygon", "coordinates": [[[-1.91680278353687, 52.489962636913724], [-1.9030610191559558, 52.48967946236316], [-1.902171339002206, 52.4967414098429], [-1.9161721396588436, 52.497125049454965], [-1.9165574518033683, 52.48829184542624]]]}}, {"type": "Feature", "properties": {"oa_code": "E00100161", "population": 578, "households": 236, "area_sqkm": 0.78, "neighbourhood": "Lozells", "pop_density": 451.1, "retail_score": 59.2}, "geometry": {"type": "Polygon", "coordinates": [[[-1.9028417141479261, 52.48883515614714], [-1.8906951771796328, 52.48865973057199], [-1.8902403204505187, 52.49766672543061], [-1.9030013970352622, 52.497309215932276], [-1.9026303067753092, 52.4885146535153]]]}}, {"type": "Feature", "properties": {"oa_code": "E00100162", "population": 359, "households": 135, "area_sqkm": 0.78, "neighbourhood": "Aston", "pop_density": 280.2, "retail_score": 95.6}, "geometry": {"type": "Polygon", "coordinates": [[[-1.8906635327080978, 52.48958995102874], [-1.8776614685782806, 52.489440627061555], [-1.8770233673574928, 52.497833798779425], [-1.8899157262892983, 52.4972836189264], [-1.8908825358968395, 52.48806764751436]]]}}, {"type": "Feature", "properties": {"oa_code": "E00100163", "population": 491, "households": 215, "area_sqkm": 0.78, "neighbourhood": "Nechells", "pop_density": 383.2, "retail_score": 59.0}, "geometry": {"type": "Polygon", "coordinates": [[[-1.8766635689132147, 52.489528677687176], [-1.86417521555517, 52.489685089433685], [-1.8645371332158462, 52.497414339127445], [-1.8779817170766198, 52.49701146583942], [-1.8772535986146275, 52.489235670471786]]]}}, {"type": "Feature", "properties": {"oa_code": "E00100164", "population": 351, "households": 129, "area_sqkm": 0.78, "neighbourhood": "Nechells", "pop_density": 273.9, "retail_score": 28.6}, "geometry": {"type": "Polygon", "coordinates": [[[-1.864986775286017, 52.48910328712186], [-1.8519762980637455, 52.48905883529372], [-1.8514505185256056, 52.4979549586965], [-1.8649657148047964, 52.49762631444187], [-1.8636519340957627, 52.48961233539793]]]}}, {"type": "Feature", "properties": {"oa_code": "E00100165", "population": 468, "households": 188, "area_sqkm": 0.78, "neighbourhood": "Washwood Heath", "pop_density": 365.2, "retail_score": 87.8}, "geometry": {"type": "Polygon", "coordinates": [[[-1.8518073722194985, 52.488297794971515], [-1.8386161358860182, 52.48905291197083], [-1.837369571218575, 52.49653464947339], [-1.8512062071550053, 52.49674610316696], [-1.8511879451802535, 52.48913000436493]]]}}, {"type": "Feature", "properties": {"oa_code": "E00100166", "population": 465, "households": 208, "area_sqkm": 0.78, "neighbourhood": "Washwood Heath", "pop_density": 362.9, "retail_score": 82.8}, "geometry": {"type": "Polygon", "coordinates": [[[-1.8376925285608832, 52.48971643831808], [-1.8244808282996479, 52.488187001010886], [-1.8252414719555219, 52.49710540287909], [-1.8388877701217434, 52.49601890034534], [-1.8386572328495594, 52.48899971678626]]]}}, {"type": "Feature", "properties": {"oa_code": "E00100167", "population": 503, "households": 186, "area_sqkm": 0.78, "neighbourhood": "Washwood Heath", "pop_density": 392.5, "retail_score": 65.1}, "geometry": {"type": "Polygon", "coordinates": [[[-1.8248682867440995, 52.48971592062676], [-1.8128092763290602, 52.48905631837132], [-1.8129148964847674, 52.496422834111804], [-1.8242637662188383, 52.49777510861411], [-1.825048999424711, 52.48809312394152]]]}}, {"type": "Feature", "properties": {"oa_code": "E00100168", "population": 452, "households": 221, "area_sqkm": 0.78, "neighbourhood": "Stechford", "pop_density": 352.7, "retail_score": 86.8}, "geometry": {"type": "Polygon", "coordinates": [[[-1.8129341964396946, 52.48985753272254], [-1.7993710306135484, 52.489922938379785], [-1.7988259277918328, 52.49750450893973], [-1.8115745772001028, 52.49679659204082], [-1.8128461250171188, 52.48832490050146]]]}}, {"type": "Feature", "properties": {"oa_code": "E00100169", "population": 322, "households": 150, "area_sqkm": 0.78, "neighbourhood": "Stechford", "pop_density": 251.3, "retail_score": 81.5}, "geometry": {"type": "Polygon", "coordinates": [[[-1.799221686785267, 52.489793051534036], [-1.786336540320758, 52.489511218529074], [-1.7867200988115315, 52.49797695591587], [-1.798551672859813, 52.49700158570331], [-1.7980513533451297, 52.48810739286393]]]}}, {"type": "Feature", "properties": {"oa_code": "E00100170", "population": 407, "households": 164, "area_sqkm": 0.78, "neighbourhood": "Stechford", "pop_density": 317.6, "retail_score": 72.9}, "geometry": {"type": "Polygon", "coordinates": [[[-1.7850902832061726, 52.48879340609865], [-1.7724528901677392, 52.48805925131792], [-1.7734533459427444, 52.49798517175694], [-1.7860187930877802, 52.496711622395445], [-1.7851177143100603, 52.48886369589251]]]}}, {"type": "Feature", "properties": {"oa_code": "E00100171", "population": 406, "households": 192, "area_sqkm": 0.78, "neighbourhood": "Handsworth", "pop_density": 316.8, "retail_score": 48.8}, "geometry": {"type": "Polygon", "coordinates": [[[-1.955828611764727, 52.49723723178055], [-1.941403889652395, 52.49742621706539], [-1.9428359239806543, 52.50430844192777], [-1.9545766456904432, 52.505267801763964], [-1.9545206894220473, 52.4966333564574]]]}}, {"type": "Feature", "properties": {"oa_code": "E00100172", "population": 455, "households": 214, "area_sqkm": 0.78, "neighbourhood": "Handsworth", "pop_density": 355.1, "retail_score": 50.8}, "geometry": {"type": "Polygon", "coordinates": [[[-1.942460467113522, 52.496265014009026], [-1.929625216432945, 52.49689768735408], [-1.928890519998783, 52.5048160883502], [-1.942947476191974, 52.50470782857473], [-1.9428138714790808, 52.497196087595626]]]}}, {"type": "Feature", "properties": {"oa_code": "E00100173", "population": 483, "households": 259, "area_sqkm": 0.78, "neighbourhood": "Handsworth", "pop_density": 376.9, "retail_score": 54.8}, "geometry": {"type": "Polygon", "coordinates": [[[-1.929416305297408, 52.49677559911879], [-1.9168306009661438, 52.49780227208975], [-1.915189584851374, 52.505956346128066], [-1.9288560791385017, 52.50433916584682], [-1.9292385359530233, 52.496277680117956]]]}}, {"type": "Feature", "properties": {"oa_code": "E00100174", "population": 559, "households": 203, "area_sqkm": 0.78, "neighbourhood": "Lozells", "pop_density": 436.2, "retail_score": 46.6}, "geometry": {"type": "Polygon", "coordinates": [[[-1.9161577953204558, 52.496968462627905], [-1.9038461572772105, 52.496503399475614], [-1.903506819863307, 52.50525006737558], [-1.9158123872039226, 52.5043910964498], [-1.916786055264839, 52.496609315991535]]]}}, {"type": "Feature", "properties": {"oa_code": "E00100175", "population": 576, "households": 208, "area_sqkm": 0.78, "neighbourhood": "Lozells", "pop_density": 449.5, "retail_score": 97.5}, "geometry": {"type": "Polygon", "coordinates": [[[-1.9027596156242514, 52.49760815292395], [-1.8903409165674425, 52.49666947244753], [-1.889369049059995, 52.505719016934236], [-1.9020515492469916, 52.504272248943195], [-1.9033586696892508, 52.49789455784407]]]}}, {"type": "Feature", "properties": {"oa_code": "E00100176", "population": 538, "households": 224, "area_sqkm": 0.78, "neighbourhood": "Aston", "pop_density": 419.9, "retail_score": 63.7}, "geometry": {"type": "Polygon", "coordinates": [[[-1.890417103696841, 52.49738991553538], [-1.8770179853742168, 52.497151758563284], [-1.8775151514064399, 52.504752110604684], [-1.8893670109691352, 52.50478587025952], [-1.890772224352777, 52.49712770101729]]]}}, {"type": "Feature", "properties": {"oa_code": "E00100177", "population": 480, "households": 197, "area_sqkm": 0.78, "neighbourhood": "Aston", "pop_density": 374.6, "retail_score": 39.4}, "geometry": {"type": "Polygon", "coordinates": [[[-1.876636574733741, 52.49710019831403], [-1.8630939907770285, 52.4969232444457], [-1.8635832658974891, 52.50487690990865], [-1.8774173375840306, 52.50538567055869], [-1.8763620688639921, 52.497591313672025]]]}}, {"type": "Feature", "properties": {"oa_code": "E00100178", "population": 433, "households": 184, "area_sqkm": 0.78, "neighbourhood": "Nechells", "pop_density": 337.9, "retail_score": 83.3}, "geometry": {"type": "Polygon", "coordinates": [[[-1.8636826740629366, 52.49743047278263], [-1.8504218464735611, 52.4961479302712], [-1.8500185987711273, 52.50495846939958], [-1.8641983898053425, 52.5050132252861], [-1.8631592156310446, 52.49738341773183]]]}}, {"type": "Feature", "properties": {"oa_code": "E00100179", "population": 527, "households": 239, "area_sqkm": 0.78, "neighbourhood": "Washwood Heath", "pop_density": 411.3, "retail_score": 80.2}, "geometry": {"type": "Polygon", "coordinates": [[[-1.8512809410139688, 52.497791003030756], [-1.8379261880279523, 52.497276360734055], [-1.8388300361318994, 52.50553790809588], [-1.8506847967108397, 52.504710017638935], [-1.8507060003040345, 52.49608859338709]]]}}, {"type": "Feature", "properties": {"oa_code": "E00100180", "population": 497, "households": 193, "area_sqkm": 0.78, "neighbourhood": "Washwood Heath", "pop_density": 387.9, "retail_score": 67.1}, "geometry": {"type": "Polygon", "coordinates": [[[-1.8370685664445738, 52.496860911087815], [-1.8259789044544323, 52.49651747674084], [-1.8249786475189513, 52.505037595533736], [-1.8378389634089534, 52.50515047079658], [-1.8381084428969916, 52.49678226833739]]]}}, {"type": "Feature", "properties": {"oa_code": "E00100181", "population": 369, "households": 161, "area_sqkm": 0.78, "neighbourhood": "Washwood Heath", "pop_density": 288.0, "retail_score": 58.1}, "geometry": {"type": "Polygon", "coordinates": [[[-1.824999068436762, 52.49668993477523], [-1.81295087469395, 52.49620909871605], [-1.8121680491429502, 52.5059234557314], [-1.8257678613240835, 52.50588135231633], [-1.8257166496463384, 52.496623780687834]]]}}, {"type": "Feature", "properties": {"oa_code": "E00100182", "population": 411, "households": 147, "area_sqkm": 0.78, "neighbourhood": "Castle Vale", "pop_density": 320.7, "retail_score": 39.5}, "geometry": {"type": "Polygon", "coordinates": [[[-1.8121236681234556, 52.497393526531084], [-1.7993621810515663, 52.4966005281664], [-1.7983796281261644, 52.50423017053343], [-1.8113016399839077, 52.505295939834596], [-1.8116457213342199, 52.496328708185736]]]}}, {"type": "Feature", "properties": {"oa_code": "E00100183", "population": 345, "households": 144, "area_sqkm": 0.78, "neighbourhood": "Stechford", "pop_density": 269.2, "retail_score": 51.1}, "geometry": {"type": "Polygon", "coordinates": [[[-1.7996510935343535, 52.49632027142247], [-1.785880302095022, 52.4979169252435], [-1.786536288905179, 52.504810094872596], [-1.7996310964496989, 52.50528095775336], [-1.7991357310951432, 52.49605838454872]]]}}, {"type": "Feature", "properties": {"oa_code": "E00100184", "population": 380, "households": 184, "area_sqkm": 0.78, "neighbourhood": "Handsworth", "pop_density": 296.6, "retail_score": 89.0}, "geometry": {"type": "Polygon", "coordinates": [[[-1.9545905287680811, 52.50441156895877], [-1.9414953490092797, 52.5056174595773], [-1.9428748724970624, 52.51220350409749], [-1.9542560413399808, 52.512373919671305], [-1.955348030176803, 52.50491510084445]]]}}, {"type": "Feature", "properties": {"oa_code": "E00100185", "population": 432, "households": 229, "area_sqkm": 0.78, "neighbourhood": "Handsworth", "pop_density": 337.1, "retail_score": 30.7}, "geometry": {"type": "Polygon", "coordinates": [[[-1.9419445699607452, 52.50527821717137], [-1.9288060583414348, 52.50522261684232], [-1.9288259905708702, 52.51269584927491], [-1.9413089643946615, 52.513234725358714], [-1.9413725234914787, 52.50541197672193]]]}}, {"type": "Feature", "properties": {"oa_code": "E00100186", "population": 567, "households": 227, "area_sqkm": 0.78, "neighbourhood": "Handsworth", "pop_density": 442.5, "retail_score": 71.6}, "geometry": {"type": "Polygon", "coordinates": [[[-1.9297642766946774, 52.50461076000511], [-1.916633910963338, 52.505386873083474], [-1.9159783502610266, 52.51283647821246], [-1.9297242654029316, 52.512767419925716], [-1.9296284926014151, 52.50527100328416]]]}}, {"type": "Feature", "properties": {"oa_code": "E00100187", "population": 520, "households": 225, "area_sqkm": 0.78, "neighbourhood": "Lozells", "pop_density": 405.8, "retail_score": 59.6}, "geometry": {"type": "Polygon", "coordinates": [[[-1.9150002008948745, 52.505109825151706], [-1.9030207159476165, 52.504280593070234], [-1.9033708399706792, 52.512902001941534], [-1.916892777474739, 52.512718078344385], [-1.9169808331208742, 52.50427306942936]]]}}, {"type": "Feature", "properties": {"oa_code": "E00100188", "population": 385, "households": 195, "area_sqkm": 0.78, "neighbourhood": "Lozells", "pop_density": 300.5, "retail_score": 56.6}, "geometry": {"type": "Polygon", "coordinates": [[[-1.902630606658881, 52.50483126087059], [-1.8893202163957985, 52.504977399023915], [-1.8908346587484282, 52.51206172141133], [-1.90247788676291, 52.51258417981916], [-1.903450294163454, 52.505075217236445]]]}}, {"type": "Feature", "properties": {"oa_code": "E00100189", "population": 453, "households": 162, "area_sqkm": 0.78, "neighbourhood": "Aston", "pop_density": 353.5, "retail_score": 28.2}, "geometry": {"type": "Polygon", "coordinates": [[[-1.8895149634961415, 52.50553183910993], [-1.876900547630925, 52.50422642199062], [-1.8777715866972833, 52.51355022605577], [-1.889353434384006, 52.51273372354425], [-1.8893547781444084, 52.50408322104458]]]}}, {"type": "Feature", "properties": {"oa_code": "E00100190", "population": 423, "households": 207, "area_sqkm": 0.78, "neighbourhood": "Aston", "pop_density": 330.1, "retail_score": 84.9}, "geometry": {"type": "Polygon", "coordinates": [[[-1.876339858566916, 52.50550269098952], [-1.8644045821297954, 52.5059986253386], [-1.8641005353143403, 52.51269715395369], [-1.8763665428297682, 52.51287813980681], [-1.876012084631364, 52.5055512632998]]]}}, {"type": "Feature", "properties": {"oa_code": "E00100191", "population": 389, "households": 183, "area_sqkm": 0.78, "neighbourhood": "Nechells", "pop_density": 303.6, "retail_score": 76.3}, "geometry": {"type": "Polygon", "coordinates": [[[-1.8638241522060477, 52.504701261682264], [-1.8505784920810138, 52.50526554126189], [-1.8516680367646208, 52.51227846993189], [-1.8645867606876276, 52.512413885441546], [-1.8648812843327225, 52.504701630957946]]]}}, {"type": "Feature", "properties": {"oa_code": "E00100192", "population": 482, "households": 180, "area_sqkm": 0.78, "neighbourhood": "Washwood Heath", "pop_density": 376.2, "retail_score": 30.2}, "geometry": {"type": "Polygon", "coordinates": [[[-1.8514213335130714, 52.504534686132594], [-1.8372839663101088, 52.50597097660456], [-1.8376414013681548, 52.51219045032767], [-1.8500744560100137, 52.51357138209662], [-1.8501624625763418, 52.50598497245133]]]}}, {"type": "Feature", "properties": {"oa_code": "E00100193", "population": 384, "households": 143, "area_sqkm": 0.78, "neighbourhood": "Washwood Heath", "pop_density": 299.7, "retail_score": 27.4}, "geometry": {"type": "Polygon", "coordinates": [[[-1.837267842410019, 52.50449935448391], [-1.8245772103023232, 52.50565696360543], [-1.8244770528250418, 52.51335246910744], [-1.8380210825481702, 52.51315485105865], [-1.8384625656958264, 52.50482845017877]]]}}, {"type": "Feature", "properties": {"oa_code": "E00100194", "population": 423, "households": 187, "area_sqkm": 0.78, "neighbourhood": "Castle Vale", "pop_density": 330.1, "retail_score": 73.1}, "geometry": {"type": "Polygon", "coordinates": [[[-1.8249687730558262, 52.50455645137574], [-1.8111273277718245, 52.50473814234819], [-1.811099491842271, 52.512654578560365], [-1.8259950538297176, 52.51354827058092], [-1.8245345519469225, 52.50546186387501]]]}}, {"type": "Feature", "properties": {"oa_code": "E00100195", "population": 387, "households": 180, "area_sqkm": 0.78, "neighbourhood": "Castle Vale", "pop_density": 302.0, "retail_score": 74.6}, "geometry": {"type": "Polygon", "coordinates": [[[-1.8122835545413196, 52.50412666137216], [-1.7989311510712265, 52.50443565987007], [-1.7991407137986313, 52.51242370293286], [-1.8124629263233727, 52.51365668723414], [-1.81232448968966, 52.50515586728056]]]}}, {"type": "Feature", "properties": {"oa_code": "E00100196", "population": 378, "households": 151, "area_sqkm": 0.78, "neighbourhood": "Castle Vale", "pop_density": 295.0, "retail_score": 30.6}, "geometry": {"type": "Polygon", "coordinates": [[[-1.7999031814776982, 52.504199149483874], [-1.7854322204763207, 52.504919163525386], [-1.786751525641541, 52.513715303199895], [-1.7991174281022488, 52.51200135186306], [-1.7980839364613939, 52.504404636412836]]]}}, {"type": "Feature", "properties": {"oa_code": "E00100197", "population": 375, "households": 184, "area_sqkm": 0.78, "neighbourhood": "Handsworth", "pop_density": 292.7, "retail_score": 72.4}, "geometry": {"type": "Polygon", "coordinates": [[[-1.9547000056013193, 52.512317954925855], [-1.9411345488745488, 52.51254803891623], [-1.941690824071163, 52.52050077855714], [-1.9552563124647069, 52.52180760053771], [-1.955668949841682, 52.5127926831339]]]}}, {"type": "Feature", "properties": {"oa_code": "E00100198", "population": 490, "households": 220, "area_sqkm": 0.78, "neighbourhood": "Handsworth", "pop_density": 382.4, "retail_score": 30.6}, "geometry": {"type": "Polygon", "coordinates": [[[-1.9415926039204725, 52.512002172607424], [-1.9290463865834788, 52.51226539958412], [-1.9295476182770819, 52.52135996545029], [-1.9429814261047837, 52.52139119421462], [-1.941365781946174, 52.51397630981897]]]}}, {"type": "Feature", "properties": {"oa_code": "E00100199", "population": 472, "households": 202, "area_sqkm": 0.78, "neighbourhood": "Handsworth", "pop_density": 368.4, "retail_score": 20.7}, "geometry": {"type": "Polygon", "coordinates": [[[-1.9298583433891996, 52.512766139851394], [-1.9155384732364729, 52.512204854340936], [-1.916373297045119, 52.52176197799], [-1.9297257414105136, 52.521546920967346], [-1.9284936843980185, 52.512266292462414]]]}}, {"type": "Feature", "properties": {"oa_code": "E00100200", "population": 425, "households": 166, "area_sqkm": 0.78, "neighbourhood": "Perry Barr", "pop_density": 331.7, "retail_score": 67.2}, "geometry": {"type": "Polygon", "coordinates": [[[-1.9156999595736852, 52.5128801988416], [-1.9025551359472723, 52.51325616007672], [-1.9036972517383124, 52.52082341978876], [-1.9156268676602493, 52.52171992504925], [-1.916826623933069, 52.512200930225]]]}}, {"type": "Feature", "properties": {"oa_code": "E00100201", "population": 433, "households": 176, "area_sqkm": 0.78, "neighbourhood": "Perry Barr", "pop_density": 337.9, "retail_score": 44.1}, "geometry": {"type": "Polygon", "coordinates": [[[-1.9032319361813146, 52.513926497421146], [-1.8903709926636367, 52.51227966037766], [-1.8904460646861114, 52.52016849743204], [-1.9028932067364315, 52.52120001573449], [-1.90278481380217, 52.513557939305066]]]}}, {"type": "Feature", "properties": {"oa_code": "E00100202", "population": 282, "households": 117, "area_sqkm": 0.78, "neighbourhood": "Perry Barr", "pop_density": 220.1, "retail_score": 62.3}, "geometry": {"type": "Polygon", "coordinates": [[[-1.8899645017444064, 52.51301904513227], [-1.8765043127180385, 52.512591084102525], [-1.8778908617379706, 52.521795825120755], [-1.8890906569773067, 52.52098977543993], [-1.8907745126747935, 52.51299916508258]]]}}, {"type": "Feature", "properties": {"oa_code": "E00100203", "population": 434, "households": 232, "area_sqkm": 0.78, "neighbourhood": "Aston", "pop_density": 338.7, "retail_score": 41.0}, "geometry": {"type": "Polygon", "coordinates": [[[-1.8760446061043143, 52.51397376506573], [-1.8631321511966528, 52.512263965761505], [-1.8632783719921278, 52.52113676077759], [-1.877269175074305, 52.521365884098046], [-1.87647454812421, 52.513908905967924]]]}}, {"type": "Feature", "properties": {"oa_code": "E00100204", "population": 361, "households": 149, "area_sqkm": 0.78, "neighbourhood": "Erdington", "pop_density": 281.7, "retail_score": 42.2}, "geometry": {"type": "Polygon", "coordinates": [[[-1.8649203462761268, 52.51212093771922], [-1.850421420002015, 52.51301322120859], [-1.8507428586078802, 52.52100209793106], [-1.8641691360112504, 52.521403621277294], [-1.864835144376152, 52.51307312963218]]]}}, {"type": "Feature", "properties": {"oa_code": "E00100205", "population": 351, "households": 132, "area_sqkm": 0.78, "neighbourhood": "Erdington", "pop_density": 273.9, "retail_score": 24.6}, "geometry": {"type": "Polygon", "coordinates": [[[-1.851380186228768, 52.51302260939663], [-1.8385936050120857, 52.513616120161984], [-1.8379272196542225, 52.52078146300598], [-1.8507314115052949, 52.521669052938414], [-1.850637888630583, 52.51213223016728]]]}}, {"type": "Feature", "properties": {"oa_code": "E00100206", "population": 325, "households": 165, "area_sqkm": 0.78, "neighbourhood": "Washwood Heath", "pop_density": 253.6, "retail_score": 96.2}, "geometry": {"type": "Polygon", "coordinates": [[[-1.8388275744032185, 52.512868967177255], [-1.8250932563154072, 52.5132176648089], [-1.8253814198722544, 52.52148338701816], [-1.837518683639533, 52.52023888601386], [-1.8375841987857653, 52.513402999222485]]]}}, {"type": "Feature", "properties": {"oa_code": "E00100207", "population": 429, "households": 230, "area_sqkm": 0.78, "neighbourhood": "Castle Vale", "pop_density": 334.8, "retail_score": 77.0}, "geometry": {"type": "Polygon", "coordinates": [[[-1.8249539892745448, 52.513565974203125], [-1.8115584689638147, 52.51233392590843], [-1.8127461387850394, 52.52156224795992], [-1.825462471027183, 52.52177282951953], [-1.8244571394190223, 52.51205871250239]]]}}, {"type": "Feature", "properties": {"oa_code": "E00100208", "population": 472, "households": 187, "area_sqkm": 0.78, "neighbourhood": "Castle Vale", "pop_density": 368.4, "retail_score": 38.3}, "geometry": {"type": "Polygon", "coordinates": [[[-1.8118466966505733, 52.51215414006261], [-1.799089604444643, 52.51272024779109], [-1.7990007799884788, 52.52113377225652], [-1.812264624444288, 52.520510232162124], [-1.8127941901699578, 52.51314782461043]]]}}, {"type": "Feature", "properties": {"oa_code": "E00100209", "population": 494, "households": 222, "area_sqkm": 0.78, "neighbourhood": "Castle Vale", "pop_density": 385.5, "retail_score": 45.7}, "geometry": {"type": "Polygon", "coordinates": [[[-1.7989823502301805, 52.51208807581457], [-1.7852741430101966, 52.51248910290075], [-1.7860564708208464, 52.52076595894878], [-1.7996998306635195, 52.521862320154355], [-1.7982850296045059, 52.513105729577035]]]}}, {"type": "Feature", "properties": {"oa_code": "E00100210", "population": 359, "households": 130, "area_sqkm": 0.78, "neighbourhood": "Handsworth", "pop_density": 280.2, "retail_score": 25.5}, "geometry": {"type": "Polygon", "coordinates": [[[-1.9421674868029979, 52.5214405758429], [-1.929457484083981, 52.52015577413998], [-1.929254383666525, 52.52900408188516], [-1.941196117981484, 52.52835868870059], [-1.9413913239610832, 52.521962827727926]]]}}, {"type": "Feature", "properties": {"oa_code": "E00100211", "population": 336, "households": 146, "area_sqkm": 0.78, "neighbourhood": "Handsworth", "pop_density": 262.2, "retail_score": 81.8}, "geometry": {"type": "Polygon", "coordinates": [[[-1.929069811644167, 52.520564613741286], [-1.915310306991478, 52.520654601843496], [-1.9158938172093527, 52.52801593834716], [-1.9295986576930948, 52.52912761348169], [-1.9293921813854646, 52.52124543504783]]]}}, {"type": "Feature", "properties": {"oa_code": "E00100212", "population": 435, "households": 158, "area_sqkm": 0.78, "neighbourhood": "Perry Barr", "pop_density": 339.5, "retail_score": 20.1}, "geometry": {"type": "Polygon", "coordinates": [[[-1.9166091551522553, 52.5218008865945], [-1.9024790355593575, 52.5204902537488], [-1.9039872442344974, 52.528820072219176], [-1.9165340045162813, 52.528692847395526], [-1.9153208519862084, 52.52175439722855]]]}}, {"type": "Feature", "properties": {"oa_code": "E00100213", "population": 551, "households": 204, "area_sqkm": 0.78, "neighbourhood": "Perry Barr", "pop_density": 430.0, "retail_score": 61.6}, "geometry": {"type": "Polygon", "coordinates": [[[-1.902685392299649, 52.5216980119756], [-1.889545569921919, 52.52020789803875], [-1.889940371021881, 52.52847633518909], [-1.903015942246301, 52.52811979015135], [-1.902006081459786, 52.521423304949444]]]}}, {"type": "Feature", "properties": {"oa_code": "E00100214", "population": 432, "households": 156, "area_sqkm": 0.78, "neighbourhood": "Perry Barr", "pop_density": 337.1, "retail_score": 38.9}, "geometry": {"type": "Polygon", "coordinates": [[[-1.8895983061806036, 52.52074498394819], [-1.8760508904196647, 52.52016980483508], [-1.8778088459893263, 52.52826702770055], [-1.8893600742162127, 52.52814966096871], [-1.8898643585434225, 52.520869965756916]]]}}, {"type": "Feature", "properties": {"oa_code": "E00100215", "population": 345, "households": 175, "area_sqkm": 0.78, "neighbourhood": "Kingstanding", "pop_density": 269.2, "retail_score": 57.3}, "geometry": {"type": "Polygon", "coordinates": [[[-1.877478018122154, 52.52063001783086], [-1.8633983663560023, 52.52140145121269], [-1.8635292942624364, 52.52863611543858], [-1.8774560882563363, 52.52814937487165], [-1.8775945747474427, 52.52155987396498]]]}}, {"type": "Feature", "properties": {"oa_code": "E00100216", "population": 376, "households": 150, "area_sqkm": 0.78, "neighbourhood": "Erdington", "pop_density": 293.4, "retail_score": 23.2}, "geometry": {"type": "Polygon", "coordinates": [[[-1.8641869748961828, 52.52107184909822], [-1.8500707305555009, 52.52041527245127], [-1.8513833845635763, 52.528530015853875], [-1.8647601728872905, 52.528315230754174], [-1.8636278903141001, 52.52165277337592]]]}}, {"type": "Feature", "properties": {"oa_code": "E00100217", "population": 388, "households": 152, "area_sqkm": 0.78, "neighbourhood": "Erdington", "pop_density": 302.8, "retail_score": 40.0}, "geometry": {"type": "Polygon", "coordinates": [[[-1.8503281504980253, 52.52065558731781], [-1.8388175741924186, 52.52049643757896], [-1.8382885144889929, 52.529026919350805], [-1.8506456332460233, 52.52852033358549], [-1.8500186467591855, 52.52006216418676]]]}}, {"type": "Feature", "properties": {"oa_code": "E00100218", "population": 416, "households": 170, "area_sqkm": 0.78, "neighbourhood": "Erdington", "pop_density": 324.6, "retail_score": 66.6}, "geometry": {"type": "Polygon", "coordinates": [[[-1.8380759135022489, 52.52160779350693], [-1.8257204139214553, 52.52002391384638], [-1.8243392553362123, 52.52996513447501], [-1.8387385695249134, 52.52964734683042], [-1.8382555205123694, 52.52126059509725]]]}}, {"type": "Feature", "properties": {"oa_code": "E00100219", "population": 463, "households": 235, "area_sqkm": 0.78, "neighbourhood": "Castle Vale", "pop_density": 361.3, "retail_score": 65.9}, "geometry": {"type": "Polygon", "coordinates": [[[-1.8254823586953084, 52.52162549418327], [-1.8129563996345244, 52.520128944072134], [-1.811195007836135, 52.52888686264772], [-1.8257424169020076, 52.52981015594081], [-1.8243412876455667, 52.520663099782546]]]}}, {"type": "Feature", "properties": {"oa_code": "E00100220", "population": 507, "households": 209, "area_sqkm": 0.78, "neighbourhood": "Castle Vale", "pop_density": 395.7, "retail_score": 39.7}, "geometry": {"type": "Polygon", "coordinates": [[[-1.811356629196937, 52.52078999737649], [-1.799941035414001, 52.52136642583355], [-1.79965438557634, 52.528429432211986], [-1.8126256977725792, 52.528559709108606], [-1.8112331524022143, 52.520069298887506]]]}}, {"type": "Feature", "properties": {"oa_code": "E00100221", "population": 446, "households": 159, "area_sqkm": 0.78, "neighbourhood": "Castle Vale", "pop_density": 348.1, "retail_score": 82.6}, "geometry": {"type": "Polygon", "coordinates": [[[-1.7994097896740022, 52.52082398441264], [-1.7858986226695939, 52.520121958137906], [-1.786440448025124, 52.52827447203431], [-1.7996010843866685, 52.529769305032495], [-1.7989483718834962, 52.52126150877769]]]}}, {"type": "Feature", "properties": {"oa_code": "E00100222", "population": 286, "households": 110, "area_sqkm": 0.78, "neighbourhood": "Perry Barr", "pop_density": 223.2, "retail_score": 24.7}, "geometry": {"type": "Polygon", "coordinates": [[[-1.9292817757803256, 52.52908903561212], [-1.91603064102912, 52.52982535403324], [-1.9159952134889133, 52.53677676254919], [-1.9296403682526049, 52.536637755134706], [-1.9295619596238545, 52.529791529563276]]]}}, {"type": "Feature", "properties": {"oa_code": "E00100223", "population": 535, "households": 264, "area_sqkm": 0.78, "neighbourhood": "Perry Barr", "pop_density": 417.5, "retail_score": 87.7}, "geometry": {"type": "Polygon", "coordinates": [[[-1.9150169373531396, 52.52905886458398], [-1.9024663156631003, 52.52999921149367], [-1.902052040276534, 52.53620026867466], [-1.9156862711572484, 52.53653305400218], [-1.9153674296767833, 52.52983451896519]]]}}, {"type": "Feature", "properties": {"oa_code": "E00100224", "population": 457, "households": 182, "area_sqkm": 0.78, "neighbourhood": "Perry Barr", "pop_density": 356.6, "retail_score": 95.8}, "geometry": {"type": "Polygon", "coordinates": [[[-1.902405218625242, 52.52870960926918], [-1.8893215554953893, 52.52969044180478], [-1.890647799264841, 52.53718503901841], [-1.9023875795492822, 52.53739525312725], [-1.902172039991744, 52.5280564131395]]]}}, {"type": "Feature", "properties": {"oa_code": "E00100225", "population": 438, "households": 243, "area_sqkm": 0.78, "neighbourhood": "Kingstanding", "pop_density": 341.8, "retail_score": 93.4}, "geometry": {"type": "Polygon", "coordinates": [[[-1.8898727870264347, 52.52912621778177], [-1.8776235326701907, 52.52997601242085], [-1.8762367472802055, 52.536984453447836], [-1.8903818938556987, 52.5369808728403], [-1.8908194852462992, 52.528465246716216]]]}}, {"type": "Feature", "properties": {"oa_code": "E00100226", "population": 430, "households": 162, "area_sqkm": 0.78, "neighbourhood": "Kingstanding", "pop_density": 335.6, "retail_score": 88.9}, "geometry": {"type": "Polygon", "coordinates": [[[-1.8775970712332968, 52.528260979091286], [-1.8635661247346196, 52.52983756157466], [-1.863311431827126, 52.53664717762266], [-1.877956174207514, 52.53717321835023], [-1.8761655517050388, 52.52954873299769]]]}}, {"type": "Feature", "properties": {"oa_code": "E00100227", "population": 485, "households": 245, "area_sqkm": 0.78, "neighbourhood": "Erdington", "pop_density": 378.5, "retail_score": 97.5}, "geometry": {"type": "Polygon", "coordinates": [[[-1.8630788824994498, 52.52874718156021], [-1.8501161535730652, 52.52879119112475], [-1.85179793565964, 52.5366035303075], [-1.8647270966622862, 52.53631500777208], [-1.8631026129359485, 52.52958368505005]]]}}, {"type": "Feature", "properties": {"oa_code": "E00100228", "population": 473, "households": 172, "area_sqkm": 0.78, "neighbourhood": "Erdington", "pop_density": 369.1, "retail_score": 95.9}, "geometry": {"type": "Polygon", "coordinates": [[[-1.8506128792034162, 52.52985769041802], [-1.8374260164148102, 52.52844647442801], [-1.8378220996884351, 52.53635070326003], [-1.8513863535414055, 52.537376996879246], [-1.8517453032705542, 52.52945766191192]]]}}, {"type": "Feature", "properties": {"oa_code": "E00100229", "population": 460, "households": 225, "area_sqkm": 0.78, "neighbourhood": "Erdington", "pop_density": 359.0, "retail_score": 98.6}, "geometry": {"type": "Polygon", "coordinates": [[[-1.8382167971454462, 52.52998856626114], [-1.8240696321194263, 52.5280647654859], [-1.8247952226650996, 52.53784207643289], [-1.8370649366287695, 52.53644179050092], [-1.8378688995077608, 52.52987337558716]]]}}, {"type": "Feature", "properties": {"oa_code": "E00100230", "population": 465, "households": 226, "area_sqkm": 0.78, "neighbourhood": "Castle Vale", "pop_density": 362.9, "retail_score": 28.6}, "geometry": {"type": "Polygon", "coordinates": [[[-1.8256642251664983, 52.52977064050684], [-1.8128225479748614, 52.529417931626334], [-1.811721794624192, 52.537773307030484], [-1.825106740131806, 52.53653042488117], [-1.825500918273731, 52.52813558956017]]]}}, {"type": "Feature", "properties": {"oa_code": "E00100231", "population": 469, "households": 188, "area_sqkm": 0.78, "neighbourhood": "Castle Vale", "pop_density": 366.0, "retail_score": 33.0}, "geometry": {"type": "Polygon", "coordinates": [[[-1.8129974376850122, 52.528771874195954], [-1.798534831011004, 52.52993820365026], [-1.7982308960048272, 52.536986163986995], [-1.8122425748504531, 52.5370920479354], [-1.8127971428807275, 52.52895897850084]]]}}, {"type": "Feature", "properties": {"oa_code": "E00100232", "population": 347, "households": 128, "area_sqkm": 0.78, "neighbourhood": "Castle Vale", "pop_density": 270.8, "retail_score": 27.4}, "geometry": {"type": "Polygon", "coordinates": [[[-1.799852581220879, 52.529691524968094], [-1.7864101827737695, 52.52863743381596], [-1.7850966757371336, 52.53614840080358], [-1.7996597895936994, 52.53675091576821], [-1.798536029829459, 52.52909409251727]]]}}, {"type": "Feature", "properties": {"oa_code": "E00100233", "population": 398, "households": 157, "area_sqkm": 0.779, "neighbourhood": "Kingstanding", "pop_density": 310.6, "retail_score": 78.4}, "geometry": {"type": "Polygon", "coordinates": [[[-1.9158119389118966, 52.53722728945161], [-1.9030345264270239, 52.53606198640815], [-1.902115115483797, 52.54432999438958], [-1.9152204934591928, 52.54431420755471], [-1.9167974843780542, 52.53641110095349]]]}}, {"type": "Feature", "properties": {"oa_code": "E00100234", "population": 504, "households": 204, "area_sqkm": 0.779, "neighbourhood": "Kingstanding", "pop_density": 393.3, "retail_score": 68.0}, "geometry": {"type": "Polygon", "coordinates": [[[-1.9034694704613009, 52.53656304614694], [-1.8905249034301066, 52.536099270886126], [-1.8898564603842856, 52.54567970900974], [-1.9036928201309675, 52.54472165784251], [-1.9031447880851096, 52.536589098897984]]]}}, {"type": "Feature", "properties": {"oa_code": "E00100235", "population": 527, "households": 265, "area_sqkm": 0.779, "neighbourhood": "Kingstanding", "pop_density": 411.3, "retail_score": 90.8}, "geometry": {"type": "Polygon", "coordinates": [[[-1.8906006503984791, 52.53605147138551], [-1.8776583356166168, 52.53658362293214], [-1.877836127810575, 52.54568753814875], [-1.8903832931997655, 52.544794934697066], [-1.8900218063757597, 52.53732208010954]]]}}, {"type": "Feature", "properties": {"oa_code": "E00100236", "population": 414, "households": 193, "area_sqkm": 0.779, "neighbourhood": "Kingstanding", "pop_density": 323.1, "retail_score": 63.3}, "geometry": {"type": "Polygon", "coordinates": [[[-1.8772611966701371, 52.53689155054164], [-1.8644734080666354, 52.536930115912355], [-1.864547515439436, 52.5445371239866], [-1.8778767212606808, 52.545504470284286], [-1.8766650630817319, 52.53617141462373]]]}}, {"type": "Feature", "properties": {"oa_code": "E00100237", "population": 386, "households": 142, "area_sqkm": 0.779, "neighbourhood": "Erdington", "pop_density": 301.2, "retail_score": 77.1}, "geometry": {"type": "Polygon", "coordinates": [[[-1.8630585889256541, 52.53717945288466], [-1.8508927961876855, 52.53768159433291], [-1.8503631895702706, 52.54483726414992], [-1.8639289711760434, 52.54573378802746], [-1.8640503512237574, 52.537763307738885]]]}}, {"type": "Feature", "properties": {"oa_code": "E00100238", "population": 465, "households": 178, "area_sqkm": 0.779, "neighbourhood": "Erdington", "pop_density": 362.9, "retail_score": 30.1}, "geometry": {"type": "Polygon", "coordinates": [[[-1.85099579705937, 52.53780091012299], [-1.83739909932656, 52.5373550697712], [-1.837759453771303, 52.54424056374956], [-1.850485622488723, 52.54434575794566], [-1.8500312640195031, 52.537944329756726]]]}}, {"type": "Feature", "properties": {"oa_code": "E00100239", "population": 361, "households": 169, "area_sqkm": 0.779, "neighbourhood": "Erdington", "pop_density": 281.7, "retail_score": 42.1}, "geometry": {"type": "Polygon", "coordinates": [[[-1.8381532502013702, 52.537976559872725], [-1.8251292135089365, 52.5379945384536], [-1.8247455475755368, 52.5456682162374], [-1.838484227280026, 52.545821608971515], [-1.8371716521262043, 52.53613402390614]]]}}, {"type": "Feature", "properties": {"oa_code": "E00100240", "population": 346, "households": 126, "area_sqkm": 0.779, "neighbourhood": "Sutton Coldfield", "pop_density": 270.0, "retail_score": 94.0}, "geometry": {"type": "Polygon", "coordinates": [[[-1.8250836856377564, 52.53774693250679], [-1.811426898722346, 52.53724611585723], [-1.811954875979102, 52.5448391876685], [-1.8251711152024634, 52.54429639948264], [-1.8248241317334388, 52.537516754775766]]]}}, {"type": "Feature", "properties": {"oa_code": "E00100241", "population": 397, "households": 164, "area_sqkm": 0.779, "neighbourhood": "Castle Vale", "pop_density": 309.8, "retail_score": 75.5}, "geometry": {"type": "Polygon", "coordinates": [[[-1.8118746324810469, 52.5362019808857], [-1.799427814291904, 52.53707126696234], [-1.7993122616428467, 52.54482178007465], [-1.8122339130542475, 52.54497116958463], [-1.8117820756960967, 52.53607493134104]]]}}, {"type": "Feature", "properties": {"oa_code": "E00100242", "population": 398, "households": 191, "area_sqkm": 0.779, "neighbourhood": "Kingstanding", "pop_density": 310.6, "retail_score": 59.3}, "geometry": {"type": "Polygon", "coordinates": [[[-1.9169224349350373, 52.54577914842788], [-1.9033370118485324, 52.544475158587886], [-1.9025085003603226, 52.55384166996587], [-1.915205937275702, 52.55204046577724], [-1.9153652281493903, 52.54460610990695]]]}}, {"type": "Feature", "properties": {"oa_code": "E00100243", "population": 434, "households": 165, "area_sqkm": 0.779, "neighbourhood": "Kingstanding", "pop_density": 338.7, "retail_score": 79.3}, "geometry": {"type": "Polygon", "coordinates": [[[-1.902607634310651, 52.544196434780595], [-1.8892621999498027, 52.54426877104199], [-1.8890515611507943, 52.552886221226714], [-1.9023483533364414, 52.55253883996207], [-1.90316645454459, 52.54529110962291]]]}}, {"type": "Feature", "properties": {"oa_code": "E00100244", "population": 485, "households": 265, "area_sqkm": 0.779, "neighbourhood": "Kingstanding", "pop_density": 378.5, "retail_score": 35.4}, "geometry": {"type": "Polygon", "coordinates": [[[-1.8894810134095485, 52.54573437794115], [-1.8763579652152043, 52.54503053940527], [-1.877682055114723, 52.55262224618663], [-1.889986409449528, 52.552271299642086], [-1.8892974093180266, 52.545758665182774]]]}}, {"type": "Feature", "properties": {"oa_code": "E00100245", "population": 382, "households": 175, "area_sqkm": 0.779, "neighbourhood": "Kingstanding", "pop_density": 298.1, "retail_score": 67.5}, "geometry": {"type": "Polygon", "coordinates": [[[-1.876334140133848, 52.54567395335527], [-1.8645010194773526, 52.54491289733431], [-1.863163937861319, 52.553409267890494], [-1.8774520450030523, 52.55364701258343], [-1.8769897472501267, 52.5452708196182]]]}}, {"type": "Feature", "properties": {"oa_code": "E00100246", "population": 380, "households": 193, "area_sqkm": 0.779, "neighbourhood": "Erdington", "pop_density": 296.6, "retail_score": 65.8}, "geometry": {"type": "Polygon", "coordinates": [[[-1.8646448326116736, 52.545740961543885], [-1.8508262395031565, 52.54469951980334], [-1.8516729727709655, 52.553788983840676], [-1.8635020777310314, 52.553377701075284], [-1.8644298612471317, 52.544773131341536]]]}}, {"type": "Feature", "properties": {"oa_code": "E00100247", "population": 466, "households": 194, "area_sqkm": 0.779, "neighbourhood": "Erdington", "pop_density": 363.7, "retail_score": 20.7}, "geometry": {"type": "Polygon", "coordinates": [[[-1.8500701647815967, 52.545714222374926], [-1.8377052402164784, 52.54535539049223], [-1.8384618328414635, 52.552819014393044], [-1.8519598952850023, 52.55356060732858], [-1.8504648545431777, 52.544017795972195]]]}}, {"type": "Feature", "properties": {"oa_code": "E00100248", "population": 311, "households": 125, "area_sqkm": 0.779, "neighbourhood": "Sutton Coldfield", "pop_density": 242.7, "retail_score": 85.9}, "geometry": {"type": "Polygon", "coordinates": [[[-1.83849521911728, 52.54561017113844], [-1.8253890806032325, 52.545934048886785], [-1.8247145193774212, 52.55284761360137], [-1.8382470490954594, 52.5526974183986], [-1.8384960025814456, 52.54493339603105]]]}}, {"type": "Feature", "properties": {"oa_code": "E00100249", "population": 497, "households": 203, "area_sqkm": 0.779, "neighbourhood": "Sutton Coldfield", "pop_density": 387.9, "retail_score": 88.9}, "geometry": {"type": "Polygon", "coordinates": [[[-1.8252056949200572, 52.54420462420599], [-1.811976972565065, 52.545324710905106], [-1.81131343209983, 52.55274845952638], [-1.8247053157598723, 52.55321810020933], [-1.825403048147495, 52.544216209061226]]]}}, {"type": "Feature", "properties": {"oa_code": "E00100250", "population": 370, "households": 150, "area_sqkm": 0.779, "neighbourhood": "Sutton Coldfield", "pop_density": 288.8, "retail_score": 74.5}, "geometry": {"type": "Polygon", "coordinates": [[[-1.8124777061841486, 52.545422187551196], [-1.7982152524046398, 52.544597582223886], [-1.7997001414072933, 52.55353094877666], [-1.8112006259105107, 52.553610859645325], [-1.811395272511096, 52.54520006660234]]]}}, {"type": "Feature", "properties": {"oa_code": "E00100251", "population": 365, "households": 156, "area_sqkm": 0.779, "neighbourhood": "Kingstanding", "pop_density": 284.8, "retail_score": 82.8}, "geometry": {"type": "Polygon", "coordinates": [[[-1.9155574336048156, 52.55331080114098], [-1.9020050618008444, 52.552518852545475], [-1.9031628686278381, 52.56077654984207], [-1.916929361990348, 52.56141613791881], [-1.9158559151319272, 52.552379830320874]]]}}, {"type": "Feature", "properties": {"oa_code": "E00100252", "population": 343, "households": 131, "area_sqkm": 0.779, "neighbourhood": "Kingstanding", "pop_density": 267.7, "retail_score": 81.0}, "geometry": {"type": "Polygon", "coordinates": [[[-1.9021869469889907, 52.55334373695198], [-1.8899853702887874, 52.55369083848854], [-1.8893187226108081, 52.56175298956874], [-1.9036377282843928, 52.56019520612768], [-1.9037441117206089, 52.55251730370117]]]}}, {"type": "Feature", "properties": {"oa_code": "E00100253", "population": 370, "households": 162, "area_sqkm": 0.779, "neighbourhood": "Kingstanding", "pop_density": 288.8, "retail_score": 89.3}, "geometry": {"type": "Polygon", "coordinates": [[[-1.8906338632859758, 52.55335942473863], [-1.8773287350735908, 52.552178599644094], [-1.8772894332077614, 52.56148841985874], [-1.8903858294573366, 52.56157618087367], [-1.8903373657260594, 52.552521118470864]]]}}, {"type": "Feature", "properties": {"oa_code": "E00100254", "population": 464, "households": 239, "area_sqkm": 0.779, "neighbourhood": "Kingstanding", "pop_density": 362.1, "retail_score": 36.0}, "geometry": {"type": "Polygon", "coordinates": [[[-1.8768328507605159, 52.553888601968055], [-1.8648575685251931, 52.553778852122996], [-1.8639990452510158, 52.561734995509454], [-1.87723666156039, 52.56059671150769], [-1.877891876058716, 52.55370847954086]]]}}, {"type": "Feature", "properties": {"oa_code": "E00100255", "population": 367, "households": 176, "area_sqkm": 0.779, "neighbourhood": "Erdington", "pop_density": 286.4, "retail_score": 80.9}, "geometry": {"type": "Polygon", "coordinates": [[[-1.864181616306497, 52.553138807176], [-1.850186758130989, 52.552915142866176], [-1.851367233084704, 52.56143133691228], [-1.8634421176451337, 52.56097516169155], [-1.8637379344554759, 52.552353648533185]]]}}, {"type": "Feature", "properties": {"oa_code": "E00100256", "population": 366, "households": 199, "area_sqkm": 0.779, "neighbourhood": "Erdington", "pop_density": 285.6, "retail_score": 36.0}, "geometry": {"type": "Polygon", "coordinates": [[[-1.8516627884868355, 52.553528967472346], [-1.8380208458187415, 52.55352713833427], [-1.8388239173124834, 52.5612289594775], [-1.850733024918596, 52.56080678696085], [-1.8500693443197413, 52.55276663284016]]]}}, {"type": "Feature", "properties": {"oa_code": "E00100257", "population": 417, "households": 174, "area_sqkm": 0.779, "neighbourhood": "Sutton Coldfield", "pop_density": 325.4, "retail_score": 33.4}, "geometry": {"type": "Polygon", "coordinates": [[[-1.8382537971891466, 52.552028154237505], [-1.8253555737323053, 52.553666457333186], [-1.8256188465801206, 52.56135349628341], [-1.8377466261426583, 52.56049764624581], [-1.8376129505056606, 52.55268869954818]]]}}, {"type": "Feature", "properties": {"oa_code": "E00100258", "population": 437, "households": 202, "area_sqkm": 0.779, "neighbourhood": "Sutton Coldfield", "pop_density": 341.0, "retail_score": 35.1}, "geometry": {"type": "Polygon", "coordinates": [[[-1.8243523123406526, 52.55259640450704], [-1.8124183444163826, 52.553455663822945], [-1.8118072601627706, 52.56067567030247], [-1.8242240519123274, 52.56199094481971], [-1.8253145343214865, 52.55380276755234]]]}}, {"type": "Feature", "properties": {"oa_code": "E00100259", "population": 325, "households": 121, "area_sqkm": 0.779, "neighbourhood": "Sutton Coldfield", "pop_density": 253.6, "retail_score": 40.5}, "geometry": {"type": "Polygon", "coordinates": [[[-1.8111038312925878, 52.55383641081774], [-1.7991932167109994, 52.552456836569725], [-1.798545662343729, 52.56026241155289], [-1.8115318467613786, 52.561179385669654], [-1.8126620305162213, 52.552733182902855]]]}}, {"type": "Feature", "properties": {"oa_code": "E00100260", "population": 296, "households": 130, "area_sqkm": 0.779, "neighbourhood": "Sutton Coldfield", "pop_density": 231.0, "retail_score": 32.3}, "geometry": {"type": "Polygon", "coordinates": [[[-1.798930533131614, 52.552097173923215], [-1.7850106395326877, 52.55332393983173], [-1.7856928647632002, 52.56003948353308], [-1.798620500503247, 52.560833551130415], [-1.7992394924741464, 52.55309456476951]]]}}, {"type": "Feature", "properties": {"oa_code": "E00100261", "population": 365, "households": 190, "area_sqkm": 0.779, "neighbourhood": "Kingstanding", "pop_density": 284.8, "retail_score": 28.5}, "geometry": {"type": "Polygon", "coordinates": [[[-1.902609615941559, 52.56126062268038], [-1.8903977670904875, 52.56132332915224], [-1.8896750340682231, 52.56853995429913], [-1.902788731326153, 52.56827432704602], [-1.9023386945590592, 52.56020982847386]]]}}, {"type": "Feature", "properties": {"oa_code": "E00100262", "population": 345, "households": 126, "area_sqkm": 0.779, "neighbourhood": "Kingstanding", "pop_density": 269.2, "retail_score": 46.4}, "geometry": {"type": "Polygon", "coordinates": [[[-1.8906027066765885, 52.56039949877235], [-1.8774740121687736, 52.561046292215245], [-1.8775966536200368, 52.569406873500554], [-1.8904092975979998, 52.56807881141532], [-1.8900072905732648, 52.5604153879686]]]}}, {"type": "Feature", "properties": {"oa_code": "E00100263", "population": 311, "households": 111, "area_sqkm": 0.779, "neighbourhood": "Sutton Coldfield", "pop_density": 242.7, "retail_score": 43.7}, "geometry": {"type": "Polygon", "coordinates": [[[-1.8519945240018865, 52.561343266264984], [-1.8371862399114618, 52.56167046433058], [-1.8376619561389982, 52.568298288985396], [-1.8518198346528494, 52.56902341069399], [-1.8505528727662044, 52.560202580957245]]]}}, {"type": "Feature", "properties": {"oa_code": "E00100264", "population": 424, "households": 229, "area_sqkm": 0.779, "neighbourhood": "Sutton Coldfield", "pop_density": 330.9, "retail_score": 88.2}, "geometry": {"type": "Polygon", "coordinates": [[[-1.8380714452855291, 52.56019961783017], [-1.8256505963821108, 52.56007888903999], [-1.8254188656455261, 52.56960319220544], [-1.8383745857860758, 52.56947708039164], [-1.8388100030593402, 52.56151640800974]]]}}, {"type": "Feature", "properties": {"oa_code": "E00100265", "population": 448, "households": 204, "area_sqkm": 0.779, "neighbourhood": "Sutton Coldfield", "pop_density": 349.6, "retail_score": 88.1}, "geometry": {"type": "Polygon", "coordinates": [[[-1.8246732899450198, 52.56034102455277], [-1.8122849451915262, 52.56087542903362], [-1.8117563859333365, 52.56975695107486], [-1.8258140973691266, 52.56962992857913], [-1.8256342611593943, 52.56080155502862]]]}}, {"type": "Feature", "properties": {"oa_code": "E00100266", "population": 326, "households": 125, "area_sqkm": 0.779, "neighbourhood": "Sutton Coldfield", "pop_density": 254.4, "retail_score": 74.3}, "geometry": {"type": "Polygon", "coordinates": [[[-1.8114002018061037, 52.5612976929678], [-1.7984061808859308, 52.56022611311281], [-1.7986076602529542, 52.56811729279139], [-1.8111150660240019, 52.568318790795026], [-1.8121679445667398, 52.56118150060604]]]}}, {"type": "Feature", "properties": {"oa_code": "E00100267", "population": 294, "households": 142, "area_sqkm": 0.779, "neighbourhood": "Sutton Coldfield", "pop_density": 229.4, "retail_score": 45.1}, "geometry": {"type": "Polygon", "coordinates": [[[-1.799637478878927, 52.56075950155829], [-1.7862828021703476, 52.5600576324592], [-1.7856310717332389, 52.569677072953155], [-1.798053110839551, 52.56826131065915], [-1.7981592040287255, 52.5602258749588]]]}}, {"type": "Feature", "properties": {"oa_code": "E00100268", "population": 315, "households": 166, "area_sqkm": 0.779, "neighbourhood": "Sutton Coldfield", "pop_density": 245.8, "retail_score": 72.9}, "geometry": {"type": "Polygon", "coordinates": [[[-1.85059086364704, 52.5693558578421], [-1.8374649425634215, 52.5691532980163], [-1.8378699755486265, 52.577955791115166], [-1.8506603112835727, 52.5766766012836], [-1.850953793649552, 52.569401160368656]]]}}, {"type": "Feature", "properties": {"oa_code": "E00100269", "population": 416, "households": 155, "area_sqkm": 0.779, "neighbourhood": "Sutton Coldfield", "pop_density": 324.6, "retail_score": 26.0}, "geometry": {"type": "Polygon", "coordinates": [[[-1.8385028460103, 52.56869149897497], [-1.8246474088632867, 52.568769753234875], [-1.8243219339575418, 52.57711668847347], [-1.8370244167504786, 52.57610913223052], [-1.8377132025668879, 52.56831385474666]]]}}, {"type": "Feature", "properties": {"oa_code": "E00100270", "population": 291, "households": 129, "area_sqkm": 0.779, "neighbourhood": "Sutton Coldfield", "pop_density": 227.1, "retail_score": 88.5}, "geometry": {"type": "Polygon", "coordinates": [[[-1.8250167040777128, 52.56848178363345], [-1.8110597099024348, 52.56810070142911], [-1.8125545869536641, 52.57728663462971], [-1.825193446013078, 52.57647000000004], [-1.8250818108105051, 52.569602522575515]]]}}, {"type": "Feature", "properties": {"oa_code": "E00100271", "population": 287, "households": 124, "area_sqkm": 0.779, "neighbourhood": "Sutton Coldfield", "pop_density": 224.0, "retail_score": 36.5}, "geometry": {"type": "Polygon", "coordinates": [[[-1.812105863760174, 52.56823741370417], [-1.7990052533038687, 52.56930674600633], [-1.7997947133570413, 52.576824677095416], [-1.811885737977192, 52.57600033943102], [-1.8128182089061786, 52.569208406552185]]]}}, {"type": "Feature", "properties": {"oa_code": "E00100272", "population": 278, "households": 110, "area_sqkm": 0.779, "neighbourhood": "Sutton Coldfield", "pop_density": 217.0, "retail_score": 29.1}, "geometry": {"type": "Polygon", "coordinates": [[[-1.850657051258443, 52.577900710260046], [-1.8382733150448618, 52.576108550426675], [-1.8385541637712088, 52.58490891996527], [-1.8508796983097893, 52.58523951593942], [-1.851053732637814, 52.577314334412925]]]}}, {"type": "Feature", "properties": {"oa_code": "E00100273", "population": 368, "households": 145, "area_sqkm": 0.779, "neighbourhood": "Sutton Coldfield", "pop_density": 287.2, "retail_score": 28.6}, "geometry": {"type": "Polygon", "coordinates": [[[-1.8374813600978432, 52.5764434942157], [-1.8253172857708477, 52.57765976777133], [-1.8240711326330927, 52.584583967127685], [-1.8379560298267932, 52.58540419210659], [-1.8389084437802914, 52.57632831073547]]]}}, {"type": "Feature", "properties": {"oa_code": "E00100274", "population": 386, "households": 146, "area_sqkm": 0.779, "neighbourhood": "Sutton Coldfield", "pop_density": 301.2, "retail_score": 67.1}, "geometry": {"type": "Polygon", "coordinates": [[[-1.8247782964677242, 52.57637508680113], [-1.8111395674816952, 52.57678579297989], [-1.8120859079834157, 52.58556284080736], [-1.8245664241710629, 52.58421553149464], [-1.8251710593097448, 52.577853253061136]]]}}, {"type": "Feature", "properties": {"oa_code": "E00100275", "population": 248, "households": 91, "area_sqkm": 0.779, "neighbourhood": "Sutton Coldfield", "pop_density": 193.5, "retail_score": 34.2}, "geometry": {"type": "Polygon", "coordinates": [[[-1.811455709652727, 52.57690100919398], [-1.7986830866100012, 52.57791238064331], [-1.7997307279711405, 52.58499765728427], [-1.8119392713049634, 52.58409714321133], [-1.8111293834383384, 52.57767763222142]]]}}, {"type": "Feature", "properties": {"oa_code": "E00100276", "population": 313, "households": 122, "area_sqkm": 0.779, "neighbourhood": "Sutton Coldfield", "pop_density": 244.3, "retail_score": 41.9}, "geometry": {"type": "Polygon", "coordinates": [[[-1.8378428912285931, 52.58546098932355], [-1.8257432364358983, 52.5847748111585], [-1.8247989079563907, 52.59376539172718], [-1.837991779761295, 52.59276932527756], [-1.8370409984795912, 52.585831820483456]]]}}, {"type": "Feature", "properties": {"oa_code": "E00100277", "population": 279, "households": 114, "area_sqkm": 0.779, "neighbourhood": "Sutton Coldfield", "pop_density": 217.7, "retail_score": 36.1}, "geometry": {"type": "Polygon", "coordinates": [[[-1.824072812924642, 52.58594098329989], [-1.812094308587839, 52.5842667436621], [-1.8121745090543864, 52.59340002856986], [-1.8245031462682457, 52.59259782626998], [-1.8245970113791867, 52.58572141509232]]]}}]}