{"type": "FeatureCollection", "features": [{"type": "Feature", "properties": {"id": "store-1", "name": "Spar", "shop": "convenience", "neighbourhood": "City Centre", "opening_hours": "Mo-Su 07:00-22:00"}, "geometry": {"type": "Point", "coordinates": [-1.889307, 52.4842]}}, {"type": "Feature", "properties": {"id": "store-2", "name": "Sainsbury's", "shop": "supermarket", "neighbourhood": "City Centre", "opening_hours": "Mo-Su 07:00-22:00"}, "geometry": {"type": "Point", "coordinates": [-1.891678, 52.478782]}}, {"type": "Feature", "properties": {"id": "store-3", "name": "Corner Shop", "shop": "newsagent", "neighbourhood": "City Centre", "opening_hours": "Mo-Sa 08:00-21:00"}, "geometry": {"type": "Point", "coordinates": [-1.894629, 52.473641]}}, {"type": "Feature", "properties": {"id": "store-4", "name": "Cancer Research UK", "shop": "charity", "neighbourhood": "City Centre", "opening_hours": "Mo-Fr 09:00-18:00"}, "geometry": {"type": "Point", "coordinates": [-1.888197, 52.475939]}}, {"type": "Feature", "properties": {"id": "store-5", "name": "Bargain Buys", "shop": "general", "neighbourhood": "City Centre", "opening_hours": "Mo-Su 07:00-22:00"}, "geometry": {"type": "Point", "coordinates": [-1.885972, 52.478283]}}, {"type": "Feature", "properties": {"id": "store-6", "name": "Scope", "shop": "charity", "neighbourhood": "City Centre", "opening_hours": "Mo-Su 07:00-22:00"}, "geometry": {"type": "Point", "coordinates": [-1.888122, 52.482105]}}, {"type": "Feature", "properties": {"id": "store-7", "name": "Card Factory", "shop": "general", "neighbourhood": "City Centre", "opening_hours": "Mo-Su 07:00-22:00"}, "geometry": {"type": "Point", "coordinates": [-1.90007, 52.479246]}}, {"type": "Feature", "properties": {"id": "store-8", "name": "Breadshop", "shop": "bakery", "neighbourhood": "City Centre", "opening_hours": "Mo-Su 00:00-24:00"}, "geometry": {"type": "Point", "coordinates": [-1.894294, 52.473007]}}, {"type": "Feature", "properties": {"id": "store-9", "name": "Sainsbury's", "shop": "supermarket", "neighbourhood": "City Centre", "opening_hours": "Mo-Su 00:00-24:00"}, "geometry": {"type": "Point", "coordinates": [-1.89562, 52.473982]}}, {"type": "Feature", "properties": {"id": "store-10", "name": "Barnardo's", "shop": "charity", "neighbourhood": "City Centre", "opening_hours": "Mo-Su 00:00-24:00"}, "geometry": {"type": "Point", "coordinates": [-1.891542, 52.487466]}}, {"type": "Feature", "properties": {"id": "store-11", "name": "Londis", "shop": "convenience", "neighbourhood": "City Centre", "opening_hours": "Mo-Sa 08:00-21:00"}, "geometry": {"type": "Point", "coordinates": [-1.886891, 52.47291]}}, {"type": "Feature", "properties": {"id": "store-12", "name": "Halal Butchers", "shop": "butcher", "neighbourhood": "City Centre", "opening_hours": "Mo-Sa 08:00-21:00"}, "geometry": {"type": "Point", "coordinates": [-1.900179, 52.476734]}}, {"type": "Feature", "properties": {"id": "store-13", "name": "Vodafone", "shop": "electronics", "neighbourhood": "City Centre", "opening_hours": "Mo-Sa 08:00-21:00"}, "geometry": {"type": "Point", "coordinates": [-1.891802, 52.47608]}}, {"type": "Feature", "properties": {"id": "store-14", "name": "B&Q", "shop": "hardware", "neighbourhood": "City Centre", "opening_hours": "Mo-Su 07:00-22:00"}, "geometry": {"type": "Point", "coordinates": [-1.901605, 52.477027]}}, {"type": "Feature", "properties": {"id": "store-15", "name": "Aldi", "shop": "supermarket", "neighbourhood": "City Centre", "opening_hours": "Mo-Su 00:00-24:00"}, "geometry": {"type": "Point", "coordinates": [-1.898333, 52.481741]}}, {"type": "Feature", "properties": {"id": "store-16", "name": "Salvation Army", "shop": "charity", "neighbourhood": "City Centre", "opening_hours": "Mo-Sa 08:00-21:00"}, "geometry": {"type": "Point", "coordinates": [-1.881252, 52.481333]}}, {"type": "Feature", "properties": {"id": "store-17", "name": "Nail Studio", "shop": "beauty", "neighbourhood": "City Centre", "opening_hours": "Mo-Fr 09:00-18:00"}, "geometry": {"type": "Point", "coordinates": [-1.883817, 52.479624]}}, {"type": "Feature", "properties": {"id": "store-18", "name": "Nisa Local", "shop": "convenience", "neighbourhood": "City Centre", "opening_hours": "Mo-Fr 09:00-18:00"}, "geometry": {"type": "Point", "coordinates": [-1.895438, 52.484104]}}, {"type": "Feature", "properties": {"id": "store-19", "name": "M&S Food", "shop": "supermarket", "neighbourhood": "City Centre", "opening_hours": "Mo-Sa 08:00-21:00"}, "geometry": {"type": "Point", "coordinates": [-1.888838, 52.481481]}}, {"type": "Feature", "properties": {"id": "store-20", "name": "ASDA Superstore", "shop": "supermarket", "neighbourhood": "City Centre", "opening_hours": "Mo-Fr 09:00-18:00"}, "geometry": {"type": "Point", "coordinates": [-1.898749, 52.481377]}}, {"type": "Feature", "properties": {"id": "store-21", "name": "Oxfam", "shop": "charity", "neighbourhood": "City Centre", "opening_hours": "Mo-Su 07:00-22:00"}, "geometry": {"type": "Point", "coordinates": [-1.892787, 52.472143]}}, {"type": "Feature", "properties": {"id": "store-22", "name": "Bargain Booze", "shop": "convenience", "neighbourhood": "City Centre", "opening_hours": "Mo-Su 00:00-24:00"}, "geometry": {"type": "Point", "coordinates": [-1.899271, 52.477528]}}, {"type": "Feature", "properties": {"id": "store-23", "name": "Vodafone", "shop": "electronics", "neighbourhood": "City Centre", "opening_hours": "Mo-Sa 08:00-21:00"}, "geometry": {"type": "Point", "coordinates": [-1.884739, 52.484086]}}, {"type": "Feature", "properties": {"id": "store-24", "name": "Breadshop", "shop": "bakery", "neighbourhood": "City Centre", "opening_hours": "Mo-Sa 08:00-21:00"}, "geometry": {"type": "Point", "coordinates": [-1.89061, 52.477358]}}, {"type": "Feature", "properties": {"id": "store-25", "name": "Peak Pharmacy", "shop": "pharmacy", "neighbourhood": "City Centre", "opening_hours": "Mo-Su 07:00-22:00"}, "geometry": {"type": "Point", "coordinates": [-1.880875, 52.484059]}}, {"type": "Feature", "properties": {"id": "store-26", "name": "ASDA", "shop": "supermarket", "neighbourhood": "City Centre", "opening_hours": "Mo-Su 00:00-24:00"}, "geometry": {"type": "Point", "coordinates": [-1.89582, 52.475393]}}, {"type": "Feature", "properties": {"id": "store-27", "name": "Salon", "shop": "beauty", "neighbourhood": "City Centre", "opening_hours": "Mo-Su 07:00-22:00"}, "geometry": {"type": "Point", "coordinates": [-1.883881, 52.480264]}}, {"type": "Feature", "properties": {"id": "store-28", "name": "Poundworld", "shop": "general", "neighbourhood": "City Centre", "opening_hours": "Mo-Sa 08:00-21:00"}, "geometry": {"type": "Point", "coordinates": [-1.902349, 52.479169]}}, {"type": "Feature", "properties": {"id": "store-29", "name": "Costcutter", "shop": "convenience", "neighbourhood": "City Centre", "opening_hours": "Mo-Fr 09:00-18:00"}, "geometry": {"type": "Point", "coordinates": [-1.901327, 52.475762]}}, {"type": "Feature", "properties": {"id": "store-30", "name": "B&Q", "shop": "hardware", "neighbourhood": "City Centre", "opening_hours": "Mo-Su 00:00-24:00"}, "geometry": {"type": "Point", "coordinates": [-1.893249, 52.48762]}}, {"type": "Feature", "properties": {"id": "store-31", "name": "Bonmarch\u00e9", "shop": "clothes", "neighbourhood": "City Centre", "opening_hours": "Mo-Fr 09:00-18:00"}, "geometry": {"type": "Point", "coordinates": [-1.883931, 52.474649]}}, {"type": "Feature", "properties": {"id": "store-32", "name": "Select", "shop": "clothes", "neighbourhood": "City Centre", "opening_hours": "Mo-Sa 08:00-21:00"}, "geometry": {"type": "Point", "coordinates": [-1.886051, 52.482785]}}, {"type": "Feature", "properties": {"id": "store-33", "name": "WHSmith", "shop": "newsagent", "neighbourhood": "City Centre", "opening_hours": "Mo-Sa 08:00-21:00"}, "geometry": {"type": "Point", "coordinates": [-1.890996, 52.479416]}}, {"type": "Feature", "properties": {"id": "store-34", "name": "Bonmarch\u00e9", "shop": "clothes", "neighbourhood": "City Centre", "opening_hours": "Mo-Sa 08:00-21:00"}, "geometry": {"type": "Point", "coordinates": [-1.88943, 52.48131]}}, {"type": "Feature", "properties": {"id": "store-35", "name": "Rowlands Pharmacy", "shop": "pharmacy", "neighbourhood": "City Centre", "opening_hours": "Mo-Fr 09:00-18:00"}, "geometry": {"type": "Point", "coordinates": [-1.881273, 52.478995]}}, {"type": "Feature", "properties": {"id": "store-36", "name": "H&M", "shop": "clothes", "neighbourhood": "City Centre", "opening_hours": "Mo-Su 07:00-22:00"}, "geometry": {"type": "Point", "coordinates": [-1.881253, 52.480245]}}, {"type": "Feature", "properties": {"id": "store-37", "name": "Primark", "shop": "clothes", "neighbourhood": "City Centre", "opening_hours": "Mo-Su 07:00-22:00"}, "geometry": {"type": "Point", "coordinates": [-1.897063, 52.477388]}}, {"type": "Feature", "properties": {"id": "store-38", "name": "IKEA", "shop": "furniture", "neighbourhood": "City Centre", "opening_hours": "Mo-Sa 08:00-21:00"}, "geometry": {"type": "Point", "coordinates": [-1.886177, 52.486423]}}, {"type": "Feature", "properties": {"id": "store-39", "name": "Nisa Local", "shop": "convenience", "neighbourhood": "City Centre", "opening_hours": "Mo-Su 00:00-24:00"}, "geometry": {"type": "Point", "coordinates": [-1.8813, 52.482131]}}, {"type": "Feature", "properties": {"id": "store-40", "name": "Iceland", "shop": "supermarket", "neighbourhood": "City Centre", "opening_hours": "Mo-Su 07:00-22:00"}, "geometry": {"type": "Point", "coordinates": [-1.887503, 52.472626]}}, {"type": "Feature", "properties": {"id": "store-41", "name": "British Heart Foundation", "shop": "charity", "neighbourhood": "City Centre", "opening_hours": "Mo-Sa 08:00-21:00"}, "geometry": {"type": "Point", "coordinates": [-1.886241, 52.487699]}}, {"type": "Feature", "properties": {"id": "store-42", "name": "Best-one", "shop": "convenience", "neighbourhood": "City Centre", "opening_hours": "Mo-Su 07:00-22:00"}, "geometry": {"type": "Point", "coordinates": [-1.882376, 52.482836]}}, {"type": "Feature", "properties": {"id": "store-43", "name": "TK Maxx", "shop": "clothes", "neighbourhood": "City Centre", "opening_hours": "Mo-Su 00:00-24:00"}, "geometry": {"type": "Point", "coordinates": [-1.889869, 52.480192]}}, {"type": "Feature", "properties": {"id": "store-44", "name": "WHSmith", "shop": "general", "neighbourhood": "City Centre", "opening_hours": "Mo-Sa 08:00-21:00"}, "geometry": {"type": "Point", "coordinates": [-1.884342, 52.472977]}}, {"type": "Feature", "properties": {"id": "store-45", "name": "Waitrose", "shop": "supermarket", "neighbourhood": "City Centre", "opening_hours": "Mo-Su 07:00-22:00"}, "geometry": {"type": "Point", "coordinates": [-1.884626, 52.481395]}}, {"type": "Feature", "properties": {"id": "store-46", "name": "The Beauty Room", "shop": "beauty", "neighbourhood": "City Centre", "opening_hours": "Mo-Sa 08:00-21:00"}, "geometry": {"type": "Point", "coordinates": [-1.893583, 52.479975]}}, {"type": "Feature", "properties": {"id": "store-47", "name": "British Heart Foundation", "shop": "charity", "neighbourhood": "City Centre", "opening_hours": "Mo-Su 07:00-22:00"}, "geometry": {"type": "Point", "coordinates": [-1.887081, 52.485413]}}, {"type": "Feature", "properties": {"id": "store-48", "name": "Aldi", "shop": "supermarket", "neighbourhood": "City Centre", "opening_hours": "Mo-Sa 08:00-21:00"}, "geometry": {"type": "Point", "coordinates": [-1.896157, 52.478219]}}, {"type": "Feature", "properties": {"id": "store-49", "name": "M&S Food", "shop": "supermarket", "neighbourhood": "City Centre", "opening_hours": "Mo-Su 00:00-24:00"}, "geometry": {"type": "Point", "coordinates": [-1.891663, 52.478578]}}, {"type": "Feature", "properties": {"id": "store-50", "name": "Martin McColl", "shop": "newsagent", "neighbourhood": "City Centre", "opening_hours": "Mo-Su 00:00-24:00"}, "geometry": {"type": "Point", "coordinates": [-1.8928, 52.48336]}}, {"type": "Feature", "properties": {"id": "store-51", "name": "Londis", "shop": "convenience", "neighbourhood": "City Centre", "opening_hours": "Mo-Su 07:00-22:00"}, "geometry": {"type": "Point", "coordinates": [-1.883755, 52.474729]}}, {"type": "Feature", "properties": {"id": "store-52", "name": "Salon", "shop": "beauty", "neighbourhood": "City Centre", "opening_hours": "Mo-Su 07:00-22:00"}, "geometry": {"type": "Point", "coordinates": [-1.889786, 52.486379]}}, {"type": "Feature", "properties": {"id": "store-53", "name": "Londis", "shop": "convenience", "neighbourhood": "City Centre", "opening_hours": "Mo-Su 07:00-22:00"}, "geometry": {"type": "Point", "coordinates": [-1.892618, 52.474394]}}, {"type": "Feature", "properties": {"id": "store-54", "name": "Costcutter", "shop": "convenience", "neighbourhood": "City Centre", "opening_hours": "Mo-Su 00:00-24:00"}, "geometry": {"type": "Point", "coordinates": [-1.895967, 52.483577]}}, {"type": "Feature", "properties": {"id": "store-55", "name": "Halal Butchers", "shop": "butcher", "neighbourhood": "City Centre", "opening_hours": "Mo-Su 00:00-24:00"}, "geometry": {"type": "Point", "coordinates": [-1.898939, 52.473847]}}, {"type": "Feature", "properties": {"id": "store-56", "name": "Scope", "shop": "charity", "neighbourhood": "City Centre", "opening_hours": "Mo-Su 07:00-22:00"}, "geometry": {"type": "Point", "coordinates": [-1.892181, 52.482373]}}, {"type": "Feature", "properties": {"id": "store-57", "name": "Premier", "shop": "convenience", "neighbourhood": "City Centre", "opening_hours": "Mo-Sa 08:00-21:00"}, "geometry": {"type": "Point", "coordinates": [-1.897728, 52.485375]}}, {"type": "Feature", "properties": {"id": "store-58", "name": "Greggs", "shop": "bakery", "neighbourhood": "City Centre", "opening_hours": "Mo-Fr 09:00-18:00"}, "geometry": {"type": "Point", "coordinates": [-1.896283, 52.479261]}}, {"type": "Feature", "properties": {"id": "store-59", "name": "M&S Food", "shop": "supermarket", "neighbourhood": "City Centre", "opening_hours": "Mo-Fr 09:00-18:00"}, "geometry": {"type": "Point", "coordinates": [-1.877713, 52.479946]}}, {"type": "Feature", "properties": {"id": "store-60", "name": "Next", "shop": "clothes", "neighbourhood": "City Centre", "opening_hours": "Mo-Su 00:00-24:00"}, "geometry": {"type": "Point", "coordinates": [-1.892855, 52.480814]}}, {"type": "Feature", "properties": {"id": "store-61", "name": "Post Office", "shop": "newsagent", "neighbourhood": "City Centre", "opening_hours": "Mo-Su 07:00-22:00"}, "geometry": {"type": "Point", "coordinates": [-1.882882, 52.482842]}}, {"type": "Feature", "properties": {"id": "store-62", "name": "Martin McColl", "shop": "newsagent", "neighbourhood": "City Centre", "opening_hours": "Mo-Su 07:00-22:00"}, "geometry": {"type": "Point", "coordinates": [-1.882034, 52.486014]}}, {"type": "Feature", "properties": {"id": "store-63", "name": "Nisa Local", "shop": "convenience", "neighbourhood": "City Centre", "opening_hours": "Mo-Su 07:00-22:00"}, "geometry": {"type": "Point", "coordinates": [-1.899159, 52.483137]}}, {"type": "Feature", "properties": {"id": "store-64", "name": "IKEA", "shop": "furniture", "neighbourhood": "City Centre", "opening_hours": "Mo-Su 00:00-24:00"}, "geometry": {"type": "Point", "coordinates": [-1.878614, 52.477248]}}, {"type": "Feature", "properties": {"id": "store-65", "name": "Iceland", "shop": "supermarket", "neighbourhood": "City Centre", "opening_hours": "Mo-Fr 09:00-18:00"}, "geometry": {"type": "Point", "coordinates": [-1.883958, 52.481005]}}, {"type": "Feature", "properties": {"id": "store-66", "name": "Home Bargains", "shop": "general", "neighbourhood": "City Centre", "opening_hours": "Mo-Sa 08:00-21:00"}, "geometry": {"type": "Point", "coordinates": [-1.892286, 52.486925]}}, {"type": "Feature", "properties": {"id": "store-67", "name": "Oxfam", "shop": "charity", "neighbourhood": "City Centre", "opening_hours": "Mo-Sa 08:00-21:00"}, "geometry": {"type": "Point", "coordinates": [-1.892185, 52.487219]}}, {"type": "Feature", "properties": {"id": "store-68", "name": "Home Bargains", "shop": "general", "neighbourhood": "City Centre", "opening_hours": "Mo-Su 00:00-24:00"}, "geometry": {"type": "Point", "coordinates": [-1.898046, 52.479606]}}, {"type": "Feature", "properties": {"id": "store-69", "name": "Primark", "shop": "clothes", "neighbourhood": "City Centre", "opening_hours": "Mo-Fr 09:00-18:00"}, "geometry": {"type": "Point", "coordinates": [-1.881017, 52.483667]}}, {"type": "Feature", "properties": {"id": "store-70", "name": "Vodafone", "shop": "electronics", "neighbourhood": "City Centre", "opening_hours": "Mo-Sa 08:00-21:00"}, "geometry": {"type": "Point", "coordinates": [-1.87855, 52.481263]}}, {"type": "Feature", "properties": {"id": "store-71", "name": "River Island", "shop": "clothes", "neighbourhood": "City Centre", "opening_hours": "Mo-Su 07:00-22:00"}, "geometry": {"type": "Point", "coordinates": [-1.87974, 52.481115]}}, {"type": "Feature", "properties": {"id": "store-72", "name": "Greggs", "shop": "bakery", "neighbourhood": "City Centre", "opening_hours": "Mo-Su 00:00-24:00"}, "geometry": {"type": "Point", "coordinates": [-1.891853, 52.484191]}}, {"type": "Feature", "properties": {"id": "store-73", "name": "Poundworld", "shop": "general", "neighbourhood": "City Centre", "opening_hours": "Mo-Su 00:00-24:00"}, "geometry": {"type": "Point", "coordinates": [-1.892085, 52.482555]}}, {"type": "Feature", "properties": {"id": "store-74", "name": "Peacocks", "shop": "clothes", "neighbourhood": "City Centre", "opening_hours": "Mo-Fr 09:00-18:00"}, "geometry": {"type": "Point", "coordinates": [-1.887952, 52.486082]}}, {"type": "Feature", "properties": {"id": "store-75", "name": "Select", "shop": "clothes", "neighbourhood": "City Centre", "opening_hours": "Mo-Sa 08:00-21:00"}, "geometry": {"type": "Point", "coordinates": [-1.896292, 52.475445]}}, {"type": "Feature", "properties": {"id": "store-76", "name": "Iceland", "shop": "supermarket", "neighbourhood": "City Centre", "opening_hours": "Mo-Sa 08:00-21:00"}, "geometry": {"type": "Point", "coordinates": [-1.879197, 52.479797]}}, {"type": "Feature", "properties": {"id": "store-77", "name": "Fresh Meat", "shop": "butcher", "neighbourhood": "City Centre", "opening_hours": "Mo-Su 00:00-24:00"}, "geometry": {"type": "Point", "coordinates": [-1.887747, 52.47859]}}, {"type": "Feature", "properties": {"id": "store-78", "name": "B&M", "shop": "general", "neighbourhood": "City Centre", "opening_hours": "Mo-Fr 09:00-18:00"}, "geometry": {"type": "Point", "coordinates": [-1.894421, 52.478518]}}, {"type": "Feature", "properties": {"id": "store-79", "name": "Hair & Beauty", "shop": "beauty", "neighbourhood": "City Centre", "opening_hours": "Mo-Fr 09:00-18:00"}, "geometry": {"type": "Point", "coordinates": [-1.880533, 52.476882]}}, {"type": "Feature", "properties": {"id": "store-80", "name": "Martin McColl", "shop": "newsagent", "neighbourhood": "City Centre", "opening_hours": "Mo-Su 00:00-24:00"}, "geometry": {"type": "Point", "coordinates": [-1.897454, 52.477457]}}, {"type": "Feature", "properties": {"id": "store-81", "name": "One Stop", "shop": "convenience", "neighbourhood": "City Centre", "opening_hours": "Mo-Fr 09:00-18:00"}, "geometry": {"type": "Point", "coordinates": [-1.883635, 52.473849]}}, {"type": "Feature", "properties": {"id": "store-82", "name": "TK Maxx", "shop": "clothes", "neighbourhood": "City Centre", "opening_hours": "Mo-Fr 09:00-18:00"}, "geometry": {"type": "Point", "coordinates": [-1.900509, 52.481407]}}, {"type": "Feature", "properties": {"id": "store-83", "name": "The Range", "shop": "furniture", "neighbourhood": "City Centre", "opening_hours": "Mo-Sa 08:00-21:00"}, "geometry": {"type": "Point", "coordinates": [-1.898898, 52.477389]}}, {"type": "Feature", "properties": {"id": "store-84", "name": "Fresh Meat", "shop": "butcher", "neighbourhood": "City Centre", "opening_hours": "Mo-Su 07:00-22:00"}, "geometry": {"type": "Point", "coordinates": [-1.89636, 52.477659]}}, {"type": "Feature", "properties": {"id": "store-85", "name": "Family Butchers", "shop": "butcher", "neighbourhood": "City Centre", "opening_hours": "Mo-Sa 08:00-21:00"}, "geometry": {"type": "Point", "coordinates": [-1.900888, 52.482929]}}, {"type": "Feature", "properties": {"id": "store-86", "name": "Pound Bakery", "shop": "general", "neighbourhood": "City Centre", "opening_hours": "Mo-Fr 09:00-18:00"}, "geometry": {"type": "Point", "coordinates": [-1.888113, 52.481048]}}, {"type": "Feature", "properties": {"id": "store-87", "name": "Best-one", "shop": "convenience", "neighbourhood": "City Centre", "opening_hours": "Mo-Fr 09:00-18:00"}, "geometry": {"type": "Point", "coordinates": [-1.88499, 52.474473]}}, {"type": "Feature", "properties": {"id": "store-88", "name": "Halal Butchers", "shop": "butcher", "neighbourhood": "City Centre", "opening_hours": "Mo-Fr 09:00-18:00"}, "geometry": {"type": "Point", "coordinates": [-1.887385, 52.477484]}}, {"type": "Feature", "properties": {"id": "store-89", "name": "Corner Shop", "shop": "newsagent", "neighbourhood": "City Centre", "opening_hours": "Mo-Su 07:00-22:00"}, "geometry": {"type": "Point", "coordinates": [-1.87869, 52.481414]}}, {"type": "Feature", "properties": {"id": "store-90", "name": "Nisa Local", "shop": "convenience", "neighbourhood": "City Centre", "opening_hours": "Mo-Fr 09:00-18:00"}, "geometry": {"type": "Point", "coordinates": [-1.8949, 52.472733]}}, {"type": "Feature", "properties": {"id": "store-91", "name": "Beauty Bar", "shop": "beauty", "neighbourhood": "City Centre", "opening_hours": "Mo-Fr 09:00-18:00"}, "geometry": {"type": "Point", "coordinates": [-1.901897, 52.476011]}}, {"type": "Feature", "properties": {"id": "store-92", "name": "Salvation Army", "shop": "charity", "neighbourhood": "City Centre", "opening_hours": "Mo-Fr 09:00-18:00"}, "geometry": {"type": "Point", "coordinates": [-1.899018, 52.48291]}}, {"type": "Feature", "properties": {"id": "store-93", "name": "Breadshop", "shop": "bakery", "neighbourhood": "City Centre", "opening_hours": "Mo-Fr 09:00-18:00"}, "geometry": {"type": "Point", "coordinates": [-1.883791, 52.479767]}}, {"type": "Feature", "properties": {"id": "store-94", "name": "Sainsbury's Local", "shop": "supermarket", "neighbourhood": "City Centre", "opening_hours": "Mo-Sa 08:00-21:00"}, "geometry": {"type": "Point", "coordinates": [-1.895387, 52.477029]}}, {"type": "Feature", "properties": {"id": "store-95", "name": "Hair & Beauty", "shop": "beauty", "neighbourhood": "City Centre", "opening_hours": "Mo-Sa 08:00-21:00"}, "geometry": {"type": "Point", "coordinates": [-1.882942, 52.479376]}}, {"type": "Feature", "properties": {"id": "store-96", "name": "WHSmith", "shop": "newsagent", "neighbourhood": "City Centre", "opening_hours": "Mo-Fr 09:00-18:00"}, "geometry": {"type": "Point", "coordinates": [-1.879387, 52.480793]}}, {"type": "Feature", "properties": {"id": "store-97", "name": "New Look", "shop": "clothes", "neighbourhood": "City Centre", "opening_hours": "Mo-Fr 09:00-18:00"}, "geometry": {"type": "Point", "coordinates": [-1.885021, 52.475006]}}, {"type": "Feature", "properties": {"id": "store-98", "name": "Poundland", "shop": "general", "neighbourhood": "City Centre", "opening_hours": "Mo-Fr 09:00-18:00"}, "geometry": {"type": "Point", "coordinates": [-1.882925, 52.474534]}}, {"type": "Feature", "properties": {"id": "store-99", "name": "Best-one", "shop": "convenience", "neighbourhood": "City Centre", "opening_hours": "Mo-Fr 09:00-18:00"}, "geometry": {"type": "Point", "coordinates": [-1.888537, 52.47221]}}, {"type": "Feature", "properties": {"id": "store-100", "name": "Harveys", "shop": "furniture", "neighbourhood": "City Centre", "opening_hours": "Mo-Fr 09:00-18:00"}, "geometry": {"type": "Point", "coordinates": [-1.893114, 52.47325]}}, {"type": "Feature", "properties": {"id": "store-101", "name": "ASDA", "shop": "supermarket", "neighbourhood": "City Centre", "opening_hours": "Mo-Fr 09:00-18:00"}, "geometry": {"type": "Point", "coordinates": [-1.881773, 52.481022]}}, {"type": "Feature", "properties": {"id": "store-102", "name": "Poundland", "shop": "general", "neighbourhood": "City Centre", "opening_hours": "Mo-Fr 09:00-18:00"}, "geometry": {"type": "Point", "coordinates": [-1.902445, 52.478799]}}, {"type": "Feature", "properties": {"id": "store-103", "name": "ASDA Superstore", "shop": "supermarket", "neighbourhood": "City Centre", "opening_hours": "Mo-Sa 08:00-21:00"}, "geometry": {"type": "Point", "coordinates": [-1.896317, 52.474468]}}, {"type": "Feature", "properties": {"id": "store-104", "name": "Londis", "shop": "convenience", "neighbourhood": "City Centre", "opening_hours": "Mo-Sa 08:00-21:00"}, "geometry": {"type": "Point", "coordinates": [-1.894613, 52.482316]}}, {"type": "Feature", "properties": {"id": "store-105", "name": "Scope", "shop": "charity", "neighbourhood": "City Centre", "opening_hours": "Mo-Fr 09:00-18:00"}, "geometry": {"type": "Point", "coordinates": [-1.888228, 52.475479]}}, {"type": "Feature", "properties": {"id": "store-106", "name": "Lidl", "shop": "supermarket", "neighbourhood": "City Centre", "opening_hours": "Mo-Su 07:00-22:00"}, "geometry": {"type": "Point", "coordinates": [-1.88659, 52.479967]}}, {"type": "Feature", "properties": {"id": "store-107", "name": "Halal Butchers", "shop": "butcher", "neighbourhood": "City Centre", "opening_hours": "Mo-Su 07:00-22:00"}, "geometry": {"type": "Point", "coordinates": [-1.890405, 52.484797]}}, {"type": "Feature", "properties": {"id": "store-108", "name": "Tesco Express", "shop": "supermarket", "neighbourhood": "City Centre", "opening_hours": "Mo-Sa 08:00-21:00"}, "geometry": {"type": "Point", "coordinates": [-1.892251, 52.48344]}}, {"type": "Feature", "properties": {"id": "store-109", "name": "Hair & Beauty", "shop": "beauty", "neighbourhood": "City Centre", "opening_hours": "Mo-Fr 09:00-18:00"}, "geometry": {"type": "Point", "coordinates": [-1.882639, 52.484655]}}, {"type": "Feature", "properties": {"id": "store-110", "name": "Family Shopper", "shop": "convenience", "neighbourhood": "City Centre", "opening_hours": "Mo-Su 07:00-22:00"}, "geometry": {"type": "Point", "coordinates": [-1.901476, 52.477783]}}, {"type": "Feature", "properties": {"id": "store-111", "name": "Family Shopper", "shop": "convenience", "neighbourhood": "City Centre", "opening_hours": "Mo-Su 07:00-22:00"}, "geometry": {"type": "Point", "coordinates": [-1.895706, 52.48057]}}, {"type": "Feature", "properties": {"id": "store-112", "name": "Card Factory", "shop": "general", "neighbourhood": "City Centre", "opening_hours": "Mo-Fr 09:00-18:00"}, "geometry": {"type": "Point", "coordinates": [-1.894765, 52.485549]}}, {"type": "Feature", "properties": {"id": "store-113", "name": "Age UK", "shop": "charity", "neighbourhood": "Digbeth", "opening_hours": "Mo-Su 07:00-22:00"}, "geometry": {"type": "Point", "coordinates": [-1.879607, 52.477306]}}, {"type": "Feature", "properties": {"id": "store-114", "name": "Halal Butchers", "shop": "butcher", "neighbourhood": "Digbeth", "opening_hours": "Mo-Su 07:00-22:00"}, "geometry": {"type": "Point", "coordinates": [-1.88884, 52.475394]}}, {"type": "Feature", "properties": {"id": "store-115", "name": "Bonmarch\u00e9", "shop": "clothes", "neighbourhood": "Digbeth", "opening_hours": "Mo-Su 00:00-24:00"}, "geometry": {"type": "Point", "coordinates": [-1.881035, 52.474509]}}, {"type": "Feature", "properties": {"id": "store-116", "name": "Well Pharmacy", "shop": "pharmacy", "neighbourhood": "Digbeth", "opening_hours": "Mo-Su 00:00-24:00"}, "geometry": {"type": "Point", "coordinates": [-1.884619, 52.47911]}}, {"type": "Feature", "properties": {"id": "store-117", "name": "Corner Shop", "shop": "newsagent", "neighbourhood": "Digbeth", "opening_hours": "Mo-Sa 08:00-21:00"}, "geometry": {"type": "Point", "coordinates": [-1.890066, 52.4735]}}, {"type": "Feature", "properties": {"id": "store-118", "name": "Costcutter", "shop": "convenience", "neighbourhood": "Digbeth", "opening_hours": "Mo-Fr 09:00-18:00"}, "geometry": {"type": "Point", "coordinates": [-1.892229, 52.47575]}}, {"type": "Feature", "properties": {"id": "store-119", "name": "Nail Studio", "shop": "beauty", "neighbourhood": "Digbeth", "opening_hours": "Mo-Sa 08:00-21:00"}, "geometry": {"type": "Point", "coordinates": [-1.883529, 52.472206]}}, {"type": "Feature", "properties": {"id": "store-120", "name": "Age UK", "shop": "charity", "neighbourhood": "Digbeth", "opening_hours": "Mo-Fr 09:00-18:00"}, "geometry": {"type": "Point", "coordinates": [-1.886903, 52.476844]}}, {"type": "Feature", "properties": {"id": "store-121", "name": "TK Maxx", "shop": "clothes", "neighbourhood": "Digbeth", "opening_hours": "Mo-Su 00:00-24:00"}, "geometry": {"type": "Point", "coordinates": [-1.887569, 52.472867]}}, {"type": "Feature", "properties": {"id": "store-122", "name": "SCS", "shop": "furniture", "neighbourhood": "Digbeth", "opening_hours": "Mo-Su 00:00-24:00"}, "geometry": {"type": "Point", "coordinates": [-1.881902, 52.477062]}}, {"type": "Feature", "properties": {"id": "store-123", "name": "Co-op", "shop": "convenience", "neighbourhood": "Digbeth", "opening_hours": "Mo-Sa 08:00-21:00"}, "geometry": {"type": "Point", "coordinates": [-1.88923, 52.478955]}}, {"type": "Feature", "properties": {"id": "store-124", "name": "Peak Pharmacy", "shop": "pharmacy", "neighbourhood": "Digbeth", "opening_hours": "Mo-Sa 08:00-21:00"}, "geometry": {"type": "Point", "coordinates": [-1.881785, 52.479483]}}, {"type": "Feature", "properties": {"id": "store-125", "name": "Peak Pharmacy", "shop": "pharmacy", "neighbourhood": "Digbeth", "opening_hours": "Mo-Su 07:00-22:00"}, "geometry": {"type": "Point", "coordinates": [-1.890535, 52.47488]}}, {"type": "Feature", "properties": {"id": "store-126", "name": "Newsagent", "shop": "newsagent", "neighbourhood": "Digbeth", "opening_hours": "Mo-Su 00:00-24:00"}, "geometry": {"type": "Point", "coordinates": [-1.883079, 52.477968]}}, {"type": "Feature", "properties": {"id": "store-127", "name": "Three", "shop": "electronics", "neighbourhood": "Digbeth", "opening_hours": "Mo-Su 00:00-24:00"}, "geometry": {"type": "Point", "coordinates": [-1.884099, 52.472964]}}, {"type": "Feature", "properties": {"id": "store-128", "name": "Spar", "shop": "convenience", "neighbourhood": "Digbeth", "opening_hours": "Mo-Sa 08:00-21:00"}, "geometry": {"type": "Point", "coordinates": [-1.888682, 52.475516]}}, {"type": "Feature", "properties": {"id": "store-129", "name": "Poundworld", "shop": "general", "neighbourhood": "Digbeth", "opening_hours": "Mo-Sa 08:00-21:00"}, "geometry": {"type": "Point", "coordinates": [-1.879159, 52.474646]}}, {"type": "Feature", "properties": {"id": "store-130", "name": "Post Office", "shop": "newsagent", "neighbourhood": "Digbeth", "opening_hours": "Mo-Su 00:00-24:00"}, "geometry": {"type": "Point", "coordinates": [-1.879968, 52.476857]}}, {"type": "Feature", "properties": {"id": "store-131", "name": "Londis", "shop": "convenience", "neighbourhood": "Digbeth", "opening_hours": "Mo-Sa 08:00-21:00"}, "geometry": {"type": "Point", "coordinates": [-1.885824, 52.48028]}}, {"type": "Feature", "properties": {"id": "store-132", "name": "Co-op", "shop": "convenience", "neighbourhood": "Digbeth", "opening_hours": "Mo-Su 07:00-22:00"}, "geometry": {"type": "Point", "coordinates": [-1.87911, 52.474978]}}, {"type": "Feature", "properties": {"id": "store-133", "name": "McColl's", "shop": "convenience", "neighbourhood": "Digbeth", "opening_hours": "Mo-Su 07:00-22:00"}, "geometry": {"type": "Point", "coordinates": [-1.887032, 52.472648]}}, {"type": "Feature", "properties": {"id": "store-134", "name": "Laptop Direct", "shop": "electronics", "neighbourhood": "Digbeth", "opening_hours": "Mo-Su 00:00-24:00"}, "geometry": {"type": "Point", "coordinates": [-1.889019, 52.478578]}}, {"type": "Feature", "properties": {"id": "store-135", "name": "WHSmith", "shop": "general", "neighbourhood": "Digbeth", "opening_hours": "Mo-Su 07:00-22:00"}, "geometry": {"type": "Point", "coordinates": [-1.883464, 52.476609]}}, {"type": "Feature", "properties": {"id": "store-136", "name": "M&S Food", "shop": "supermarket", "neighbourhood": "Digbeth", "opening_hours": "Mo-Su 07:00-22:00"}, "geometry": {"type": "Point", "coordinates": [-1.889209, 52.477448]}}, {"type": "Feature", "properties": {"id": "store-137", "name": "Pound Bakery", "shop": "general", "neighbourhood": "Digbeth", "opening_hours": "Mo-Sa 08:00-21:00"}, "geometry": {"type": "Point", "coordinates": [-1.879569, 52.478549]}}, {"type": "Feature", "properties": {"id": "store-138", "name": "Breadshop", "shop": "bakery", "neighbourhood": "Digbeth", "opening_hours": "Mo-Sa 08:00-21:00"}, "geometry": {"type": "Point", "coordinates": [-1.88062, 52.479097]}}, {"type": "Feature", "properties": {"id": "store-139", "name": "B&M", "shop": "general", "neighbourhood": "Digbeth", "opening_hours": "Mo-Fr 09:00-18:00"}, "geometry": {"type": "Point", "coordinates": [-1.889502, 52.476647]}}, {"type": "Feature", "properties": {"id": "store-140", "name": "Patisserie", "shop": "bakery", "neighbourhood": "Digbeth", "opening_hours": "Mo-Su 07:00-22:00"}, "geometry": {"type": "Point", "coordinates": [-1.879521, 52.47499]}}, {"type": "Feature", "properties": {"id": "store-141", "name": "Bargain Booze", "shop": "convenience", "neighbourhood": "Digbeth", "opening_hours": "Mo-Su 07:00-22:00"}, "geometry": {"type": "Point", "coordinates": [-1.88609, 52.478143]}}, {"type": "Feature", "properties": {"id": "store-142", "name": "Tesco", "shop": "supermarket", "neighbourhood": "Digbeth", "opening_hours": "Mo-Fr 09:00-18:00"}, "geometry": {"type": "Point", "coordinates": [-1.882428, 52.477235]}}, {"type": "Feature", "properties": {"id": "store-143", "name": "One Stop", "shop": "convenience", "neighbourhood": "Digbeth", "opening_hours": "Mo-Su 00:00-24:00"}, "geometry": {"type": "Point", "coordinates": [-1.883256, 52.472895]}}, {"type": "Feature", "properties": {"id": "store-144", "name": "O2", "shop": "electronics", "neighbourhood": "Digbeth", "opening_hours": "Mo-Su 00:00-24:00"}, "geometry": {"type": "Point", "coordinates": [-1.890975, 52.475191]}}, {"type": "Feature", "properties": {"id": "store-145", "name": "Family Butchers", "shop": "butcher", "neighbourhood": "Digbeth", "opening_hours": "Mo-Fr 09:00-18:00"}, "geometry": {"type": "Point", "coordinates": [-1.890683, 52.477039]}}, {"type": "Feature", "properties": {"id": "store-146", "name": "Premier", "shop": "convenience", "neighbourhood": "Digbeth", "opening_hours": "Mo-Sa 08:00-21:00"}, "geometry": {"type": "Point", "coordinates": [-1.882685, 52.477804]}}, {"type": "Feature", "properties": {"id": "store-147", "name": "Family Shopper", "shop": "convenience", "neighbourhood": "Digbeth", "opening_hours": "Mo-Su 00:00-24:00"}, "geometry": {"type": "Point", "coordinates": [-1.883693, 52.477853]}}, {"type": "Feature", "properties": {"id": "store-148", "name": "Best-one", "shop": "convenience", "neighbourhood": "Digbeth", "opening_hours": "Mo-Su 00:00-24:00"}, "geometry": {"type": "Point", "coordinates": [-1.883111, 52.473339]}}, {"type": "Feature", "properties": {"id": "store-149", "name": "Tesco", "shop": "supermarket", "neighbourhood": "Digbeth", "opening_hours": "Mo-Fr 09:00-18:00"}, "geometry": {"type": "Point", "coordinates": [-1.885015, 52.473035]}}, {"type": "Feature", "properties": {"id": "store-150", "name": "Sainsbury's", "shop": "supermarket", "neighbourhood": "Digbeth", "opening_hours": "Mo-Su 07:00-22:00"}, "geometry": {"type": "Point", "coordinates": [-1.890719, 52.47586]}}, {"type": "Feature", "properties": {"id": "store-151", "name": "Co-op", "shop": "convenience", "neighbourhood": "Digbeth", "opening_hours": "Mo-Sa 08:00-21:00"}, "geometry": {"type": "Point", "coordinates": [-1.885016, 52.479893]}}, {"type": "Feature", "properties": {"id": "store-152", "name": "Poundworld", "shop": "general", "neighbourhood": "Digbeth", "opening_hours": "Mo-Fr 09:00-18:00"}, "geometry": {"type": "Point", "coordinates": [-1.8839, 52.472626]}}, {"type": "Feature", "properties": {"id": "store-153", "name": "ASDA", "shop": "supermarket", "neighbourhood": "Digbeth", "opening_hours": "Mo-Fr 09:00-18:00"}, "geometry": {"type": "Point", "coordinates": [-1.888885, 52.474108]}}, {"type": "Feature", "properties": {"id": "store-154", "name": "Sue Ryder", "shop": "charity", "neighbourhood": "Digbeth", "opening_hours": "Mo-Fr 09:00-18:00"}, "geometry": {"type": "Point", "coordinates": [-1.879757, 52.474357]}}, {"type": "Feature", "properties": {"id": "store-155", "name": "Poundland", "shop": "general", "neighbourhood": "Digbeth", "opening_hours": "Mo-Fr 09:00-18:00"}, "geometry": {"type": "Point", "coordinates": [-1.888724, 52.475362]}}, {"type": "Feature", "properties": {"id": "store-156", "name": "Iceland", "shop": "supermarket", "neighbourhood": "Digbeth", "opening_hours": "Mo-Fr 09:00-18:00"}, "geometry": {"type": "Point", "coordinates": [-1.883048, 52.478125]}}, {"type": "Feature", "properties": {"id": "store-157", "name": "Farmfoods", "shop": "supermarket", "neighbourhood": "Digbeth", "opening_hours": "Mo-Fr 09:00-18:00"}, "geometry": {"type": "Point", "coordinates": [-1.890041, 52.478904]}}, {"type": "Feature", "properties": {"id": "store-158", "name": "TK Maxx", "shop": "clothes", "neighbourhood": "Digbeth", "opening_hours": "Mo-Fr 09:00-18:00"}, "geometry": {"type": "Point", "coordinates": [-1.883339, 52.474532]}}, {"type": "Feature", "properties": {"id": "store-159", "name": "Nail Studio", "shop": "beauty", "neighbourhood": "Digbeth", "opening_hours": "Mo-Fr 09:00-18:00"}, "geometry": {"type": "Point", "coordinates": [-1.88833, 52.476327]}}, {"type": "Feature", "properties": {"id": "store-160", "name": "M&S Food", "shop": "supermarket", "neighbourhood": "Digbeth", "opening_hours": "Mo-Sa 08:00-21:00"}, "geometry": {"type": "Point", "coordinates": [-1.888505, 52.478498]}}, {"type": "Feature", "properties": {"id": "store-161", "name": "ASDA Superstore", "shop": "supermarket", "neighbourhood": "Digbeth", "opening_hours": "Mo-Su 07:00-22:00"}, "geometry": {"type": "Point", "coordinates": [-1.888992, 52.475572]}}, {"type": "Feature", "properties": {"id": "store-162", "name": "Tesco Extra", "shop": "supermarket", "neighbourhood": "Digbeth", "opening_hours": "Mo-Sa 08:00-21:00"}, "geometry": {"type": "Point", "coordinates": [-1.878302, 52.476854]}}, {"type": "Feature", "properties": {"id": "store-163", "name": "Superdrug", "shop": "pharmacy", "neighbourhood": "Digbeth", "opening_hours": "Mo-Fr 09:00-18:00"}, "geometry": {"type": "Point", "coordinates": [-1.884936, 52.472387]}}, {"type": "Feature", "properties": {"id": "store-164", "name": "Costcutter", "shop": "convenience", "neighbourhood": "Digbeth", "opening_hours": "Mo-Sa 08:00-21:00"}, "geometry": {"type": "Point", "coordinates": [-1.891309, 52.478464]}}, {"type": "Feature", "properties": {"id": "store-165", "name": "Lloyds Pharmacy", "shop": "pharmacy", "neighbourhood": "Digbeth", "opening_hours": "Mo-Su 07:00-22:00"}, "geometry": {"type": "Point", "coordinates": [-1.880257, 52.472981]}}, {"type": "Feature", "properties": {"id": "store-166", "name": "Bonmarch\u00e9", "shop": "clothes", "neighbourhood": "Digbeth", "opening_hours": "Mo-Su 00:00-24:00"}, "geometry": {"type": "Point", "coordinates": [-1.878516, 52.475543]}}, {"type": "Feature", "properties": {"id": "store-167", "name": "Family Shopper", "shop": "convenience", "neighbourhood": "Digbeth", "opening_hours": "Mo-Fr 09:00-18:00"}, "geometry": {"type": "Point", "coordinates": [-1.888553, 52.477227]}}, {"type": "Feature", "properties": {"id": "store-168", "name": "Superdrug", "shop": "pharmacy", "neighbourhood": "Digbeth", "opening_hours": "Mo-Fr 09:00-18:00"}, "geometry": {"type": "Point", "coordinates": [-1.888702, 52.478194]}}, {"type": "Feature", "properties": {"id": "store-169", "name": "One Stop", "shop": "convenience", "neighbourhood": "Digbeth", "opening_hours": "Mo-Fr 09:00-18:00"}, "geometry": {"type": "Point", "coordinates": [-1.883838, 52.473745]}}, {"type": "Feature", "properties": {"id": "store-170", "name": "Waitrose", "shop": "supermarket", "neighbourhood": "Digbeth", "opening_hours": "Mo-Fr 09:00-18:00"}, "geometry": {"type": "Point", "coordinates": [-1.878522, 52.476609]}}, {"type": "Feature", "properties": {"id": "store-171", "name": "Next", "shop": "clothes", "neighbourhood": "Digbeth", "opening_hours": "Mo-Fr 09:00-18:00"}, "geometry": {"type": "Point", "coordinates": [-1.8914, 52.475074]}}, {"type": "Feature", "properties": {"id": "store-172", "name": "Bargain Buys", "shop": "general", "neighbourhood": "Digbeth", "opening_hours": "Mo-Su 07:00-22:00"}, "geometry": {"type": "Point", "coordinates": [-1.885576, 52.477762]}}, {"type": "Feature", "properties": {"id": "store-173", "name": "Well Pharmacy", "shop": "pharmacy", "neighbourhood": "Digbeth", "opening_hours": "Mo-Su 07:00-22:00"}, "geometry": {"type": "Point", "coordinates": [-1.888488, 52.478303]}}, {"type": "Feature", "properties": {"id": "store-174", "name": "Family Butchers", "shop": "butcher", "neighbourhood": "Digbeth", "opening_hours": "Mo-Su 07:00-22:00"}, "geometry": {"type": "Point", "coordinates": [-1.889664, 52.475703]}}, {"type": "Feature", "properties": {"id": "store-175", "name": "Matalan", "shop": "clothes", "neighbourhood": "Digbeth", "opening_hours": "Mo-Su 07:00-22:00"}, "geometry": {"type": "Point", "coordinates": [-1.883613, 52.471847]}}, {"type": "Feature", "properties": {"id": "store-176", "name": "Barnardo's", "shop": "charity", "neighbourhood": "Digbeth", "opening_hours": "Mo-Su 00:00-24:00"}, "geometry": {"type": "Point", "coordinates": [-1.890479, 52.478682]}}, {"type": "Feature", "properties": {"id": "store-177", "name": "Day Lewis", "shop": "pharmacy", "neighbourhood": "Digbeth", "opening_hours": "Mo-Su 07:00-22:00"}, "geometry": {"type": "Point", "coordinates": [-1.889982, 52.473234]}}, {"type": "Feature", "properties": {"id": "store-178", "name": "Fresh Meat", "shop": "butcher", "neighbourhood": "Digbeth", "opening_hours": "Mo-Sa 08:00-21:00"}, "geometry": {"type": "Point", "coordinates": [-1.887411, 52.474585]}}, {"type": "Feature", "properties": {"id": "store-179", "name": "M&S Food", "shop": "supermarket", "neighbourhood": "Digbeth", "opening_hours": "Mo-Su 07:00-22:00"}, "geometry": {"type": "Point", "coordinates": [-1.889871, 52.47614]}}, {"type": "Feature", "properties": {"id": "store-180", "name": "Poundland", "shop": "general", "neighbourhood": "Digbeth", "opening_hours": "Mo-Su 00:00-24:00"}, "geometry": {"type": "Point", "coordinates": [-1.882865, 52.47268]}}, {"type": "Feature", "properties": {"id": "store-181", "name": "Next", "shop": "clothes", "neighbourhood": "Digbeth", "opening_hours": "Mo-Sa 08:00-21:00"}, "geometry": {"type": "Point", "coordinates": [-1.888838, 52.476897]}}, {"type": "Feature", "properties": {"id": "store-182", "name": "Harveys", "shop": "furniture", "neighbourhood": "Digbeth", "opening_hours": "Mo-Sa 08:00-21:00"}, "geometry": {"type": "Point", "coordinates": [-1.886083, 52.472876]}}, {"type": "Feature", "properties": {"id": "store-183", "name": "Greggs", "shop": "bakery", "neighbourhood": "Digbeth", "opening_hours": "Mo-Fr 09:00-18:00"}, "geometry": {"type": "Point", "coordinates": [-1.881715, 52.479897]}}, {"type": "Feature", "properties": {"id": "store-184", "name": "Vodafone", "shop": "electronics", "neighbourhood": "Digbeth", "opening_hours": "Mo-Fr 09:00-18:00"}, "geometry": {"type": "Point", "coordinates": [-1.886457, 52.477655]}}, {"type": "Feature", "properties": {"id": "store-185", "name": "SCS", "shop": "furniture", "neighbourhood": "Digbeth", "opening_hours": "Mo-Sa 08:00-21:00"}, "geometry": {"type": "Point", "coordinates": [-1.884283, 52.476185]}}, {"type": "Feature", "properties": {"id": "store-186", "name": "B&M", "shop": "general", "neighbourhood": "Digbeth", "opening_hours": "Mo-Fr 09:00-18:00"}, "geometry": {"type": "Point", "coordinates": [-1.881782, 52.480116]}}, {"type": "Feature", "properties": {"id": "store-187", "name": "Best-one", "shop": "convenience", "neighbourhood": "Digbeth", "opening_hours": "Mo-Fr 09:00-18:00"}, "geometry": {"type": "Point", "coordinates": [-1.889651, 52.475085]}}, {"type": "Feature", "properties": {"id": "store-188", "name": "River Island", "shop": "clothes", "neighbourhood": "Digbeth", "opening_hours": "Mo-Su 00:00-24:00"}, "geometry": {"type": "Point", "coordinates": [-1.882163, 52.47838]}}, {"type": "Feature", "properties": {"id": "store-189", "name": "Primark", "shop": "clothes", "neighbourhood": "Digbeth", "opening_hours": "Mo-Su 07:00-22:00"}, "geometry": {"type": "Point", "coordinates": [-1.884074, 52.480265]}}, {"type": "Feature", "properties": {"id": "store-190", "name": "Scope", "shop": "charity", "neighbourhood": "Digbeth", "opening_hours": "Mo-Sa 08:00-21:00"}, "geometry": {"type": "Point", "coordinates": [-1.8884, 52.479491]}}, {"type": "Feature", "properties": {"id": "store-191", "name": "Bakers", "shop": "bakery", "neighbourhood": "Digbeth", "opening_hours": "Mo-Su 00:00-24:00"}, "geometry": {"type": "Point", "coordinates": [-1.887735, 52.474109]}}, {"type": "Feature", "properties": {"id": "store-192", "name": "Family Butchers", "shop": "butcher", "neighbourhood": "Digbeth", "opening_hours": "Mo-Su 07:00-22:00"}, "geometry": {"type": "Point", "coordinates": [-1.890644, 52.474523]}}, {"type": "Feature", "properties": {"id": "store-193", "name": "McColl's", "shop": "convenience", "neighbourhood": "Digbeth", "opening_hours": "Mo-Su 07:00-22:00"}, "geometry": {"type": "Point", "coordinates": [-1.888391, 52.479175]}}, {"type": "Feature", "properties": {"id": "store-194", "name": "Sainsbury's Local", "shop": "supermarket", "neighbourhood": "Digbeth", "opening_hours": "Mo-Su 00:00-24:00"}, "geometry": {"type": "Point", "coordinates": [-1.888034, 52.472817]}}, {"type": "Feature", "properties": {"id": "store-195", "name": "Costcutter", "shop": "convenience", "neighbourhood": "Digbeth", "opening_hours": "Mo-Su 00:00-24:00"}, "geometry": {"type": "Point", "coordinates": [-1.888099, 52.47617]}}, {"type": "Feature", "properties": {"id": "store-196", "name": "Scope", "shop": "charity", "neighbourhood": "Digbeth", "opening_hours": "Mo-Fr 09:00-18:00"}, "geometry": {"type": "Point", "coordinates": [-1.886362, 52.471975]}}, {"type": "Feature", "properties": {"id": "store-197", "name": "British Heart Foundation", "shop": "charity", "neighbourhood": "Digbeth", "opening_hours": "Mo-Fr 09:00-18:00"}, "geometry": {"type": "Point", "coordinates": [-1.885818, 52.478596]}}, {"type": "Feature", "properties": {"id": "store-198", "name": "Card Factory", "shop": "general", "neighbourhood": "Digbeth", "opening_hours": "Mo-Su 00:00-24:00"}, "geometry": {"type": "Point", "coordinates": [-1.885641, 52.477844]}}, {"type": "Feature", "properties": {"id": "store-199", "name": "Spar", "shop": "convenience", "neighbourhood": "Digbeth", "opening_hours": "Mo-Fr 09:00-18:00"}, "geometry": {"type": "Point", "coordinates": [-1.882503, 52.478586]}}, {"type": "Feature", "properties": {"id": "store-200", "name": "Best-one", "shop": "convenience", "neighbourhood": "Digbeth", "opening_hours": "Mo-Su 00:00-24:00"}, "geometry": {"type": "Point", "coordinates": [-1.880296, 52.473557]}}, {"type": "Feature", "properties": {"id": "store-201", "name": "Lidl", "shop": "supermarket", "neighbourhood": "Digbeth", "opening_hours": "Mo-Su 00:00-24:00"}, "geometry": {"type": "Point", "coordinates": [-1.882749, 52.477893]}}, {"type": "Feature", "properties": {"id": "store-202", "name": "Farmfoods", "shop": "supermarket", "neighbourhood": "Digbeth", "opening_hours": "Mo-Fr 09:00-18:00"}, "geometry": {"type": "Point", "coordinates": [-1.886766, 52.478026]}}, {"type": "Feature", "properties": {"id": "store-203", "name": "Next", "shop": "clothes", "neighbourhood": "Digbeth", "opening_hours": "Mo-Su 07:00-22:00"}, "geometry": {"type": "Point", "coordinates": [-1.887192, 52.478286]}}, {"type": "Feature", "properties": {"id": "store-204", "name": "Boots", "shop": "pharmacy", "neighbourhood": "Digbeth", "opening_hours": "Mo-Sa 08:00-21:00"}, "geometry": {"type": "Point", "coordinates": [-1.886352, 52.478545]}}, {"type": "Feature", "properties": {"id": "store-205", "name": "iSmash", "shop": "electronics", "neighbourhood": "Digbeth", "opening_hours": "Mo-Sa 08:00-21:00"}, "geometry": {"type": "Point", "coordinates": [-1.886772, 52.47746]}}, {"type": "Feature", "properties": {"id": "store-206", "name": "Barnardo's", "shop": "charity", "neighbourhood": "Digbeth", "opening_hours": "Mo-Su 00:00-24:00"}, "geometry": {"type": "Point", "coordinates": [-1.888946, 52.478941]}}, {"type": "Feature", "properties": {"id": "store-207", "name": "O2", "shop": "electronics", "neighbourhood": "Digbeth", "opening_hours": "Mo-Su 00:00-24:00"}, "geometry": {"type": "Point", "coordinates": [-1.884081, 52.478884]}}, {"type": "Feature", "properties": {"id": "store-208", "name": "Nail Studio", "shop": "beauty", "neighbourhood": "Digbeth", "opening_hours": "Mo-Su 07:00-22:00"}, "geometry": {"type": "Point", "coordinates": [-1.881421, 52.479226]}}, {"type": "Feature", "properties": {"id": "store-209", "name": "McColl's", "shop": "convenience", "neighbourhood": "Digbeth", "opening_hours": "Mo-Su 07:00-22:00"}, "geometry": {"type": "Point", "coordinates": [-1.883076, 52.474626]}}, {"type": "Feature", "properties": {"id": "store-210", "name": "Iceland", "shop": "supermarket", "neighbourhood": "Jewellery Qtr", "opening_hours": "Mo-Su 00:00-24:00"}, "geometry": {"type": "Point", "coordinates": [-1.910555, 52.486048]}}, {"type": "Feature", "properties": {"id": "store-211", "name": "Salon", "shop": "beauty", "neighbourhood": "Jewellery Qtr", "opening_hours": "Mo-Sa 08:00-21:00"}, "geometry": {"type": "Point", "coordinates": [-1.904902, 52.487852]}}, {"type": "Feature", "properties": {"id": "store-212", "name": "Nisa Local", "shop": "convenience", "neighbourhood": "Jewellery Qtr", "opening_hours": "Mo-Su 07:00-22:00"}, "geometry": {"type": "Point", "coordinates": [-1.909756, 52.485018]}}, {"type": "Feature", "properties": {"id": "store-213", "name": "B&M", "shop": "general", "neighbourhood": "Jewellery Qtr", "opening_hours": "Mo-Sa 08:00-21:00"}, "geometry": {"type": "Point", "coordinates": [-1.901216, 52.48719]}}, {"type": "Feature", "properties": {"id": "store-214", "name": "Londis", "shop": "convenience", "neighbourhood": "Jewellery Qtr", "opening_hours": "Mo-Sa 08:00-21:00"}, "geometry": {"type": "Point", "coordinates": [-1.903491, 52.490386]}}, {"type": "Feature", "properties": {"id": "store-215", "name": "Nisa Local", "shop": "convenience", "neighbourhood": "Jewellery Qtr", "opening_hours": "Mo-Fr 09:00-18:00"}, "geometry": {"type": "Point", "coordinates": [-1.907394, 52.487416]}}, {"type": "Feature", "properties": {"id": "store-216", "name": "Peak Pharmacy", "shop": "pharmacy", "neighbourhood": "Jewellery Qtr", "opening_hours": "Mo-Su 00:00-24:00"}, "geometry": {"type": "Point", "coordinates": [-1.907834, 52.48473]}}, {"type": "Feature", "properties": {"id": "store-217", "name": "Day Lewis", "shop": "pharmacy", "neighbourhood": "Jewellery Qtr", "opening_hours": "Mo-Su 07:00-22:00"}, "geometry": {"type": "Point", "coordinates": [-1.907162, 52.486614]}}, {"type": "Feature", "properties": {"id": "store-218", "name": "Fresh Meat", "shop": "butcher", "neighbourhood": "Jewellery Qtr", "opening_hours": "Mo-Fr 09:00-18:00"}, "geometry": {"type": "Point", "coordinates": [-1.912584, 52.48731]}}, {"type": "Feature", "properties": {"id": "store-219", "name": "Card Factory", "shop": "general", "neighbourhood": "Jewellery Qtr", "opening_hours": "Mo-Fr 09:00-18:00"}, "geometry": {"type": "Point", "coordinates": [-1.907819, 52.487405]}}, {"type": "Feature", "properties": {"id": "store-220", "name": "Pound Bakery", "shop": "general", "neighbourhood": "Jewellery Qtr", "opening_hours": "Mo-Su 07:00-22:00"}, "geometry": {"type": "Point", "coordinates": [-1.910814, 52.486814]}}, {"type": "Feature", "properties": {"id": "store-221", "name": "Family Shopper", "shop": "convenience", "neighbourhood": "Jewellery Qtr", "opening_hours": "Mo-Su 00:00-24:00"}, "geometry": {"type": "Point", "coordinates": [-1.904951, 52.487192]}}, {"type": "Feature", "properties": {"id": "store-222", "name": "Costcutter", "shop": "convenience", "neighbourhood": "Jewellery Qtr", "opening_hours": "Mo-Fr 09:00-18:00"}, "geometry": {"type": "Point", "coordinates": [-1.903888, 52.485759]}}, {"type": "Feature", "properties": {"id": "store-223", "name": "Age UK", "shop": "charity", "neighbourhood": "Jewellery Qtr", "opening_hours": "Mo-Fr 09:00-18:00"}, "geometry": {"type": "Point", "coordinates": [-1.904107, 52.490251]}}, {"type": "Feature", "properties": {"id": "store-224", "name": "TK Maxx", "shop": "clothes", "neighbourhood": "Jewellery Qtr", "opening_hours": "Mo-Fr 09:00-18:00"}, "geometry": {"type": "Point", "coordinates": [-1.906152, 52.486157]}}, {"type": "Feature", "properties": {"id": "store-225", "name": "Vodafone", "shop": "electronics", "neighbourhood": "Jewellery Qtr", "opening_hours": "Mo-Su 00:00-24:00"}, "geometry": {"type": "Point", "coordinates": [-1.906081, 52.48684]}}, {"type": "Feature", "properties": {"id": "store-226", "name": "Boots", "shop": "pharmacy", "neighbourhood": "Jewellery Qtr", "opening_hours": "Mo-Su 07:00-22:00"}, "geometry": {"type": "Point", "coordinates": [-1.90841, 52.49066]}}, {"type": "Feature", "properties": {"id": "store-227", "name": "Martin McColl", "shop": "newsagent", "neighbourhood": "Jewellery Qtr", "opening_hours": "Mo-Su 07:00-22:00"}, "geometry": {"type": "Point", "coordinates": [-1.905983, 52.488733]}}, {"type": "Feature", "properties": {"id": "store-228", "name": "H&M", "shop": "clothes", "neighbourhood": "Jewellery Qtr", "opening_hours": "Mo-Fr 09:00-18:00"}, "geometry": {"type": "Point", "coordinates": [-1.909293, 52.485488]}}, {"type": "Feature", "properties": {"id": "store-229", "name": "Screwfix", "shop": "hardware", "neighbourhood": "Jewellery Qtr", "opening_hours": "Mo-Su 00:00-24:00"}, "geometry": {"type": "Point", "coordinates": [-1.90316, 52.486019]}}, {"type": "Feature", "properties": {"id": "store-230", "name": "Hair & Beauty", "shop": "beauty", "neighbourhood": "Jewellery Qtr", "opening_hours": "Mo-Sa 08:00-21:00"}, "geometry": {"type": "Point", "coordinates": [-1.90907, 52.486074]}}, {"type": "Feature", "properties": {"id": "store-231", "name": "Farmfoods", "shop": "supermarket", "neighbourhood": "Jewellery Qtr", "opening_hours": "Mo-Su 00:00-24:00"}, "geometry": {"type": "Point", "coordinates": [-1.909335, 52.486856]}}, {"type": "Feature", "properties": {"id": "store-232", "name": "Best-one", "shop": "convenience", "neighbourhood": "Jewellery Qtr", "opening_hours": "Mo-Su 07:00-22:00"}, "geometry": {"type": "Point", "coordinates": [-1.904936, 52.489228]}}, {"type": "Feature", "properties": {"id": "store-233", "name": "WHSmith", "shop": "newsagent", "neighbourhood": "Jewellery Qtr", "opening_hours": "Mo-Sa 08:00-21:00"}, "geometry": {"type": "Point", "coordinates": [-1.910036, 52.485536]}}, {"type": "Feature", "properties": {"id": "store-234", "name": "Bargain Buys", "shop": "general", "neighbourhood": "Jewellery Qtr", "opening_hours": "Mo-Su 07:00-22:00"}, "geometry": {"type": "Point", "coordinates": [-1.901888, 52.487342]}}, {"type": "Feature", "properties": {"id": "store-235", "name": "Halal Butchers", "shop": "butcher", "neighbourhood": "Jewellery Qtr", "opening_hours": "Mo-Sa 08:00-21:00"}, "geometry": {"type": "Point", "coordinates": [-1.904965, 52.48837]}}, {"type": "Feature", "properties": {"id": "store-236", "name": "Lidl", "shop": "supermarket", "neighbourhood": "Jewellery Qtr", "opening_hours": "Mo-Sa 08:00-21:00"}, "geometry": {"type": "Point", "coordinates": [-1.912825, 52.487599]}}, {"type": "Feature", "properties": {"id": "store-237", "name": "Premier", "shop": "convenience", "neighbourhood": "Jewellery Qtr", "opening_hours": "Mo-Su 00:00-24:00"}, "geometry": {"type": "Point", "coordinates": [-1.904203, 52.486071]}}, {"type": "Feature", "properties": {"id": "store-238", "name": "Tesco", "shop": "supermarket", "neighbourhood": "Jewellery Qtr", "opening_hours": "Mo-Sa 08:00-21:00"}, "geometry": {"type": "Point", "coordinates": [-1.911395, 52.488256]}}, {"type": "Feature", "properties": {"id": "store-239", "name": "Fresh Meat", "shop": "butcher", "neighbourhood": "Jewellery Qtr", "opening_hours": "Mo-Fr 09:00-18:00"}, "geometry": {"type": "Point", "coordinates": [-1.903114, 52.489356]}}, {"type": "Feature", "properties": {"id": "store-240", "name": "Vodafone", "shop": "electronics", "neighbourhood": "Jewellery Qtr", "opening_hours": "Mo-Sa 08:00-21:00"}, "geometry": {"type": "Point", "coordinates": [-1.910509, 52.48648]}}, {"type": "Feature", "properties": {"id": "store-241", "name": "Vodafone", "shop": "electronics", "neighbourhood": "Jewellery Qtr", "opening_hours": "Mo-Fr 09:00-18:00"}, "geometry": {"type": "Point", "coordinates": [-1.908996, 52.487838]}}, {"type": "Feature", "properties": {"id": "store-242", "name": "Family Shopper", "shop": "convenience", "neighbourhood": "Jewellery Qtr", "opening_hours": "Mo-Su 07:00-22:00"}, "geometry": {"type": "Point", "coordinates": [-1.907554, 52.485827]}}, {"type": "Feature", "properties": {"id": "store-243", "name": "Nisa Local", "shop": "convenience", "neighbourhood": "Jewellery Qtr", "opening_hours": "Mo-Su 00:00-24:00"}, "geometry": {"type": "Point", "coordinates": [-1.906843, 52.489776]}}, {"type": "Feature", "properties": {"id": "store-244", "name": "Well Pharmacy", "shop": "pharmacy", "neighbourhood": "Jewellery Qtr", "opening_hours": "Mo-Sa 08:00-21:00"}, "geometry": {"type": "Point", "coordinates": [-1.905013, 52.487494]}}, {"type": "Feature", "properties": {"id": "store-245", "name": "Costcutter", "shop": "convenience", "neighbourhood": "Jewellery Qtr", "opening_hours": "Mo-Su 00:00-24:00"}, "geometry": {"type": "Point", "coordinates": [-1.903867, 52.48961]}}, {"type": "Feature", "properties": {"id": "store-246", "name": "Tesco", "shop": "supermarket", "neighbourhood": "Jewellery Qtr", "opening_hours": "Mo-Fr 09:00-18:00"}, "geometry": {"type": "Point", "coordinates": [-1.904596, 52.490808]}}, {"type": "Feature", "properties": {"id": "store-247", "name": "The Beauty Room", "shop": "beauty", "neighbourhood": "Jewellery Qtr", "opening_hours": "Mo-Fr 09:00-18:00"}, "geometry": {"type": "Point", "coordinates": [-1.909612, 52.490744]}}, {"type": "Feature", "properties": {"id": "store-248", "name": "Tesco", "shop": "supermarket", "neighbourhood": "Jewellery Qtr", "opening_hours": "Mo-Su 00:00-24:00"}, "geometry": {"type": "Point", "coordinates": [-1.910702, 52.487214]}}, {"type": "Feature", "properties": {"id": "store-249", "name": "Three", "shop": "electronics", "neighbourhood": "Jewellery Qtr", "opening_hours": "Mo-Su 07:00-22:00"}, "geometry": {"type": "Point", "coordinates": [-1.901919, 52.489454]}}, {"type": "Feature", "properties": {"id": "store-250", "name": "iSmash", "shop": "electronics", "neighbourhood": "Jewellery Qtr", "opening_hours": "Mo-Su 07:00-22:00"}, "geometry": {"type": "Point", "coordinates": [-1.906254, 52.486719]}}, {"type": "Feature", "properties": {"id": "store-251", "name": "Peacocks", "shop": "clothes", "neighbourhood": "Jewellery Qtr", "opening_hours": "Mo-Sa 08:00-21:00"}, "geometry": {"type": "Point", "coordinates": [-1.904992, 52.486208]}}, {"type": "Feature", "properties": {"id": "store-252", "name": "Lloyds Pharmacy", "shop": "pharmacy", "neighbourhood": "Jewellery Qtr", "opening_hours": "Mo-Su 00:00-24:00"}, "geometry": {"type": "Point", "coordinates": [-1.904826, 52.490344]}}, {"type": "Feature", "properties": {"id": "store-253", "name": "Greggs", "shop": "bakery", "neighbourhood": "Jewellery Qtr", "opening_hours": "Mo-Sa 08:00-21:00"}, "geometry": {"type": "Point", "coordinates": [-1.902337, 52.485707]}}, {"type": "Feature", "properties": {"id": "store-254", "name": "Nisa Local", "shop": "convenience", "neighbourhood": "Jewellery Qtr", "opening_hours": "Mo-Su 07:00-22:00"}, "geometry": {"type": "Point", "coordinates": [-1.905198, 52.489256]}}, {"type": "Feature", "properties": {"id": "store-255", "name": "Peak Pharmacy", "shop": "pharmacy", "neighbourhood": "Jewellery Qtr", "opening_hours": "Mo-Fr 09:00-18:00"}, "geometry": {"type": "Point", "coordinates": [-1.902333, 52.4892]}}, {"type": "Feature", "properties": {"id": "store-256", "name": "Bakers", "shop": "bakery", "neighbourhood": "Jewellery Qtr", "opening_hours": "Mo-Su 00:00-24:00"}, "geometry": {"type": "Point", "coordinates": [-1.912046, 52.486381]}}, {"type": "Feature", "properties": {"id": "store-257", "name": "Spar", "shop": "convenience", "neighbourhood": "Jewellery Qtr", "opening_hours": "Mo-Fr 09:00-18:00"}, "geometry": {"type": "Point", "coordinates": [-1.91053, 52.489677]}}, {"type": "Feature", "properties": {"id": "store-258", "name": "Co-op", "shop": "convenience", "neighbourhood": "Jewellery Qtr", "opening_hours": "Mo-Su 00:00-24:00"}, "geometry": {"type": "Point", "coordinates": [-1.905843, 52.485946]}}, {"type": "Feature", "properties": {"id": "store-259", "name": "Currys", "shop": "electronics", "neighbourhood": "Jewellery Qtr", "opening_hours": "Mo-Su 00:00-24:00"}, "geometry": {"type": "Point", "coordinates": [-1.907152, 52.485794]}}, {"type": "Feature", "properties": {"id": "store-260", "name": "British Heart Foundation", "shop": "charity", "neighbourhood": "Jewellery Qtr", "opening_hours": "Mo-Fr 09:00-18:00"}, "geometry": {"type": "Point", "coordinates": [-1.908428, 52.48829]}}, {"type": "Feature", "properties": {"id": "store-261", "name": "IKEA", "shop": "furniture", "neighbourhood": "Jewellery Qtr", "opening_hours": "Mo-Fr 09:00-18:00"}, "geometry": {"type": "Point", "coordinates": [-1.905977, 52.48519]}}, {"type": "Feature", "properties": {"id": "store-262", "name": "Family Shopper", "shop": "convenience", "neighbourhood": "Jewellery Qtr", "opening_hours": "Mo-Fr 09:00-18:00"}, "geometry": {"type": "Point", "coordinates": [-1.90942, 52.490092]}}, {"type": "Feature", "properties": {"id": "store-263", "name": "Three", "shop": "electronics", "neighbourhood": "Jewellery Qtr", "opening_hours": "Mo-Su 07:00-22:00"}, "geometry": {"type": "Point", "coordinates": [-1.90705, 52.484274]}}, {"type": "Feature", "properties": {"id": "store-264", "name": "McColl's", "shop": "convenience", "neighbourhood": "Jewellery Qtr", "opening_hours": "Mo-Fr 09:00-18:00"}, "geometry": {"type": "Point", "coordinates": [-1.90707, 52.486304]}}, {"type": "Feature", "properties": {"id": "store-265", "name": "River Island", "shop": "clothes", "neighbourhood": "Jewellery Qtr", "opening_hours": "Mo-Fr 09:00-18:00"}, "geometry": {"type": "Point", "coordinates": [-1.907696, 52.485018]}}, {"type": "Feature", "properties": {"id": "store-266", "name": "Nail Studio", "shop": "beauty", "neighbourhood": "Jewellery Qtr", "opening_hours": "Mo-Su 07:00-22:00"}, "geometry": {"type": "Point", "coordinates": [-1.905133, 52.486039]}}, {"type": "Feature", "properties": {"id": "store-267", "name": "River Island", "shop": "clothes", "neighbourhood": "Jewellery Qtr", "opening_hours": "Mo-Sa 08:00-21:00"}, "geometry": {"type": "Point", "coordinates": [-1.903122, 52.486508]}}, {"type": "Feature", "properties": {"id": "store-268", "name": "Londis", "shop": "convenience", "neighbourhood": "Jewellery Qtr", "opening_hours": "Mo-Su 00:00-24:00"}, "geometry": {"type": "Point", "coordinates": [-1.903088, 52.486424]}}, {"type": "Feature", "properties": {"id": "store-269", "name": "Select", "shop": "clothes", "neighbourhood": "Jewellery Qtr", "opening_hours": "Mo-Su 07:00-22:00"}, "geometry": {"type": "Point", "coordinates": [-1.907997, 52.49075]}}, {"type": "Feature", "properties": {"id": "store-270", "name": "Harveys", "shop": "furniture", "neighbourhood": "Jewellery Qtr", "opening_hours": "Mo-Su 07:00-22:00"}, "geometry": {"type": "Point", "coordinates": [-1.903619, 52.486991]}}, {"type": "Feature", "properties": {"id": "store-271", "name": "Peacocks", "shop": "clothes", "neighbourhood": "Jewellery Qtr", "opening_hours": "Mo-Su 00:00-24:00"}, "geometry": {"type": "Point", "coordinates": [-1.910058, 52.486375]}}, {"type": "Feature", "properties": {"id": "store-272", "name": "WHSmith", "shop": "general", "neighbourhood": "Jewellery Qtr", "opening_hours": "Mo-Sa 08:00-21:00"}, "geometry": {"type": "Point", "coordinates": [-1.90452, 52.488508]}}, {"type": "Feature", "properties": {"id": "store-273", "name": "Farmfoods", "shop": "supermarket", "neighbourhood": "Jewellery Qtr", "opening_hours": "Mo-Su 07:00-22:00"}, "geometry": {"type": "Point", "coordinates": [-1.904829, 52.487996]}}, {"type": "Feature", "properties": {"id": "store-274", "name": "Post Office", "shop": "newsagent", "neighbourhood": "Jewellery Qtr", "opening_hours": "Mo-Su 07:00-22:00"}, "geometry": {"type": "Point", "coordinates": [-1.90721, 52.485156]}}, {"type": "Feature", "properties": {"id": "store-275", "name": "Bakers", "shop": "bakery", "neighbourhood": "Jewellery Qtr", "opening_hours": "Mo-Fr 09:00-18:00"}, "geometry": {"type": "Point", "coordinates": [-1.911713, 52.486027]}}, {"type": "Feature", "properties": {"id": "store-276", "name": "Post Office", "shop": "newsagent", "neighbourhood": "Jewellery Qtr", "opening_hours": "Mo-Sa 08:00-21:00"}, "geometry": {"type": "Point", "coordinates": [-1.904925, 52.488667]}}, {"type": "Feature", "properties": {"id": "store-277", "name": "New Look", "shop": "clothes", "neighbourhood": "Jewellery Qtr", "opening_hours": "Mo-Fr 09:00-18:00"}, "geometry": {"type": "Point", "coordinates": [-1.908217, 52.487664]}}, {"type": "Feature", "properties": {"id": "store-278", "name": "B&Q", "shop": "hardware", "neighbourhood": "Jewellery Qtr", "opening_hours": "Mo-Sa 08:00-21:00"}, "geometry": {"type": "Point", "coordinates": [-1.910287, 52.485399]}}, {"type": "Feature", "properties": {"id": "store-279", "name": "O2", "shop": "electronics", "neighbourhood": "Jewellery Qtr", "opening_hours": "Mo-Su 00:00-24:00"}, "geometry": {"type": "Point", "coordinates": [-1.902046, 52.486617]}}, {"type": "Feature", "properties": {"id": "store-280", "name": "Vodafone", "shop": "electronics", "neighbourhood": "Jewellery Qtr", "opening_hours": "Mo-Fr 09:00-18:00"}, "geometry": {"type": "Point", "coordinates": [-1.911024, 52.486615]}}, {"type": "Feature", "properties": {"id": "store-281", "name": "One Stop", "shop": "convenience", "neighbourhood": "Jewellery Qtr", "opening_hours": "Mo-Sa 08:00-21:00"}, "geometry": {"type": "Point", "coordinates": [-1.90707, 52.485469]}}, {"type": "Feature", "properties": {"id": "store-282", "name": "Superdrug", "shop": "pharmacy", "neighbourhood": "Jewellery Qtr", "opening_hours": "Mo-Su 07:00-22:00"}, "geometry": {"type": "Point", "coordinates": [-1.907968, 52.488375]}}, {"type": "Feature", "properties": {"id": "store-283", "name": "Spar", "shop": "convenience", "neighbourhood": "Jewellery Qtr", "opening_hours": "Mo-Sa 08:00-21:00"}, "geometry": {"type": "Point", "coordinates": [-1.911126, 52.487178]}}, {"type": "Feature", "properties": {"id": "store-284", "name": "Best-one", "shop": "convenience", "neighbourhood": "Jewellery Qtr", "opening_hours": "Mo-Su 07:00-22:00"}, "geometry": {"type": "Point", "coordinates": [-1.901427, 52.487311]}}, {"type": "Feature", "properties": {"id": "store-285", "name": "Three", "shop": "electronics", "neighbourhood": "Jewellery Qtr", "opening_hours": "Mo-Su 07:00-22:00"}, "geometry": {"type": "Point", "coordinates": [-1.907921, 52.489403]}}, {"type": "Feature", "properties": {"id": "store-286", "name": "Matalan", "shop": "clothes", "neighbourhood": "Jewellery Qtr", "opening_hours": "Mo-Su 07:00-22:00"}, "geometry": {"type": "Point", "coordinates": [-1.905101, 52.485848]}}, {"type": "Feature", "properties": {"id": "store-287", "name": "Bargain Buys", "shop": "general", "neighbourhood": "Jewellery Qtr", "opening_hours": "Mo-Sa 08:00-21:00"}, "geometry": {"type": "Point", "coordinates": [-1.906297, 52.487372]}}, {"type": "Feature", "properties": {"id": "store-288", "name": "Cancer Research UK", "shop": "charity", "neighbourhood": "Jewellery Qtr", "opening_hours": "Mo-Fr 09:00-18:00"}, "geometry": {"type": "Point", "coordinates": [-1.904588, 52.489053]}}, {"type": "Feature", "properties": {"id": "store-289", "name": "Sainsbury's Local", "shop": "supermarket", "neighbourhood": "Jewellery Qtr", "opening_hours": "Mo-Sa 08:00-21:00"}, "geometry": {"type": "Point", "coordinates": [-1.906864, 52.487552]}}, {"type": "Feature", "properties": {"id": "store-290", "name": "Post Office", "shop": "newsagent", "neighbourhood": "Jewellery Qtr", "opening_hours": "Mo-Fr 09:00-18:00"}, "geometry": {"type": "Point", "coordinates": [-1.910774, 52.489158]}}, {"type": "Feature", "properties": {"id": "store-291", "name": "Co-op", "shop": "convenience", "neighbourhood": "Jewellery Qtr", "opening_hours": "Mo-Sa 08:00-21:00"}, "geometry": {"type": "Point", "coordinates": [-1.904957, 52.489281]}}, {"type": "Feature", "properties": {"id": "store-292", "name": "Carphone Warehouse", "shop": "electronics", "neighbourhood": "Jewellery Qtr", "opening_hours": "Mo-Fr 09:00-18:00"}, "geometry": {"type": "Point", "coordinates": [-1.904455, 52.484988]}}, {"type": "Feature", "properties": {"id": "store-293", "name": "Lloyds Pharmacy", "shop": "pharmacy", "neighbourhood": "Jewellery Qtr", "opening_hours": "Mo-Sa 08:00-21:00"}, "geometry": {"type": "Point", "coordinates": [-1.907433, 52.487421]}}, {"type": "Feature", "properties": {"id": "store-294", "name": "Select", "shop": "clothes", "neighbourhood": "Jewellery Qtr", "opening_hours": "Mo-Fr 09:00-18:00"}, "geometry": {"type": "Point", "coordinates": [-1.906774, 52.487763]}}, {"type": "Feature", "properties": {"id": "store-295", "name": "Bonmarch\u00e9", "shop": "clothes", "neighbourhood": "Edgbaston", "opening_hours": "Mo-Su 07:00-22:00"}, "geometry": {"type": "Point", "coordinates": [-1.931182, 52.466155]}}, {"type": "Feature", "properties": {"id": "store-296", "name": "Greggs", "shop": "bakery", "neighbourhood": "Edgbaston", "opening_hours": "Mo-Su 00:00-24:00"}, "geometry": {"type": "Point", "coordinates": [-1.91227, 52.464275]}}, {"type": "Feature", "properties": {"id": "store-297", "name": "Sainsbury's", "shop": "supermarket", "neighbourhood": "Edgbaston", "opening_hours": "Mo-Su 07:00-22:00"}, "geometry": {"type": "Point", "coordinates": [-1.930603, 52.469891]}}, {"type": "Feature", "properties": {"id": "store-298", "name": "Primark", "shop": "clothes", "neighbourhood": "Edgbaston", "opening_hours": "Mo-Su 00:00-24:00"}, "geometry": {"type": "Point", "coordinates": [-1.935078, 52.471248]}}, {"type": "Feature", "properties": {"id": "store-299", "name": "Bargain Booze", "shop": "convenience", "neighbourhood": "Edgbaston", "opening_hours": "Mo-Fr 09:00-18:00"}, "geometry": {"type": "Point", "coordinates": [-1.924563, 52.460654]}}, {"type": "Feature", "properties": {"id": "store-300", "name": "Nisa Local", "shop": "convenience", "neighbourhood": "Edgbaston", "opening_hours": "Mo-Su 07:00-22:00"}, "geometry": {"type": "Point", "coordinates": [-1.921476, 52.477424]}}, {"type": "Feature", "properties": {"id": "store-301", "name": "Sainsbury's", "shop": "supermarket", "neighbourhood": "Edgbaston", "opening_hours": "Mo-Su 07:00-22:00"}, "geometry": {"type": "Point", "coordinates": [-1.936848, 52.467777]}}, {"type": "Feature", "properties": {"id": "store-302", "name": "Premier", "shop": "convenience", "neighbourhood": "Edgbaston", "opening_hours": "Mo-Fr 09:00-18:00"}, "geometry": {"type": "Point", "coordinates": [-1.936148, 52.472599]}}, {"type": "Feature", "properties": {"id": "store-303", "name": "Bargain Booze", "shop": "convenience", "neighbourhood": "Edgbaston", "opening_hours": "Mo-Sa 08:00-21:00"}, "geometry": {"type": "Point", "coordinates": [-1.920893, 52.477948]}}, {"type": "Feature", "properties": {"id": "store-304", "name": "M&S Food", "shop": "supermarket", "neighbourhood": "Edgbaston", "opening_hours": "Mo-Su 00:00-24:00"}, "geometry": {"type": "Point", "coordinates": [-1.903944, 52.467742]}}, {"type": "Feature", "properties": {"id": "store-305", "name": "iSmash", "shop": "electronics", "neighbourhood": "Edgbaston", "opening_hours": "Mo-Fr 09:00-18:00"}, "geometry": {"type": "Point", "coordinates": [-1.904302, 52.468595]}}, {"type": "Feature", "properties": {"id": "store-306", "name": "WHSmith", "shop": "general", "neighbourhood": "Edgbaston", "opening_hours": "Mo-Fr 09:00-18:00"}, "geometry": {"type": "Point", "coordinates": [-1.926783, 52.475302]}}, {"type": "Feature", "properties": {"id": "store-307", "name": "Spar", "shop": "convenience", "neighbourhood": "Edgbaston", "opening_hours": "Mo-Fr 09:00-18:00"}, "geometry": {"type": "Point", "coordinates": [-1.908269, 52.46351]}}, {"type": "Feature", "properties": {"id": "store-308", "name": "Scope", "shop": "charity", "neighbourhood": "Edgbaston", "opening_hours": "Mo-Su 00:00-24:00"}, "geometry": {"type": "Point", "coordinates": [-1.913446, 52.47738]}}, {"type": "Feature", "properties": {"id": "store-309", "name": "McColl's", "shop": "convenience", "neighbourhood": "Edgbaston", "opening_hours": "Mo-Fr 09:00-18:00"}, "geometry": {"type": "Point", "coordinates": [-1.913893, 52.474948]}}, {"type": "Feature", "properties": {"id": "store-310", "name": "Three", "shop": "electronics", "neighbourhood": "Edgbaston", "opening_hours": "Mo-Fr 09:00-18:00"}, "geometry": {"type": "Point", "coordinates": [-1.909761, 52.473602]}}, {"type": "Feature", "properties": {"id": "store-311", "name": "Pound Bakery", "shop": "general", "neighbourhood": "Edgbaston", "opening_hours": "Mo-Fr 09:00-18:00"}, "geometry": {"type": "Point", "coordinates": [-1.90264, 52.468355]}}, {"type": "Feature", "properties": {"id": "store-312", "name": "Halal Butchers", "shop": "butcher", "neighbourhood": "Edgbaston", "opening_hours": "Mo-Sa 08:00-21:00"}, "geometry": {"type": "Point", "coordinates": [-1.907975, 52.463678]}}, {"type": "Feature", "properties": {"id": "store-313", "name": "EE", "shop": "electronics", "neighbourhood": "Edgbaston", "opening_hours": "Mo-Su 07:00-22:00"}, "geometry": {"type": "Point", "coordinates": [-1.931894, 52.475172]}}, {"type": "Feature", "properties": {"id": "store-314", "name": "Select", "shop": "clothes", "neighbourhood": "Edgbaston", "opening_hours": "Mo-Su 07:00-22:00"}, "geometry": {"type": "Point", "coordinates": [-1.905801, 52.470763]}}, {"type": "Feature", "properties": {"id": "store-315", "name": "Bargain Buys", "shop": "general", "neighbourhood": "Edgbaston", "opening_hours": "Mo-Fr 09:00-18:00"}, "geometry": {"type": "Point", "coordinates": [-1.92897, 52.462964]}}, {"type": "Feature", "properties": {"id": "store-316", "name": "Well Pharmacy", "shop": "pharmacy", "neighbourhood": "Edgbaston", "opening_hours": "Mo-Su 00:00-24:00"}, "geometry": {"type": "Point", "coordinates": [-1.933399, 52.470673]}}, {"type": "Feature", "properties": {"id": "store-317", "name": "Waitrose", "shop": "supermarket", "neighbourhood": "Edgbaston", "opening_hours": "Mo-Sa 08:00-21:00"}, "geometry": {"type": "Point", "coordinates": [-1.927159, 52.466813]}}, {"type": "Feature", "properties": {"id": "store-318", "name": "Nail Studio", "shop": "beauty", "neighbourhood": "Edgbaston", "opening_hours": "Mo-Su 00:00-24:00"}, "geometry": {"type": "Point", "coordinates": [-1.919934, 52.463275]}}, {"type": "Feature", "properties": {"id": "store-319", "name": "Patisserie", "shop": "bakery", "neighbourhood": "Edgbaston", "opening_hours": "Mo-Fr 09:00-18:00"}, "geometry": {"type": "Point", "coordinates": [-1.92788, 52.468574]}}, {"type": "Feature", "properties": {"id": "store-320", "name": "Tesco Express", "shop": "supermarket", "neighbourhood": "Edgbaston", "opening_hours": "Mo-Fr 09:00-18:00"}, "geometry": {"type": "Point", "coordinates": [-1.91378, 52.471227]}}, {"type": "Feature", "properties": {"id": "store-321", "name": "Bargain Buys", "shop": "general", "neighbourhood": "Edgbaston", "opening_hours": "Mo-Su 00:00-24:00"}, "geometry": {"type": "Point", "coordinates": [-1.920275, 52.479731]}}, {"type": "Feature", "properties": {"id": "store-322", "name": "Premier", "shop": "convenience", "neighbourhood": "Edgbaston", "opening_hours": "Mo-Sa 08:00-21:00"}, "geometry": {"type": "Point", "coordinates": [-1.932738, 52.467984]}}, {"type": "Feature", "properties": {"id": "store-323", "name": "Breadshop", "shop": "bakery", "neighbourhood": "Edgbaston", "opening_hours": "Mo-Su 00:00-24:00"}, "geometry": {"type": "Point", "coordinates": [-1.9366, 52.467526]}}, {"type": "Feature", "properties": {"id": "store-324", "name": "Nisa Local", "shop": "convenience", "neighbourhood": "Edgbaston", "opening_hours": "Mo-Sa 08:00-21:00"}, "geometry": {"type": "Point", "coordinates": [-1.92034, 52.46624]}}, {"type": "Feature", "properties": {"id": "store-325", "name": "Nail Studio", "shop": "beauty", "neighbourhood": "Edgbaston", "opening_hours": "Mo-Fr 09:00-18:00"}, "geometry": {"type": "Point", "coordinates": [-1.922785, 52.47044]}}, {"type": "Feature", "properties": {"id": "store-326", "name": "Greggs", "shop": "bakery", "neighbourhood": "Edgbaston", "opening_hours": "Mo-Su 07:00-22:00"}, "geometry": {"type": "Point", "coordinates": [-1.932439, 52.472656]}}, {"type": "Feature", "properties": {"id": "store-327", "name": "Post Office", "shop": "newsagent", "neighbourhood": "Edgbaston", "opening_hours": "Mo-Fr 09:00-18:00"}, "geometry": {"type": "Point", "coordinates": [-1.903474, 52.466066]}}, {"type": "Feature", "properties": {"id": "store-328", "name": "ASDA", "shop": "supermarket", "neighbourhood": "Edgbaston", "opening_hours": "Mo-Su 07:00-22:00"}, "geometry": {"type": "Point", "coordinates": [-1.935986, 52.471178]}}, {"type": "Feature", "properties": {"id": "store-329", "name": "Bonmarch\u00e9", "shop": "clothes", "neighbourhood": "Edgbaston", "opening_hours": "Mo-Sa 08:00-21:00"}, "geometry": {"type": "Point", "coordinates": [-1.915475, 52.461521]}}, {"type": "Feature", "properties": {"id": "store-330", "name": "Peak Pharmacy", "shop": "pharmacy", "neighbourhood": "Edgbaston", "opening_hours": "Mo-Su 07:00-22:00"}, "geometry": {"type": "Point", "coordinates": [-1.926335, 52.470433]}}, {"type": "Feature", "properties": {"id": "store-331", "name": "Nisa Local", "shop": "convenience", "neighbourhood": "Edgbaston", "opening_hours": "Mo-Su 00:00-24:00"}, "geometry": {"type": "Point", "coordinates": [-1.93114, 52.473808]}}, {"type": "Feature", "properties": {"id": "store-332", "name": "B&M", "shop": "general", "neighbourhood": "Edgbaston", "opening_hours": "Mo-Su 07:00-22:00"}, "geometry": {"type": "Point", "coordinates": [-1.923359, 52.474708]}}, {"type": "Feature", "properties": {"id": "store-333", "name": "Hair & Beauty", "shop": "beauty", "neighbourhood": "Edgbaston", "opening_hours": "Mo-Su 00:00-24:00"}, "geometry": {"type": "Point", "coordinates": [-1.905858, 52.469967]}}, {"type": "Feature", "properties": {"id": "store-334", "name": "Bakers", "shop": "bakery", "neighbourhood": "Edgbaston", "opening_hours": "Mo-Sa 08:00-21:00"}, "geometry": {"type": "Point", "coordinates": [-1.923573, 52.467513]}}, {"type": "Feature", "properties": {"id": "store-335", "name": "Bargain Buys", "shop": "general", "neighbourhood": "Edgbaston", "opening_hours": "Mo-Su 07:00-22:00"}, "geometry": {"type": "Point", "coordinates": [-1.90766, 52.474059]}}, {"type": "Feature", "properties": {"id": "store-336", "name": "M&S Food", "shop": "supermarket", "neighbourhood": "Edgbaston", "opening_hours": "Mo-Su 00:00-24:00"}, "geometry": {"type": "Point", "coordinates": [-1.922661, 52.470829]}}, {"type": "Feature", "properties": {"id": "store-337", "name": "Primark", "shop": "clothes", "neighbourhood": "Edgbaston", "opening_hours": "Mo-Fr 09:00-18:00"}, "geometry": {"type": "Point", "coordinates": [-1.932638, 52.46449]}}, {"type": "Feature", "properties": {"id": "store-338", "name": "Greggs", "shop": "bakery", "neighbourhood": "Edgbaston", "opening_hours": "Mo-Fr 09:00-18:00"}, "geometry": {"type": "Point", "coordinates": [-1.928419, 52.476121]}}, {"type": "Feature", "properties": {"id": "store-339", "name": "TK Maxx", "shop": "clothes", "neighbourhood": "Edgbaston", "opening_hours": "Mo-Su 07:00-22:00"}, "geometry": {"type": "Point", "coordinates": [-1.904062, 52.470313]}}, {"type": "Feature", "properties": {"id": "store-340", "name": "TK Maxx", "shop": "clothes", "neighbourhood": "Edgbaston", "opening_hours": "Mo-Sa 08:00-21:00"}, "geometry": {"type": "Point", "coordinates": [-1.926538, 52.468383]}}, {"type": "Feature", "properties": {"id": "store-341", "name": "Sue Ryder", "shop": "charity", "neighbourhood": "Edgbaston", "opening_hours": "Mo-Su 00:00-24:00"}, "geometry": {"type": "Point", "coordinates": [-1.914325, 52.4678]}}, {"type": "Feature", "properties": {"id": "store-342", "name": "Bonmarch\u00e9", "shop": "clothes", "neighbourhood": "Edgbaston", "opening_hours": "Mo-Su 07:00-22:00"}, "geometry": {"type": "Point", "coordinates": [-1.920989, 52.473863]}}, {"type": "Feature", "properties": {"id": "store-343", "name": "One Stop", "shop": "convenience", "neighbourhood": "Edgbaston", "opening_hours": "Mo-Sa 08:00-21:00"}, "geometry": {"type": "Point", "coordinates": [-1.909004, 52.466893]}}, {"type": "Feature", "properties": {"id": "store-344", "name": "Select", "shop": "clothes", "neighbourhood": "Edgbaston", "opening_hours": "Mo-Fr 09:00-18:00"}, "geometry": {"type": "Point", "coordinates": [-1.914537, 52.474779]}}, {"type": "Feature", "properties": {"id": "store-345", "name": "Londis", "shop": "convenience", "neighbourhood": "Edgbaston", "opening_hours": "Mo-Su 00:00-24:00"}, "geometry": {"type": "Point", "coordinates": [-1.903493, 52.470109]}}, {"type": "Feature", "properties": {"id": "store-346", "name": "WHSmith", "shop": "general", "neighbourhood": "Edgbaston", "opening_hours": "Mo-Fr 09:00-18:00"}, "geometry": {"type": "Point", "coordinates": [-1.913416, 52.471593]}}, {"type": "Feature", "properties": {"id": "store-347", "name": "ASDA Superstore", "shop": "supermarket", "neighbourhood": "Edgbaston", "opening_hours": "Mo-Fr 09:00-18:00"}, "geometry": {"type": "Point", "coordinates": [-1.92862, 52.475527]}}, {"type": "Feature", "properties": {"id": "store-348", "name": "Primark", "shop": "clothes", "neighbourhood": "Edgbaston", "opening_hours": "Mo-Su 00:00-24:00"}, "geometry": {"type": "Point", "coordinates": [-1.92171, 52.474905]}}, {"type": "Feature", "properties": {"id": "store-349", "name": "Day Lewis", "shop": "pharmacy", "neighbourhood": "Harborne", "opening_hours": "Mo-Su 07:00-22:00"}, "geometry": {"type": "Point", "coordinates": [-1.953447, 52.467308]}}, {"type": "Feature", "properties": {"id": "store-350", "name": "Sue Ryder", "shop": "charity", "neighbourhood": "Harborne", "opening_hours": "Mo-Fr 09:00-18:00"}, "geometry": {"type": "Point", "coordinates": [-1.953362, 52.465712]}}, {"type": "Feature", "properties": {"id": "store-351", "name": "Hair & Beauty", "shop": "beauty", "neighbourhood": "Harborne", "opening_hours": "Mo-Su 00:00-24:00"}, "geometry": {"type": "Point", "coordinates": [-1.941413, 52.459963]}}, {"type": "Feature", "properties": {"id": "store-352", "name": "Peak Pharmacy", "shop": "pharmacy", "neighbourhood": "Harborne", "opening_hours": "Mo-Su 00:00-24:00"}, "geometry": {"type": "Point", "coordinates": [-1.948053, 52.461154]}}, {"type": "Feature", "properties": {"id": "store-353", "name": "Greggs", "shop": "bakery", "neighbourhood": "Harborne", "opening_hours": "Mo-Su 07:00-22:00"}, "geometry": {"type": "Point", "coordinates": [-1.955312, 52.465593]}}, {"type": "Feature", "properties": {"id": "store-354", "name": "Peacocks", "shop": "clothes", "neighbourhood": "Harborne", "opening_hours": "Mo-Sa 08:00-21:00"}, "geometry": {"type": "Point", "coordinates": [-1.940479, 52.45795]}}, {"type": "Feature", "properties": {"id": "store-355", "name": "Boots", "shop": "pharmacy", "neighbourhood": "Harborne", "opening_hours": "Mo-Su 07:00-22:00"}, "geometry": {"type": "Point", "coordinates": [-1.938988, 52.464618]}}, {"type": "Feature", "properties": {"id": "store-356", "name": "Well Pharmacy", "shop": "pharmacy", "neighbourhood": "Harborne", "opening_hours": "Mo-Sa 08:00-21:00"}, "geometry": {"type": "Point", "coordinates": [-1.941822, 52.46571]}}, {"type": "Feature", "properties": {"id": "store-357", "name": "Select", "shop": "clothes", "neighbourhood": "Harborne", "opening_hours": "Mo-Su 00:00-24:00"}, "geometry": {"type": "Point", "coordinates": [-1.952259, 52.458936]}}, {"type": "Feature", "properties": {"id": "store-358", "name": "Newsagent", "shop": "newsagent", "neighbourhood": "Harborne", "opening_hours": "Mo-Su 00:00-24:00"}, "geometry": {"type": "Point", "coordinates": [-1.936961, 52.466748]}}, {"type": "Feature", "properties": {"id": "store-359", "name": "Day Lewis", "shop": "pharmacy", "neighbourhood": "Harborne", "opening_hours": "Mo-Su 00:00-24:00"}, "geometry": {"type": "Point", "coordinates": [-1.947388, 52.45786]}}, {"type": "Feature", "properties": {"id": "store-360", "name": "H&M", "shop": "clothes", "neighbourhood": "Harborne", "opening_hours": "Mo-Fr 09:00-18:00"}, "geometry": {"type": "Point", "coordinates": [-1.94676, 52.462082]}}, {"type": "Feature", "properties": {"id": "store-361", "name": "WHSmith", "shop": "newsagent", "neighbourhood": "Harborne", "opening_hours": "Mo-Fr 09:00-18:00"}, "geometry": {"type": "Point", "coordinates": [-1.952301, 52.457436]}}, {"type": "Feature", "properties": {"id": "store-362", "name": "Home Bargains", "shop": "general", "neighbourhood": "Harborne", "opening_hours": "Mo-Su 07:00-22:00"}, "geometry": {"type": "Point", "coordinates": [-1.937468, 52.462431]}}, {"type": "Feature", "properties": {"id": "store-363", "name": "Bakers", "shop": "bakery", "neighbourhood": "Harborne", "opening_hours": "Mo-Fr 09:00-18:00"}, "geometry": {"type": "Point", "coordinates": [-1.949447, 52.460424]}}, {"type": "Feature", "properties": {"id": "store-364", "name": "Waitrose", "shop": "supermarket", "neighbourhood": "Harborne", "opening_hours": "Mo-Su 07:00-22:00"}, "geometry": {"type": "Point", "coordinates": [-1.939185, 52.466562]}}, {"type": "Feature", "properties": {"id": "store-365", "name": "Matalan", "shop": "clothes", "neighbourhood": "Harborne", "opening_hours": "Mo-Sa 08:00-21:00"}, "geometry": {"type": "Point", "coordinates": [-1.939682, 52.46474]}}, {"type": "Feature", "properties": {"id": "store-366", "name": "Poundland", "shop": "general", "neighbourhood": "Harborne", "opening_hours": "Mo-Sa 08:00-21:00"}, "geometry": {"type": "Point", "coordinates": [-1.941441, 52.457635]}}, {"type": "Feature", "properties": {"id": "store-367", "name": "WHSmith", "shop": "general", "neighbourhood": "Harborne", "opening_hours": "Mo-Fr 09:00-18:00"}, "geometry": {"type": "Point", "coordinates": [-1.948038, 52.457639]}}, {"type": "Feature", "properties": {"id": "store-368", "name": "Bargain Buys", "shop": "general", "neighbourhood": "Harborne", "opening_hours": "Mo-Su 00:00-24:00"}, "geometry": {"type": "Point", "coordinates": [-1.942467, 52.46183]}}, {"type": "Feature", "properties": {"id": "store-369", "name": "Fresh Meat", "shop": "butcher", "neighbourhood": "Harborne", "opening_hours": "Mo-Fr 09:00-18:00"}, "geometry": {"type": "Point", "coordinates": [-1.956845, 52.459985]}}, {"type": "Feature", "properties": {"id": "store-370", "name": "Hair & Beauty", "shop": "beauty", "neighbourhood": "Harborne", "opening_hours": "Mo-Su 00:00-24:00"}, "geometry": {"type": "Point", "coordinates": [-1.941509, 52.46427]}}, {"type": "Feature", "properties": {"id": "store-371", "name": "Corner Shop", "shop": "newsagent", "neighbourhood": "Harborne", "opening_hours": "Mo-Su 00:00-24:00"}, "geometry": {"type": "Point", "coordinates": [-1.956844, 52.463803]}}, {"type": "Feature", "properties": {"id": "store-372", "name": "B&M", "shop": "general", "neighbourhood": "Harborne", "opening_hours": "Mo-Su 00:00-24:00"}, "geometry": {"type": "Point", "coordinates": [-1.945879, 52.457648]}}, {"type": "Feature", "properties": {"id": "store-373", "name": "Matalan", "shop": "clothes", "neighbourhood": "Harborne", "opening_hours": "Mo-Su 00:00-24:00"}, "geometry": {"type": "Point", "coordinates": [-1.940256, 52.467274]}}, {"type": "Feature", "properties": {"id": "store-374", "name": "Premier", "shop": "convenience", "neighbourhood": "Harborne", "opening_hours": "Mo-Su 07:00-22:00"}, "geometry": {"type": "Point", "coordinates": [-1.949985, 52.469204]}}, {"type": "Feature", "properties": {"id": "store-375", "name": "McColl's", "shop": "convenience", "neighbourhood": "Harborne", "opening_hours": "Mo-Sa 08:00-21:00"}, "geometry": {"type": "Point", "coordinates": [-1.940531, 52.460272]}}, {"type": "Feature", "properties": {"id": "store-376", "name": "B&M", "shop": "general", "neighbourhood": "Harborne", "opening_hours": "Mo-Sa 08:00-21:00"}, "geometry": {"type": "Point", "coordinates": [-1.93871, 52.464569]}}, {"type": "Feature", "properties": {"id": "store-377", "name": "Co-op", "shop": "convenience", "neighbourhood": "Harborne", "opening_hours": "Mo-Sa 08:00-21:00"}, "geometry": {"type": "Point", "coordinates": [-1.940548, 52.467799]}}, {"type": "Feature", "properties": {"id": "store-378", "name": "TK Maxx", "shop": "clothes", "neighbourhood": "Harborne", "opening_hours": "Mo-Su 07:00-22:00"}, "geometry": {"type": "Point", "coordinates": [-1.949066, 52.461931]}}, {"type": "Feature", "properties": {"id": "store-379", "name": "Poundworld", "shop": "general", "neighbourhood": "Harborne", "opening_hours": "Mo-Fr 09:00-18:00"}, "geometry": {"type": "Point", "coordinates": [-1.950982, 52.46188]}}, {"type": "Feature", "properties": {"id": "store-380", "name": "Rowlands Pharmacy", "shop": "pharmacy", "neighbourhood": "Harborne", "opening_hours": "Mo-Sa 08:00-21:00"}, "geometry": {"type": "Point", "coordinates": [-1.956098, 52.459125]}}, {"type": "Feature", "properties": {"id": "store-381", "name": "Co-op", "shop": "convenience", "neighbourhood": "Harborne", "opening_hours": "Mo-Su 07:00-22:00"}, "geometry": {"type": "Point", "coordinates": [-1.953336, 52.463143]}}, {"type": "Feature", "properties": {"id": "store-382", "name": "WHSmith", "shop": "newsagent", "neighbourhood": "Harborne", "opening_hours": "Mo-Sa 08:00-21:00"}, "geometry": {"type": "Point", "coordinates": [-1.95166, 52.460999]}}, {"type": "Feature", "properties": {"id": "store-383", "name": "Poundland", "shop": "general", "neighbourhood": "Harborne", "opening_hours": "Mo-Fr 09:00-18:00"}, "geometry": {"type": "Point", "coordinates": [-1.941659, 52.457263]}}, {"type": "Feature", "properties": {"id": "store-384", "name": "Newsagent", "shop": "newsagent", "neighbourhood": "Harborne", "opening_hours": "Mo-Su 07:00-22:00"}, "geometry": {"type": "Point", "coordinates": [-1.951961, 52.463735]}}, {"type": "Feature", "properties": {"id": "store-385", "name": "ASDA", "shop": "supermarket", "neighbourhood": "Harborne", "opening_hours": "Mo-Su 00:00-24:00"}, "geometry": {"type": "Point", "coordinates": [-1.946481, 52.468422]}}, {"type": "Feature", "properties": {"id": "store-386", "name": "Lloyds Pharmacy", "shop": "pharmacy", "neighbourhood": "Harborne", "opening_hours": "Mo-Fr 09:00-18:00"}, "geometry": {"type": "Point", "coordinates": [-1.94432, 52.457464]}}, {"type": "Feature", "properties": {"id": "store-387", "name": "TK Maxx", "shop": "clothes", "neighbourhood": "Harborne", "opening_hours": "Mo-Su 00:00-24:00"}, "geometry": {"type": "Point", "coordinates": [-1.936471, 52.462073]}}, {"type": "Feature", "properties": {"id": "store-388", "name": "River Island", "shop": "clothes", "neighbourhood": "Harborne", "opening_hours": "Mo-Sa 08:00-21:00"}, "geometry": {"type": "Point", "coordinates": [-1.948377, 52.462832]}}, {"type": "Feature", "properties": {"id": "store-389", "name": "Barnardo's", "shop": "charity", "neighbourhood": "Harborne", "opening_hours": "Mo-Su 00:00-24:00"}, "geometry": {"type": "Point", "coordinates": [-1.937232, 52.466009]}}, {"type": "Feature", "properties": {"id": "store-390", "name": "Nisa Local", "shop": "convenience", "neighbourhood": "Harborne", "opening_hours": "Mo-Fr 09:00-18:00"}, "geometry": {"type": "Point", "coordinates": [-1.941983, 52.468042]}}, {"type": "Feature", "properties": {"id": "store-391", "name": "One Stop", "shop": "convenience", "neighbourhood": "Harborne", "opening_hours": "Mo-Fr 09:00-18:00"}, "geometry": {"type": "Point", "coordinates": [-1.941727, 52.461399]}}, {"type": "Feature", "properties": {"id": "store-392", "name": "Family Shopper", "shop": "convenience", "neighbourhood": "Harborne", "opening_hours": "Mo-Su 07:00-22:00"}, "geometry": {"type": "Point", "coordinates": [-1.958551, 52.463166]}}, {"type": "Feature", "properties": {"id": "store-393", "name": "Bargain Booze", "shop": "convenience", "neighbourhood": "Harborne", "opening_hours": "Mo-Su 07:00-22:00"}, "geometry": {"type": "Point", "coordinates": [-1.939926, 52.462687]}}, {"type": "Feature", "properties": {"id": "store-394", "name": "Fresh Meat", "shop": "butcher", "neighbourhood": "Harborne", "opening_hours": "Mo-Su 07:00-22:00"}, "geometry": {"type": "Point", "coordinates": [-1.94598, 52.460187]}}, {"type": "Feature", "properties": {"id": "store-395", "name": "New Look", "shop": "clothes", "neighbourhood": "Harborne", "opening_hours": "Mo-Sa 08:00-21:00"}, "geometry": {"type": "Point", "coordinates": [-1.95578, 52.458501]}}, {"type": "Feature", "properties": {"id": "store-396", "name": "Three", "shop": "electronics", "neighbourhood": "Harborne", "opening_hours": "Mo-Fr 09:00-18:00"}, "geometry": {"type": "Point", "coordinates": [-1.949165, 52.467806]}}, {"type": "Feature", "properties": {"id": "store-397", "name": "B&Q", "shop": "hardware", "neighbourhood": "Harborne", "opening_hours": "Mo-Sa 08:00-21:00"}, "geometry": {"type": "Point", "coordinates": [-1.95779, 52.460952]}}, {"type": "Feature", "properties": {"id": "store-398", "name": "Wilko", "shop": "hardware", "neighbourhood": "Harborne", "opening_hours": "Mo-Fr 09:00-18:00"}, "geometry": {"type": "Point", "coordinates": [-1.95527, 52.460642]}}, {"type": "Feature", "properties": {"id": "store-399", "name": "Pound Bakery", "shop": "general", "neighbourhood": "Harborne", "opening_hours": "Mo-Su 07:00-22:00"}, "geometry": {"type": "Point", "coordinates": [-1.948253, 52.458733]}}, {"type": "Feature", "properties": {"id": "store-400", "name": "Costcutter", "shop": "convenience", "neighbourhood": "Harborne", "opening_hours": "Mo-Sa 08:00-21:00"}, "geometry": {"type": "Point", "coordinates": [-1.956891, 52.466253]}}, {"type": "Feature", "properties": {"id": "store-401", "name": "O2", "shop": "electronics", "neighbourhood": "Harborne", "opening_hours": "Mo-Fr 09:00-18:00"}, "geometry": {"type": "Point", "coordinates": [-1.937604, 52.466408]}}, {"type": "Feature", "properties": {"id": "store-402", "name": "Dreams", "shop": "furniture", "neighbourhood": "Harborne", "opening_hours": "Mo-Sa 08:00-21:00"}, "geometry": {"type": "Point", "coordinates": [-1.94243, 52.467331]}}, {"type": "Feature", "properties": {"id": "store-403", "name": "Morrisons", "shop": "supermarket", "neighbourhood": "Harborne", "opening_hours": "Mo-Su 00:00-24:00"}, "geometry": {"type": "Point", "coordinates": [-1.947665, 52.458146]}}, {"type": "Feature", "properties": {"id": "store-404", "name": "The Range", "shop": "furniture", "neighbourhood": "Harborne", "opening_hours": "Mo-Sa 08:00-21:00"}, "geometry": {"type": "Point", "coordinates": [-1.954339, 52.462242]}}, {"type": "Feature", "properties": {"id": "store-405", "name": "H&M", "shop": "clothes", "neighbourhood": "Harborne", "opening_hours": "Mo-Su 07:00-22:00"}, "geometry": {"type": "Point", "coordinates": [-1.948189, 52.461648]}}, {"type": "Feature", "properties": {"id": "store-406", "name": "Poundland", "shop": "general", "neighbourhood": "Harborne", "opening_hours": "Mo-Su 00:00-24:00"}, "geometry": {"type": "Point", "coordinates": [-1.948242, 52.464736]}}, {"type": "Feature", "properties": {"id": "store-407", "name": "Robert Dyas", "shop": "hardware", "neighbourhood": "Harborne", "opening_hours": "Mo-Su 00:00-24:00"}, "geometry": {"type": "Point", "coordinates": [-1.94138, 52.457688]}}, {"type": "Feature", "properties": {"id": "store-408", "name": "Barnardo's", "shop": "charity", "neighbourhood": "Harborne", "opening_hours": "Mo-Fr 09:00-18:00"}, "geometry": {"type": "Point", "coordinates": [-1.947328, 52.467453]}}, {"type": "Feature", "properties": {"id": "store-409", "name": "Cancer Research UK", "shop": "charity", "neighbourhood": "Harborne", "opening_hours": "Mo-Su 00:00-24:00"}, "geometry": {"type": "Point", "coordinates": [-1.941388, 52.469196]}}, {"type": "Feature", "properties": {"id": "store-410", "name": "Next", "shop": "clothes", "neighbourhood": "Harborne", "opening_hours": "Mo-Sa 08:00-21:00"}, "geometry": {"type": "Point", "coordinates": [-1.939005, 52.468277]}}, {"type": "Feature", "properties": {"id": "store-411", "name": "WHSmith", "shop": "general", "neighbourhood": "Harborne", "opening_hours": "Mo-Fr 09:00-18:00"}, "geometry": {"type": "Point", "coordinates": [-1.95586, 52.466184]}}, {"type": "Feature", "properties": {"id": "store-412", "name": "Londis", "shop": "convenience", "neighbourhood": "Harborne", "opening_hours": "Mo-Sa 08:00-21:00"}, "geometry": {"type": "Point", "coordinates": [-1.949139, 52.456591]}}, {"type": "Feature", "properties": {"id": "store-413", "name": "WHSmith", "shop": "newsagent", "neighbourhood": "Harborne", "opening_hours": "Mo-Su 07:00-22:00"}, "geometry": {"type": "Point", "coordinates": [-1.935695, 52.46188]}}, {"type": "Feature", "properties": {"id": "store-414", "name": "Screwfix", "shop": "hardware", "neighbourhood": "Harborne", "opening_hours": "Mo-Sa 08:00-21:00"}, "geometry": {"type": "Point", "coordinates": [-1.954131, 52.464704]}}, {"type": "Feature", "properties": {"id": "store-415", "name": "Aldi", "shop": "supermarket", "neighbourhood": "Harborne", "opening_hours": "Mo-Su 07:00-22:00"}, "geometry": {"type": "Point", "coordinates": [-1.943385, 52.463624]}}, {"type": "Feature", "properties": {"id": "store-416", "name": "Peak Pharmacy", "shop": "pharmacy", "neighbourhood": "Selly Oak", "opening_hours": "Mo-Su 07:00-22:00"}, "geometry": {"type": "Point", "coordinates": [-1.924851, 52.442592]}}, {"type": "Feature", "properties": {"id": "store-417", "name": "Family Shopper", "shop": "convenience", "neighbourhood": "Selly Oak", "opening_hours": "Mo-Su 00:00-24:00"}, "geometry": {"type": "Point", "coordinates": [-1.917914, 52.442574]}}, {"type": "Feature", "properties": {"id": "store-418", "name": "Harveys", "shop": "furniture", "neighbourhood": "Selly Oak", "opening_hours": "Mo-Su 00:00-24:00"}, "geometry": {"type": "Point", "coordinates": [-1.931861, 52.432401]}}, {"type": "Feature", "properties": {"id": "store-419", "name": "Well Pharmacy", "shop": "pharmacy", "neighbourhood": "Selly Oak", "opening_hours": "Mo-Su 00:00-24:00"}, "geometry": {"type": "Point", "coordinates": [-1.935234, 52.4431]}}, {"type": "Feature", "properties": {"id": "store-420", "name": "Hair & Beauty", "shop": "beauty", "neighbourhood": "Selly Oak", "opening_hours": "Mo-Fr 09:00-18:00"}, "geometry": {"type": "Point", "coordinates": [-1.918289, 52.437154]}}, {"type": "Feature", "properties": {"id": "store-421", "name": "Matalan", "shop": "clothes", "neighbourhood": "Selly Oak", "opening_hours": "Mo-Su 00:00-24:00"}, "geometry": {"type": "Point", "coordinates": [-1.92788, 52.436535]}}, {"type": "Feature", "properties": {"id": "store-422", "name": "Nisa Local", "shop": "convenience", "neighbourhood": "Selly Oak", "opening_hours": "Mo-Fr 09:00-18:00"}, "geometry": {"type": "Point", "coordinates": [-1.934128, 52.436476]}}, {"type": "Feature", "properties": {"id": "store-423", "name": "Cancer Research UK", "shop": "charity", "neighbourhood": "Selly Oak", "opening_hours": "Mo-Fr 09:00-18:00"}, "geometry": {"type": "Point", "coordinates": [-1.921397, 52.438194]}}, {"type": "Feature", "properties": {"id": "store-424", "name": "Poundworld", "shop": "general", "neighbourhood": "Selly Oak", "opening_hours": "Mo-Fr 09:00-18:00"}, "geometry": {"type": "Point", "coordinates": [-1.931526, 52.442648]}}, {"type": "Feature", "properties": {"id": "store-425", "name": "Greggs", "shop": "bakery", "neighbourhood": "Selly Oak", "opening_hours": "Mo-Su 00:00-24:00"}, "geometry": {"type": "Point", "coordinates": [-1.921674, 52.438146]}}, {"type": "Feature", "properties": {"id": "store-426", "name": "Premier", "shop": "convenience", "neighbourhood": "Selly Oak", "opening_hours": "Mo-Fr 09:00-18:00"}, "geometry": {"type": "Point", "coordinates": [-1.921477, 52.443128]}}, {"type": "Feature", "properties": {"id": "store-427", "name": "Age UK", "shop": "charity", "neighbourhood": "Selly Oak", "opening_hours": "Mo-Sa 08:00-21:00"}, "geometry": {"type": "Point", "coordinates": [-1.935144, 52.435418]}}, {"type": "Feature", "properties": {"id": "store-428", "name": "Primark", "shop": "clothes", "neighbourhood": "Selly Oak", "opening_hours": "Mo-Sa 08:00-21:00"}, "geometry": {"type": "Point", "coordinates": [-1.925577, 52.431336]}}, {"type": "Feature", "properties": {"id": "store-429", "name": "Iceland", "shop": "supermarket", "neighbourhood": "Selly Oak", "opening_hours": "Mo-Fr 09:00-18:00"}, "geometry": {"type": "Point", "coordinates": [-1.931461, 52.444525]}}, {"type": "Feature", "properties": {"id": "store-430", "name": "Corner Shop", "shop": "newsagent", "neighbourhood": "Selly Oak", "opening_hours": "Mo-Sa 08:00-21:00"}, "geometry": {"type": "Point", "coordinates": [-1.932049, 52.443163]}}, {"type": "Feature", "properties": {"id": "store-431", "name": "Bonmarch\u00e9", "shop": "clothes", "neighbourhood": "Selly Oak", "opening_hours": "Mo-Su 00:00-24:00"}, "geometry": {"type": "Point", "coordinates": [-1.930346, 52.43199]}}, {"type": "Feature", "properties": {"id": "store-432", "name": "Salvation Army", "shop": "charity", "neighbourhood": "Selly Oak", "opening_hours": "Mo-Su 07:00-22:00"}, "geometry": {"type": "Point", "coordinates": [-1.920382, 52.436449]}}, {"type": "Feature", "properties": {"id": "store-433", "name": "Toolstation", "shop": "hardware", "neighbourhood": "Selly Oak", "opening_hours": "Mo-Sa 08:00-21:00"}, "geometry": {"type": "Point", "coordinates": [-1.9365, 52.439996]}}, {"type": "Feature", "properties": {"id": "store-434", "name": "Hair & Beauty", "shop": "beauty", "neighbourhood": "Selly Oak", "opening_hours": "Mo-Sa 08:00-21:00"}, "geometry": {"type": "Point", "coordinates": [-1.921478, 52.434811]}}, {"type": "Feature", "properties": {"id": "store-435", "name": "Beauty Bar", "shop": "beauty", "neighbourhood": "Selly Oak", "opening_hours": "Mo-Su 00:00-24:00"}, "geometry": {"type": "Point", "coordinates": [-1.926105, 52.443333]}}, {"type": "Feature", "properties": {"id": "store-436", "name": "New Look", "shop": "clothes", "neighbourhood": "Selly Oak", "opening_hours": "Mo-Fr 09:00-18:00"}, "geometry": {"type": "Point", "coordinates": [-1.921447, 52.440382]}}, {"type": "Feature", "properties": {"id": "store-437", "name": "TK Maxx", "shop": "clothes", "neighbourhood": "Selly Oak", "opening_hours": "Mo-Fr 09:00-18:00"}, "geometry": {"type": "Point", "coordinates": [-1.930593, 52.431351]}}, {"type": "Feature", "properties": {"id": "store-438", "name": "Next", "shop": "clothes", "neighbourhood": "Selly Oak", "opening_hours": "Mo-Fr 09:00-18:00"}, "geometry": {"type": "Point", "coordinates": [-1.924534, 52.432016]}}, {"type": "Feature", "properties": {"id": "store-439", "name": "Poundland", "shop": "general", "neighbourhood": "Selly Oak", "opening_hours": "Mo-Su 07:00-22:00"}, "geometry": {"type": "Point", "coordinates": [-1.916794, 52.440737]}}, {"type": "Feature", "properties": {"id": "store-440", "name": "IKEA", "shop": "furniture", "neighbourhood": "Selly Oak", "opening_hours": "Mo-Su 07:00-22:00"}, "geometry": {"type": "Point", "coordinates": [-1.929732, 52.439043]}}, {"type": "Feature", "properties": {"id": "store-441", "name": "Nisa Local", "shop": "convenience", "neighbourhood": "Selly Oak", "opening_hours": "Mo-Su 07:00-22:00"}, "geometry": {"type": "Point", "coordinates": [-1.921324, 52.432362]}}, {"type": "Feature", "properties": {"id": "store-442", "name": "M&S Food", "shop": "supermarket", "neighbourhood": "Selly Oak", "opening_hours": "Mo-Fr 09:00-18:00"}, "geometry": {"type": "Point", "coordinates": [-1.91917, 52.43895]}}, {"type": "Feature", "properties": {"id": "store-443", "name": "Well Pharmacy", "shop": "pharmacy", "neighbourhood": "Selly Oak", "opening_hours": "Mo-Su 07:00-22:00"}, "geometry": {"type": "Point", "coordinates": [-1.928248, 52.437512]}}, {"type": "Feature", "properties": {"id": "store-444", "name": "Superdrug", "shop": "pharmacy", "neighbourhood": "Selly Oak", "opening_hours": "Mo-Su 07:00-22:00"}, "geometry": {"type": "Point", "coordinates": [-1.925946, 52.444091]}}, {"type": "Feature", "properties": {"id": "store-445", "name": "EE", "shop": "electronics", "neighbourhood": "Selly Oak", "opening_hours": "Mo-Su 07:00-22:00"}, "geometry": {"type": "Point", "coordinates": [-1.927138, 52.43198]}}, {"type": "Feature", "properties": {"id": "store-446", "name": "Family Shopper", "shop": "convenience", "neighbourhood": "Selly Oak", "opening_hours": "Mo-Su 00:00-24:00"}, "geometry": {"type": "Point", "coordinates": [-1.931216, 52.442542]}}, {"type": "Feature", "properties": {"id": "store-447", "name": "Peacocks", "shop": "clothes", "neighbourhood": "Selly Oak", "opening_hours": "Mo-Fr 09:00-18:00"}, "geometry": {"type": "Point", "coordinates": [-1.932607, 52.439485]}}, {"type": "Feature", "properties": {"id": "store-448", "name": "Newsagent", "shop": "newsagent", "neighbourhood": "Selly Oak", "opening_hours": "Mo-Su 07:00-22:00"}, "geometry": {"type": "Point", "coordinates": [-1.925515, 52.434563]}}, {"type": "Feature", "properties": {"id": "store-449", "name": "Screwfix", "shop": "hardware", "neighbourhood": "Selly Oak", "opening_hours": "Mo-Fr 09:00-18:00"}, "geometry": {"type": "Point", "coordinates": [-1.936009, 52.434203]}}, {"type": "Feature", "properties": {"id": "store-450", "name": "Tesco", "shop": "supermarket", "neighbourhood": "Selly Oak", "opening_hours": "Mo-Sa 08:00-21:00"}, "geometry": {"type": "Point", "coordinates": [-1.920954, 52.434111]}}, {"type": "Feature", "properties": {"id": "store-451", "name": "Greggs", "shop": "bakery", "neighbourhood": "Selly Oak", "opening_hours": "Mo-Su 07:00-22:00"}, "geometry": {"type": "Point", "coordinates": [-1.921603, 52.443752]}}, {"type": "Feature", "properties": {"id": "store-452", "name": "Family Shopper", "shop": "convenience", "neighbourhood": "Selly Oak", "opening_hours": "Mo-Fr 09:00-18:00"}, "geometry": {"type": "Point", "coordinates": [-1.933959, 52.443454]}}, {"type": "Feature", "properties": {"id": "store-453", "name": "Fresh Meat", "shop": "butcher", "neighbourhood": "Selly Oak", "opening_hours": "Mo-Su 07:00-22:00"}, "geometry": {"type": "Point", "coordinates": [-1.915734, 52.437084]}}, {"type": "Feature", "properties": {"id": "store-454", "name": "Sainsbury's", "shop": "supermarket", "neighbourhood": "Selly Oak", "opening_hours": "Mo-Sa 08:00-21:00"}, "geometry": {"type": "Point", "coordinates": [-1.917154, 52.440854]}}, {"type": "Feature", "properties": {"id": "store-455", "name": "H&M", "shop": "clothes", "neighbourhood": "Selly Oak", "opening_hours": "Mo-Su 00:00-24:00"}, "geometry": {"type": "Point", "coordinates": [-1.93698, 52.438086]}}, {"type": "Feature", "properties": {"id": "store-456", "name": "Barnardo's", "shop": "charity", "neighbourhood": "Selly Oak", "opening_hours": "Mo-Su 00:00-24:00"}, "geometry": {"type": "Point", "coordinates": [-1.922058, 52.439848]}}, {"type": "Feature", "properties": {"id": "store-457", "name": "The Range", "shop": "furniture", "neighbourhood": "Selly Oak", "opening_hours": "Mo-Su 07:00-22:00"}, "geometry": {"type": "Point", "coordinates": [-1.92022, 52.43338]}}, {"type": "Feature", "properties": {"id": "store-458", "name": "ASDA Superstore", "shop": "supermarket", "neighbourhood": "Selly Oak", "opening_hours": "Mo-Sa 08:00-21:00"}, "geometry": {"type": "Point", "coordinates": [-1.927058, 52.430886]}}, {"type": "Feature", "properties": {"id": "store-459", "name": "Wilko", "shop": "hardware", "neighbourhood": "Selly Oak", "opening_hours": "Mo-Fr 09:00-18:00"}, "geometry": {"type": "Point", "coordinates": [-1.932856, 52.440224]}}, {"type": "Feature", "properties": {"id": "store-460", "name": "Breadshop", "shop": "bakery", "neighbourhood": "Selly Oak", "opening_hours": "Mo-Fr 09:00-18:00"}, "geometry": {"type": "Point", "coordinates": [-1.928311, 52.442039]}}, {"type": "Feature", "properties": {"id": "store-461", "name": "Card Factory", "shop": "general", "neighbourhood": "Selly Oak", "opening_hours": "Mo-Sa 08:00-21:00"}, "geometry": {"type": "Point", "coordinates": [-1.926584, 52.433708]}}, {"type": "Feature", "properties": {"id": "store-462", "name": "Aldi", "shop": "supermarket", "neighbourhood": "Selly Oak", "opening_hours": "Mo-Su 00:00-24:00"}, "geometry": {"type": "Point", "coordinates": [-1.935687, 52.435496]}}, {"type": "Feature", "properties": {"id": "store-463", "name": "Tesco Express", "shop": "supermarket", "neighbourhood": "Selly Oak", "opening_hours": "Mo-Fr 09:00-18:00"}, "geometry": {"type": "Point", "coordinates": [-1.936532, 52.43981]}}, {"type": "Feature", "properties": {"id": "store-464", "name": "Newsagent", "shop": "newsagent", "neighbourhood": "Selly Oak", "opening_hours": "Mo-Su 00:00-24:00"}, "geometry": {"type": "Point", "coordinates": [-1.936141, 52.436632]}}, {"type": "Feature", "properties": {"id": "store-465", "name": "Londis", "shop": "convenience", "neighbourhood": "Selly Oak", "opening_hours": "Mo-Su 00:00-24:00"}, "geometry": {"type": "Point", "coordinates": [-1.926471, 52.438407]}}, {"type": "Feature", "properties": {"id": "store-466", "name": "iSmash", "shop": "electronics", "neighbourhood": "Selly Oak", "opening_hours": "Mo-Su 07:00-22:00"}, "geometry": {"type": "Point", "coordinates": [-1.924907, 52.439705]}}, {"type": "Feature", "properties": {"id": "store-467", "name": "Aldi", "shop": "supermarket", "neighbourhood": "Selly Oak", "opening_hours": "Mo-Su 00:00-24:00"}, "geometry": {"type": "Point", "coordinates": [-1.925845, 52.442229]}}, {"type": "Feature", "properties": {"id": "store-468", "name": "H&M", "shop": "clothes", "neighbourhood": "Selly Oak", "opening_hours": "Mo-Sa 08:00-21:00"}, "geometry": {"type": "Point", "coordinates": [-1.927992, 52.438525]}}, {"type": "Feature", "properties": {"id": "store-469", "name": "Next", "shop": "clothes", "neighbourhood": "Selly Oak", "opening_hours": "Mo-Su 00:00-24:00"}, "geometry": {"type": "Point", "coordinates": [-1.929127, 52.43533]}}, {"type": "Feature", "properties": {"id": "store-470", "name": "ASDA Superstore", "shop": "supermarket", "neighbourhood": "Selly Oak", "opening_hours": "Mo-Su 00:00-24:00"}, "geometry": {"type": "Point", "coordinates": [-1.919123, 52.436402]}}, {"type": "Feature", "properties": {"id": "store-471", "name": "Sainsbury's Local", "shop": "supermarket", "neighbourhood": "Selly Oak", "opening_hours": "Mo-Sa 08:00-21:00"}, "geometry": {"type": "Point", "coordinates": [-1.923087, 52.433588]}}, {"type": "Feature", "properties": {"id": "store-472", "name": "Greggs", "shop": "bakery", "neighbourhood": "Selly Oak", "opening_hours": "Mo-Su 07:00-22:00"}, "geometry": {"type": "Point", "coordinates": [-1.935186, 52.437077]}}, {"type": "Feature", "properties": {"id": "store-473", "name": "Select", "shop": "clothes", "neighbourhood": "Selly Oak", "opening_hours": "Mo-Fr 09:00-18:00"}, "geometry": {"type": "Point", "coordinates": [-1.926268, 52.438391]}}, {"type": "Feature", "properties": {"id": "store-474", "name": "Select", "shop": "clothes", "neighbourhood": "Selly Oak", "opening_hours": "Mo-Sa 08:00-21:00"}, "geometry": {"type": "Point", "coordinates": [-1.933399, 52.439379]}}, {"type": "Feature", "properties": {"id": "store-475", "name": "Corner Shop", "shop": "newsagent", "neighbourhood": "Selly Oak", "opening_hours": "Mo-Su 00:00-24:00"}, "geometry": {"type": "Point", "coordinates": [-1.918275, 52.436256]}}, {"type": "Feature", "properties": {"id": "store-476", "name": "Bargain Booze", "shop": "convenience", "neighbourhood": "Selly Oak", "opening_hours": "Mo-Fr 09:00-18:00"}, "geometry": {"type": "Point", "coordinates": [-1.920297, 52.439997]}}, {"type": "Feature", "properties": {"id": "store-477", "name": "River Island", "shop": "clothes", "neighbourhood": "Selly Oak", "opening_hours": "Mo-Fr 09:00-18:00"}, "geometry": {"type": "Point", "coordinates": [-1.929103, 52.444243]}}, {"type": "Feature", "properties": {"id": "store-478", "name": "Costcutter", "shop": "convenience", "neighbourhood": "Selly Oak", "opening_hours": "Mo-Sa 08:00-21:00"}, "geometry": {"type": "Point", "coordinates": [-1.918439, 52.433398]}}, {"type": "Feature", "properties": {"id": "store-479", "name": "WHSmith", "shop": "general", "neighbourhood": "Selly Oak", "opening_hours": "Mo-Sa 08:00-21:00"}, "geometry": {"type": "Point", "coordinates": [-1.934974, 52.435776]}}, {"type": "Feature", "properties": {"id": "store-480", "name": "Corner Shop", "shop": "newsagent", "neighbourhood": "Selly Oak", "opening_hours": "Mo-Fr 09:00-18:00"}, "geometry": {"type": "Point", "coordinates": [-1.924593, 52.434397]}}, {"type": "Feature", "properties": {"id": "store-481", "name": "Nisa Local", "shop": "convenience", "neighbourhood": "Selly Oak", "opening_hours": "Mo-Fr 09:00-18:00"}, "geometry": {"type": "Point", "coordinates": [-1.922009, 52.440544]}}, {"type": "Feature", "properties": {"id": "store-482", "name": "WHSmith", "shop": "general", "neighbourhood": "Selly Oak", "opening_hours": "Mo-Fr 09:00-18:00"}, "geometry": {"type": "Point", "coordinates": [-1.930119, 52.438476]}}, {"type": "Feature", "properties": {"id": "store-483", "name": "Barnardo's", "shop": "charity", "neighbourhood": "Selly Oak", "opening_hours": "Mo-Su 07:00-22:00"}, "geometry": {"type": "Point", "coordinates": [-1.929434, 52.431235]}}, {"type": "Feature", "properties": {"id": "store-484", "name": "British Heart Foundation", "shop": "charity", "neighbourhood": "Selly Oak", "opening_hours": "Mo-Su 07:00-22:00"}, "geometry": {"type": "Point", "coordinates": [-1.933858, 52.439094]}}, {"type": "Feature", "properties": {"id": "store-485", "name": "Greggs", "shop": "bakery", "neighbourhood": "Bournville", "opening_hours": "Mo-Fr 09:00-18:00"}, "geometry": {"type": "Point", "coordinates": [-1.935153, 52.425939]}}, {"type": "Feature", "properties": {"id": "store-486", "name": "IKEA", "shop": "furniture", "neighbourhood": "Bournville", "opening_hours": "Mo-Su 07:00-22:00"}, "geometry": {"type": "Point", "coordinates": [-1.931233, 52.431553]}}, {"type": "Feature", "properties": {"id": "store-487", "name": "Post Office", "shop": "newsagent", "neighbourhood": "Bournville", "opening_hours": "Mo-Sa 08:00-21:00"}, "geometry": {"type": "Point", "coordinates": [-1.92717, 52.430419]}}, {"type": "Feature", "properties": {"id": "store-488", "name": "Wilko", "shop": "hardware", "neighbourhood": "Bournville", "opening_hours": "Mo-Sa 08:00-21:00"}, "geometry": {"type": "Point", "coordinates": [-1.927839, 52.424283]}}, {"type": "Feature", "properties": {"id": "store-489", "name": "ASDA Superstore", "shop": "supermarket", "neighbourhood": "Bournville", "opening_hours": "Mo-Su 07:00-22:00"}, "geometry": {"type": "Point", "coordinates": [-1.928659, 52.427445]}}, {"type": "Feature", "properties": {"id": "store-490", "name": "Premier", "shop": "convenience", "neighbourhood": "Bournville", "opening_hours": "Mo-Su 00:00-24:00"}, "geometry": {"type": "Point", "coordinates": [-1.923316, 52.432561]}}, {"type": "Feature", "properties": {"id": "store-491", "name": "Well Pharmacy", "shop": "pharmacy", "neighbourhood": "Bournville", "opening_hours": "Mo-Su 07:00-22:00"}, "geometry": {"type": "Point", "coordinates": [-1.928697, 52.425244]}}, {"type": "Feature", "properties": {"id": "store-492", "name": "Premier", "shop": "convenience", "neighbourhood": "Bournville", "opening_hours": "Mo-Su 07:00-22:00"}, "geometry": {"type": "Point", "coordinates": [-1.92673, 52.423128]}}, {"type": "Feature", "properties": {"id": "store-493", "name": "British Heart Foundation", "shop": "charity", "neighbourhood": "Bournville", "opening_hours": "Mo-Sa 08:00-21:00"}, "geometry": {"type": "Point", "coordinates": [-1.933261, 52.42879]}}, {"type": "Feature", "properties": {"id": "store-494", "name": "Day Lewis", "shop": "pharmacy", "neighbourhood": "Bournville", "opening_hours": "Mo-Sa 08:00-21:00"}, "geometry": {"type": "Point", "coordinates": [-1.933793, 52.432909]}}, {"type": "Feature", "properties": {"id": "store-495", "name": "iSmash", "shop": "electronics", "neighbourhood": "Bournville", "opening_hours": "Mo-Sa 08:00-21:00"}, "geometry": {"type": "Point", "coordinates": [-1.924102, 52.425994]}}, {"type": "Feature", "properties": {"id": "store-496", "name": "Select", "shop": "clothes", "neighbourhood": "Bournville", "opening_hours": "Mo-Sa 08:00-21:00"}, "geometry": {"type": "Point", "coordinates": [-1.922276, 52.42999]}}, {"type": "Feature", "properties": {"id": "store-497", "name": "Sainsbury's", "shop": "supermarket", "neighbourhood": "Bournville", "opening_hours": "Mo-Sa 08:00-21:00"}, "geometry": {"type": "Point", "coordinates": [-1.927888, 52.424073]}}, {"type": "Feature", "properties": {"id": "store-498", "name": "Oak Furnitureland", "shop": "furniture", "neighbourhood": "Bournville", "opening_hours": "Mo-Su 07:00-22:00"}, "geometry": {"type": "Point", "coordinates": [-1.921461, 52.427063]}}, {"type": "Feature", "properties": {"id": "store-499", "name": "New Look", "shop": "clothes", "neighbourhood": "Bournville", "opening_hours": "Mo-Fr 09:00-18:00"}, "geometry": {"type": "Point", "coordinates": [-1.937214, 52.429414]}}, {"type": "Feature", "properties": {"id": "store-500", "name": "Rowlands Pharmacy", "shop": "pharmacy", "neighbourhood": "Bournville", "opening_hours": "Mo-Su 00:00-24:00"}, "geometry": {"type": "Point", "coordinates": [-1.924441, 52.431896]}}, {"type": "Feature", "properties": {"id": "store-501", "name": "Nail Studio", "shop": "beauty", "neighbourhood": "Bournville", "opening_hours": "Mo-Su 00:00-24:00"}, "geometry": {"type": "Point", "coordinates": [-1.934628, 52.423957]}}, {"type": "Feature", "properties": {"id": "store-502", "name": "The Range", "shop": "furniture", "neighbourhood": "Bournville", "opening_hours": "Mo-Su 00:00-24:00"}, "geometry": {"type": "Point", "coordinates": [-1.936706, 52.430798]}}, {"type": "Feature", "properties": {"id": "store-503", "name": "Fresh Meat", "shop": "butcher", "neighbourhood": "Bournville", "opening_hours": "Mo-Su 07:00-22:00"}, "geometry": {"type": "Point", "coordinates": [-1.933885, 52.432226]}}, {"type": "Feature", "properties": {"id": "store-504", "name": "Next", "shop": "clothes", "neighbourhood": "Bournville", "opening_hours": "Mo-Fr 09:00-18:00"}, "geometry": {"type": "Point", "coordinates": [-1.926472, 52.428155]}}, {"type": "Feature", "properties": {"id": "store-505", "name": "Next", "shop": "clothes", "neighbourhood": "Bournville", "opening_hours": "Mo-Fr 09:00-18:00"}, "geometry": {"type": "Point", "coordinates": [-1.928113, 52.425961]}}, {"type": "Feature", "properties": {"id": "store-506", "name": "Greggs", "shop": "bakery", "neighbourhood": "Bournville", "opening_hours": "Mo-Sa 08:00-21:00"}, "geometry": {"type": "Point", "coordinates": [-1.936478, 52.42454]}}, {"type": "Feature", "properties": {"id": "store-507", "name": "McColl's", "shop": "convenience", "neighbourhood": "Bournville", "opening_hours": "Mo-Su 07:00-22:00"}, "geometry": {"type": "Point", "coordinates": [-1.929748, 52.425643]}}, {"type": "Feature", "properties": {"id": "store-508", "name": "Lloyds Pharmacy", "shop": "pharmacy", "neighbourhood": "Bournville", "opening_hours": "Mo-Fr 09:00-18:00"}, "geometry": {"type": "Point", "coordinates": [-1.937547, 52.432084]}}, {"type": "Feature", "properties": {"id": "store-509", "name": "Rowlands Pharmacy", "shop": "pharmacy", "neighbourhood": "Bournville", "opening_hours": "Mo-Fr 09:00-18:00"}, "geometry": {"type": "Point", "coordinates": [-1.931657, 52.432368]}}, {"type": "Feature", "properties": {"id": "store-510", "name": "Boots", "shop": "pharmacy", "neighbourhood": "Bournville", "opening_hours": "Mo-Su 07:00-22:00"}, "geometry": {"type": "Point", "coordinates": [-1.925208, 52.423014]}}, {"type": "Feature", "properties": {"id": "store-511", "name": "Sainsbury's", "shop": "supermarket", "neighbourhood": "Bournville", "opening_hours": "Mo-Su 00:00-24:00"}, "geometry": {"type": "Point", "coordinates": [-1.934656, 52.428842]}}, {"type": "Feature", "properties": {"id": "store-512", "name": "Corner Shop", "shop": "newsagent", "neighbourhood": "Bournville", "opening_hours": "Mo-Su 07:00-22:00"}, "geometry": {"type": "Point", "coordinates": [-1.923909, 52.430096]}}, {"type": "Feature", "properties": {"id": "store-513", "name": "Nail Studio", "shop": "beauty", "neighbourhood": "Bournville", "opening_hours": "Mo-Su 07:00-22:00"}, "geometry": {"type": "Point", "coordinates": [-1.932361, 52.425071]}}, {"type": "Feature", "properties": {"id": "store-514", "name": "Best-one", "shop": "convenience", "neighbourhood": "Bournville", "opening_hours": "Mo-Su 07:00-22:00"}, "geometry": {"type": "Point", "coordinates": [-1.936857, 52.428263]}}, {"type": "Feature", "properties": {"id": "store-515", "name": "Co-op", "shop": "convenience", "neighbourhood": "Bournville", "opening_hours": "Mo-Fr 09:00-18:00"}, "geometry": {"type": "Point", "coordinates": [-1.938329, 52.427552]}}, {"type": "Feature", "properties": {"id": "store-516", "name": "Farmfoods", "shop": "supermarket", "neighbourhood": "Bournville", "opening_hours": "Mo-Su 07:00-22:00"}, "geometry": {"type": "Point", "coordinates": [-1.920428, 52.427529]}}, {"type": "Feature", "properties": {"id": "store-517", "name": "Oak Furnitureland", "shop": "furniture", "neighbourhood": "Bournville", "opening_hours": "Mo-Su 00:00-24:00"}, "geometry": {"type": "Point", "coordinates": [-1.934969, 52.428492]}}, {"type": "Feature", "properties": {"id": "store-518", "name": "EE", "shop": "electronics", "neighbourhood": "Bournville", "opening_hours": "Mo-Sa 08:00-21:00"}, "geometry": {"type": "Point", "coordinates": [-1.936191, 52.431165]}}, {"type": "Feature", "properties": {"id": "store-519", "name": "The Beauty Room", "shop": "beauty", "neighbourhood": "Bournville", "opening_hours": "Mo-Su 00:00-24:00"}, "geometry": {"type": "Point", "coordinates": [-1.938552, 52.4302]}}, {"type": "Feature", "properties": {"id": "store-520", "name": "B&M", "shop": "general", "neighbourhood": "Bournville", "opening_hours": "Mo-Su 00:00-24:00"}, "geometry": {"type": "Point", "coordinates": [-1.932426, 52.425877]}}, {"type": "Feature", "properties": {"id": "store-521", "name": "Rowlands Pharmacy", "shop": "pharmacy", "neighbourhood": "Bournville", "opening_hours": "Mo-Su 07:00-22:00"}, "geometry": {"type": "Point", "coordinates": [-1.934454, 52.422477]}}, {"type": "Feature", "properties": {"id": "store-522", "name": "Primark", "shop": "clothes", "neighbourhood": "Bournville", "opening_hours": "Mo-Su 00:00-24:00"}, "geometry": {"type": "Point", "coordinates": [-1.923259, 52.431597]}}, {"type": "Feature", "properties": {"id": "store-523", "name": "Age UK", "shop": "charity", "neighbourhood": "Bournville", "opening_hours": "Mo-Sa 08:00-21:00"}, "geometry": {"type": "Point", "coordinates": [-1.932732, 52.429507]}}, {"type": "Feature", "properties": {"id": "store-524", "name": "Robert Dyas", "shop": "hardware", "neighbourhood": "Bournville", "opening_hours": "Mo-Fr 09:00-18:00"}, "geometry": {"type": "Point", "coordinates": [-1.939138, 52.426621]}}, {"type": "Feature", "properties": {"id": "store-525", "name": "Greggs", "shop": "bakery", "neighbourhood": "Bournville", "opening_hours": "Mo-Fr 09:00-18:00"}, "geometry": {"type": "Point", "coordinates": [-1.923592, 52.431144]}}, {"type": "Feature", "properties": {"id": "store-526", "name": "Robert Dyas", "shop": "hardware", "neighbourhood": "Bournville", "opening_hours": "Mo-Su 00:00-24:00"}, "geometry": {"type": "Point", "coordinates": [-1.925788, 52.433]}}, {"type": "Feature", "properties": {"id": "store-527", "name": "Laptop Direct", "shop": "electronics", "neighbourhood": "Bournville", "opening_hours": "Mo-Su 00:00-24:00"}, "geometry": {"type": "Point", "coordinates": [-1.939108, 52.425989]}}, {"type": "Feature", "properties": {"id": "store-528", "name": "British Heart Foundation", "shop": "charity", "neighbourhood": "Bournville", "opening_hours": "Mo-Fr 09:00-18:00"}, "geometry": {"type": "Point", "coordinates": [-1.934748, 52.422884]}}, {"type": "Feature", "properties": {"id": "store-529", "name": "Barnardo's", "shop": "charity", "neighbourhood": "Bournville", "opening_hours": "Mo-Sa 08:00-21:00"}, "geometry": {"type": "Point", "coordinates": [-1.936472, 52.424514]}}, {"type": "Feature", "properties": {"id": "store-530", "name": "Superdrug", "shop": "pharmacy", "neighbourhood": "Bournville", "opening_hours": "Mo-Su 00:00-24:00"}, "geometry": {"type": "Point", "coordinates": [-1.931868, 52.433613]}}, {"type": "Feature", "properties": {"id": "store-531", "name": "Beauty Bar", "shop": "beauty", "neighbourhood": "Bournville", "opening_hours": "Mo-Su 00:00-24:00"}, "geometry": {"type": "Point", "coordinates": [-1.923303, 52.425488]}}, {"type": "Feature", "properties": {"id": "store-532", "name": "M&S Food", "shop": "supermarket", "neighbourhood": "Bournville", "opening_hours": "Mo-Fr 09:00-18:00"}, "geometry": {"type": "Point", "coordinates": [-1.935572, 52.432332]}}, {"type": "Feature", "properties": {"id": "store-533", "name": "McColl's", "shop": "convenience", "neighbourhood": "Bournville", "opening_hours": "Mo-Su 07:00-22:00"}, "geometry": {"type": "Point", "coordinates": [-1.928982, 52.434048]}}, {"type": "Feature", "properties": {"id": "store-534", "name": "Poundworld", "shop": "general", "neighbourhood": "Bournville", "opening_hours": "Mo-Su 00:00-24:00"}, "geometry": {"type": "Point", "coordinates": [-1.930347, 52.432119]}}, {"type": "Feature", "properties": {"id": "store-535", "name": "Bargain Booze", "shop": "convenience", "neighbourhood": "Bournville", "opening_hours": "Mo-Su 00:00-24:00"}, "geometry": {"type": "Point", "coordinates": [-1.921601, 52.431296]}}, {"type": "Feature", "properties": {"id": "store-536", "name": "Poundworld", "shop": "general", "neighbourhood": "Bournville", "opening_hours": "Mo-Su 07:00-22:00"}, "geometry": {"type": "Point", "coordinates": [-1.923693, 52.427991]}}, {"type": "Feature", "properties": {"id": "store-537", "name": "Martin McColl", "shop": "newsagent", "neighbourhood": "Bournville", "opening_hours": "Mo-Fr 09:00-18:00"}, "geometry": {"type": "Point", "coordinates": [-1.926535, 52.425228]}}, {"type": "Feature", "properties": {"id": "store-538", "name": "Morrisons", "shop": "supermarket", "neighbourhood": "Bournville", "opening_hours": "Mo-Su 07:00-22:00"}, "geometry": {"type": "Point", "coordinates": [-1.93719, 52.42504]}}, {"type": "Feature", "properties": {"id": "store-539", "name": "Halal Butchers", "shop": "butcher", "neighbourhood": "Bournville", "opening_hours": "Mo-Su 07:00-22:00"}, "geometry": {"type": "Point", "coordinates": [-1.926358, 52.430016]}}, {"type": "Feature", "properties": {"id": "store-540", "name": "Card Factory", "shop": "general", "neighbourhood": "Bournville", "opening_hours": "Mo-Sa 08:00-21:00"}, "geometry": {"type": "Point", "coordinates": [-1.938808, 52.426089]}}, {"type": "Feature", "properties": {"id": "store-541", "name": "Iceland", "shop": "supermarket", "neighbourhood": "Bournville", "opening_hours": "Mo-Su 07:00-22:00"}, "geometry": {"type": "Point", "coordinates": [-1.929309, 52.425012]}}, {"type": "Feature", "properties": {"id": "store-542", "name": "Best-one", "shop": "convenience", "neighbourhood": "Bournville", "opening_hours": "Mo-Sa 08:00-21:00"}, "geometry": {"type": "Point", "coordinates": [-1.926213, 52.431047]}}, {"type": "Feature", "properties": {"id": "store-543", "name": "Aldi", "shop": "supermarket", "neighbourhood": "Bournville", "opening_hours": "Mo-Su 07:00-22:00"}, "geometry": {"type": "Point", "coordinates": [-1.936611, 52.424732]}}, {"type": "Feature", "properties": {"id": "store-544", "name": "Nisa Local", "shop": "convenience", "neighbourhood": "Northfield", "opening_hours": "Mo-Fr 09:00-18:00"}, "geometry": {"type": "Point", "coordinates": [-1.947492, 52.412743]}}, {"type": "Feature", "properties": {"id": "store-545", "name": "Spar", "shop": "convenience", "neighbourhood": "Northfield", "opening_hours": "Mo-Sa 08:00-21:00"}, "geometry": {"type": "Point", "coordinates": [-1.961546, 52.405532]}}, {"type": "Feature", "properties": {"id": "store-546", "name": "Matalan", "shop": "clothes", "neighbourhood": "Northfield", "opening_hours": "Mo-Su 00:00-24:00"}, "geometry": {"type": "Point", "coordinates": [-1.966339, 52.410106]}}, {"type": "Feature", "properties": {"id": "store-547", "name": "Greggs", "shop": "bakery", "neighbourhood": "Northfield", "opening_hours": "Mo-Su 00:00-24:00"}, "geometry": {"type": "Point", "coordinates": [-1.962108, 52.411145]}}, {"type": "Feature", "properties": {"id": "store-548", "name": "Scope", "shop": "charity", "neighbourhood": "Northfield", "opening_hours": "Mo-Sa 08:00-21:00"}, "geometry": {"type": "Point", "coordinates": [-1.967069, 52.411355]}}, {"type": "Feature", "properties": {"id": "store-549", "name": "Newsagent", "shop": "newsagent", "neighbourhood": "Northfield", "opening_hours": "Mo-Su 07:00-22:00"}, "geometry": {"type": "Point", "coordinates": [-1.956173, 52.403609]}}, {"type": "Feature", "properties": {"id": "store-550", "name": "Best-one", "shop": "convenience", "neighbourhood": "Northfield", "opening_hours": "Mo-Su 07:00-22:00"}, "geometry": {"type": "Point", "coordinates": [-1.967862, 52.411692]}}, {"type": "Feature", "properties": {"id": "store-551", "name": "Tesco", "shop": "supermarket", "neighbourhood": "Northfield", "opening_hours": "Mo-Su 00:00-24:00"}, "geometry": {"type": "Point", "coordinates": [-1.943221, 52.410403]}}, {"type": "Feature", "properties": {"id": "store-552", "name": "Barnardo's", "shop": "charity", "neighbourhood": "Northfield", "opening_hours": "Mo-Su 00:00-24:00"}, "geometry": {"type": "Point", "coordinates": [-1.957164, 52.412995]}}, {"type": "Feature", "properties": {"id": "store-553", "name": "Peak Pharmacy", "shop": "pharmacy", "neighbourhood": "Northfield", "opening_hours": "Mo-Su 07:00-22:00"}, "geometry": {"type": "Point", "coordinates": [-1.956763, 52.406413]}}, {"type": "Feature", "properties": {"id": "store-554", "name": "Co-op", "shop": "convenience", "neighbourhood": "Northfield", "opening_hours": "Mo-Su 07:00-22:00"}, "geometry": {"type": "Point", "coordinates": [-1.954598, 52.412328]}}, {"type": "Feature", "properties": {"id": "store-555", "name": "Costcutter", "shop": "convenience", "neighbourhood": "Northfield", "opening_hours": "Mo-Fr 09:00-18:00"}, "geometry": {"type": "Point", "coordinates": [-1.957952, 52.41539]}}, {"type": "Feature", "properties": {"id": "store-556", "name": "Bakers", "shop": "bakery", "neighbourhood": "Northfield", "opening_hours": "Mo-Sa 08:00-21:00"}, "geometry": {"type": "Point", "coordinates": [-1.950673, 52.404932]}}, {"type": "Feature", "properties": {"id": "store-557", "name": "Lloyds Pharmacy", "shop": "pharmacy", "neighbourhood": "Northfield", "opening_hours": "Mo-Sa 08:00-21:00"}, "geometry": {"type": "Point", "coordinates": [-1.946901, 52.409139]}}, {"type": "Feature", "properties": {"id": "store-558", "name": "Breadshop", "shop": "bakery", "neighbourhood": "Northfield", "opening_hours": "Mo-Su 07:00-22:00"}, "geometry": {"type": "Point", "coordinates": [-1.957092, 52.404515]}}, {"type": "Feature", "properties": {"id": "store-559", "name": "Home Bargains", "shop": "general", "neighbourhood": "Northfield", "opening_hours": "Mo-Su 07:00-22:00"}, "geometry": {"type": "Point", "coordinates": [-1.945921, 52.407801]}}, {"type": "Feature", "properties": {"id": "store-560", "name": "Aldi", "shop": "supermarket", "neighbourhood": "Northfield", "opening_hours": "Mo-Su 07:00-22:00"}, "geometry": {"type": "Point", "coordinates": [-1.940807, 52.4103]}}, {"type": "Feature", "properties": {"id": "store-561", "name": "WHSmith", "shop": "newsagent", "neighbourhood": "Northfield", "opening_hours": "Mo-Su 07:00-22:00"}, "geometry": {"type": "Point", "coordinates": [-1.943153, 52.407176]}}, {"type": "Feature", "properties": {"id": "store-562", "name": "Londis", "shop": "convenience", "neighbourhood": "Northfield", "opening_hours": "Mo-Su 00:00-24:00"}, "geometry": {"type": "Point", "coordinates": [-1.966939, 52.408027]}}, {"type": "Feature", "properties": {"id": "store-563", "name": "Toolstation", "shop": "hardware", "neighbourhood": "Northfield", "opening_hours": "Mo-Su 07:00-22:00"}, "geometry": {"type": "Point", "coordinates": [-1.950438, 52.4116]}}, {"type": "Feature", "properties": {"id": "store-564", "name": "SCS", "shop": "furniture", "neighbourhood": "Northfield", "opening_hours": "Mo-Su 07:00-22:00"}, "geometry": {"type": "Point", "coordinates": [-1.957508, 52.410207]}}, {"type": "Feature", "properties": {"id": "store-565", "name": "Greggs", "shop": "bakery", "neighbourhood": "Northfield", "opening_hours": "Mo-Fr 09:00-18:00"}, "geometry": {"type": "Point", "coordinates": [-1.940465, 52.409277]}}, {"type": "Feature", "properties": {"id": "store-566", "name": "Cancer Research UK", "shop": "charity", "neighbourhood": "Northfield", "opening_hours": "Mo-Su 00:00-24:00"}, "geometry": {"type": "Point", "coordinates": [-1.955235, 52.407884]}}, {"type": "Feature", "properties": {"id": "store-567", "name": "British Heart Foundation", "shop": "charity", "neighbourhood": "Northfield", "opening_hours": "Mo-Sa 08:00-21:00"}, "geometry": {"type": "Point", "coordinates": [-1.944154, 52.414358]}}, {"type": "Feature", "properties": {"id": "store-568", "name": "Oxfam", "shop": "charity", "neighbourhood": "Northfield", "opening_hours": "Mo-Sa 08:00-21:00"}, "geometry": {"type": "Point", "coordinates": [-1.955747, 52.409974]}}, {"type": "Feature", "properties": {"id": "store-569", "name": "Poundworld", "shop": "general", "neighbourhood": "Northfield", "opening_hours": "Mo-Su 07:00-22:00"}, "geometry": {"type": "Point", "coordinates": [-1.952461, 52.41521]}}, {"type": "Feature", "properties": {"id": "store-570", "name": "Corner Shop", "shop": "newsagent", "neighbourhood": "Northfield", "opening_hours": "Mo-Sa 08:00-21:00"}, "geometry": {"type": "Point", "coordinates": [-1.959604, 52.401858]}}, {"type": "Feature", "properties": {"id": "store-571", "name": "Newsagent", "shop": "newsagent", "neighbourhood": "Northfield", "opening_hours": "Mo-Su 07:00-22:00"}, "geometry": {"type": "Point", "coordinates": [-1.946425, 52.407466]}}, {"type": "Feature", "properties": {"id": "store-572", "name": "Halal Butchers", "shop": "butcher", "neighbourhood": "Northfield", "opening_hours": "Mo-Sa 08:00-21:00"}, "geometry": {"type": "Point", "coordinates": [-1.957217, 52.407196]}}, {"type": "Feature", "properties": {"id": "store-573", "name": "ASDA Superstore", "shop": "supermarket", "neighbourhood": "Northfield", "opening_hours": "Mo-Su 07:00-22:00"}, "geometry": {"type": "Point", "coordinates": [-1.944544, 52.411085]}}, {"type": "Feature", "properties": {"id": "store-574", "name": "Toolstation", "shop": "hardware", "neighbourhood": "Northfield", "opening_hours": "Mo-Su 00:00-24:00"}, "geometry": {"type": "Point", "coordinates": [-1.964596, 52.416002]}}, {"type": "Feature", "properties": {"id": "store-575", "name": "River Island", "shop": "clothes", "neighbourhood": "Northfield", "opening_hours": "Mo-Su 00:00-24:00"}, "geometry": {"type": "Point", "coordinates": [-1.949845, 52.415213]}}, {"type": "Feature", "properties": {"id": "store-576", "name": "TK Maxx", "shop": "clothes", "neighbourhood": "Northfield", "opening_hours": "Mo-Sa 08:00-21:00"}, "geometry": {"type": "Point", "coordinates": [-1.962258, 52.40971]}}, {"type": "Feature", "properties": {"id": "store-577", "name": "Harveys", "shop": "furniture", "neighbourhood": "Northfield", "opening_hours": "Mo-Su 07:00-22:00"}, "geometry": {"type": "Point", "coordinates": [-1.965852, 52.409268]}}, {"type": "Feature", "properties": {"id": "store-578", "name": "Salon", "shop": "beauty", "neighbourhood": "Northfield", "opening_hours": "Mo-Su 00:00-24:00"}, "geometry": {"type": "Point", "coordinates": [-1.955941, 52.411269]}}, {"type": "Feature", "properties": {"id": "store-579", "name": "Scope", "shop": "charity", "neighbourhood": "Northfield", "opening_hours": "Mo-Su 07:00-22:00"}, "geometry": {"type": "Point", "coordinates": [-1.95489, 52.417304]}}, {"type": "Feature", "properties": {"id": "store-580", "name": "Primark", "shop": "clothes", "neighbourhood": "Northfield", "opening_hours": "Mo-Sa 08:00-21:00"}, "geometry": {"type": "Point", "coordinates": [-1.940933, 52.412482]}}, {"type": "Feature", "properties": {"id": "store-581", "name": "Card Factory", "shop": "general", "neighbourhood": "Northfield", "opening_hours": "Mo-Su 00:00-24:00"}, "geometry": {"type": "Point", "coordinates": [-1.959374, 52.409344]}}, {"type": "Feature", "properties": {"id": "store-582", "name": "The Beauty Room", "shop": "beauty", "neighbourhood": "Northfield", "opening_hours": "Mo-Sa 08:00-21:00"}, "geometry": {"type": "Point", "coordinates": [-1.951704, 52.402473]}}, {"type": "Feature", "properties": {"id": "store-583", "name": "Salon", "shop": "beauty", "neighbourhood": "Northfield", "opening_hours": "Mo-Fr 09:00-18:00"}, "geometry": {"type": "Point", "coordinates": [-1.962042, 52.406318]}}, {"type": "Feature", "properties": {"id": "store-584", "name": "Londis", "shop": "convenience", "neighbourhood": "Northfield", "opening_hours": "Mo-Fr 09:00-18:00"}, "geometry": {"type": "Point", "coordinates": [-1.959552, 52.408297]}}, {"type": "Feature", "properties": {"id": "store-585", "name": "Premier", "shop": "convenience", "neighbourhood": "Northfield", "opening_hours": "Mo-Sa 08:00-21:00"}, "geometry": {"type": "Point", "coordinates": [-1.967062, 52.407646]}}, {"type": "Feature", "properties": {"id": "store-586", "name": "Wilko", "shop": "hardware", "neighbourhood": "Northfield", "opening_hours": "Mo-Su 07:00-22:00"}, "geometry": {"type": "Point", "coordinates": [-1.951993, 52.413618]}}, {"type": "Feature", "properties": {"id": "store-587", "name": "iSmash", "shop": "electronics", "neighbourhood": "Northfield", "opening_hours": "Mo-Su 07:00-22:00"}, "geometry": {"type": "Point", "coordinates": [-1.950039, 52.412045]}}, {"type": "Feature", "properties": {"id": "store-588", "name": "Premier", "shop": "convenience", "neighbourhood": "Northfield", "opening_hours": "Mo-Fr 09:00-18:00"}, "geometry": {"type": "Point", "coordinates": [-1.958246, 52.401376]}}, {"type": "Feature", "properties": {"id": "store-589", "name": "Bargain Booze", "shop": "convenience", "neighbourhood": "Northfield", "opening_hours": "Mo-Su 00:00-24:00"}, "geometry": {"type": "Point", "coordinates": [-1.949909, 52.409706]}}, {"type": "Feature", "properties": {"id": "store-590", "name": "Farmfoods", "shop": "supermarket", "neighbourhood": "Northfield", "opening_hours": "Mo-Su 00:00-24:00"}, "geometry": {"type": "Point", "coordinates": [-1.965936, 52.413473]}}, {"type": "Feature", "properties": {"id": "store-591", "name": "Card Factory", "shop": "general", "neighbourhood": "Northfield", "opening_hours": "Mo-Su 07:00-22:00"}, "geometry": {"type": "Point", "coordinates": [-1.945002, 52.41453]}}, {"type": "Feature", "properties": {"id": "store-592", "name": "Poundland", "shop": "general", "neighbourhood": "Northfield", "opening_hours": "Mo-Fr 09:00-18:00"}, "geometry": {"type": "Point", "coordinates": [-1.961758, 52.40797]}}, {"type": "Feature", "properties": {"id": "store-593", "name": "Salon", "shop": "beauty", "neighbourhood": "Northfield", "opening_hours": "Mo-Fr 09:00-18:00"}, "geometry": {"type": "Point", "coordinates": [-1.963718, 52.414104]}}, {"type": "Feature", "properties": {"id": "store-594", "name": "Co-op", "shop": "convenience", "neighbourhood": "Northfield", "opening_hours": "Mo-Sa 08:00-21:00"}, "geometry": {"type": "Point", "coordinates": [-1.947139, 52.416437]}}, {"type": "Feature", "properties": {"id": "store-595", "name": "H&M", "shop": "clothes", "neighbourhood": "Northfield", "opening_hours": "Mo-Su 00:00-24:00"}, "geometry": {"type": "Point", "coordinates": [-1.945188, 52.41557]}}, {"type": "Feature", "properties": {"id": "store-596", "name": "Home Bargains", "shop": "general", "neighbourhood": "Northfield", "opening_hours": "Mo-Fr 09:00-18:00"}, "geometry": {"type": "Point", "coordinates": [-1.957005, 52.412142]}}, {"type": "Feature", "properties": {"id": "store-597", "name": "Sue Ryder", "shop": "charity", "neighbourhood": "Northfield", "opening_hours": "Mo-Su 07:00-22:00"}, "geometry": {"type": "Point", "coordinates": [-1.959172, 52.410995]}}, {"type": "Feature", "properties": {"id": "store-598", "name": "Family Shopper", "shop": "convenience", "neighbourhood": "Northfield", "opening_hours": "Mo-Fr 09:00-18:00"}, "geometry": {"type": "Point", "coordinates": [-1.952342, 52.415898]}}, {"type": "Feature", "properties": {"id": "store-599", "name": "M&S Food", "shop": "supermarket", "neighbourhood": "Northfield", "opening_hours": "Mo-Fr 09:00-18:00"}, "geometry": {"type": "Point", "coordinates": [-1.963356, 52.412465]}}, {"type": "Feature", "properties": {"id": "store-600", "name": "Premier", "shop": "convenience", "neighbourhood": "Northfield", "opening_hours": "Mo-Fr 09:00-18:00"}, "geometry": {"type": "Point", "coordinates": [-1.948946, 52.411946]}}, {"type": "Feature", "properties": {"id": "store-601", "name": "Greggs", "shop": "bakery", "neighbourhood": "Northfield", "opening_hours": "Mo-Su 00:00-24:00"}, "geometry": {"type": "Point", "coordinates": [-1.956838, 52.411247]}}, {"type": "Feature", "properties": {"id": "store-602", "name": "Boots", "shop": "pharmacy", "neighbourhood": "Northfield", "opening_hours": "Mo-Su 00:00-24:00"}, "geometry": {"type": "Point", "coordinates": [-1.954903, 52.401536]}}, {"type": "Feature", "properties": {"id": "store-603", "name": "Breadshop", "shop": "bakery", "neighbourhood": "Northfield", "opening_hours": "Mo-Sa 08:00-21:00"}, "geometry": {"type": "Point", "coordinates": [-1.948587, 52.405673]}}, {"type": "Feature", "properties": {"id": "store-604", "name": "Dreams", "shop": "furniture", "neighbourhood": "Northfield", "opening_hours": "Mo-Su 00:00-24:00"}, "geometry": {"type": "Point", "coordinates": [-1.964685, 52.404504]}}, {"type": "Feature", "properties": {"id": "store-605", "name": "Select", "shop": "clothes", "neighbourhood": "Northfield", "opening_hours": "Mo-Su 00:00-24:00"}, "geometry": {"type": "Point", "coordinates": [-1.953338, 52.402101]}}, {"type": "Feature", "properties": {"id": "store-606", "name": "One Stop", "shop": "convenience", "neighbourhood": "Northfield", "opening_hours": "Mo-Su 07:00-22:00"}, "geometry": {"type": "Point", "coordinates": [-1.950959, 52.407081]}}, {"type": "Feature", "properties": {"id": "store-607", "name": "Morrisons", "shop": "supermarket", "neighbourhood": "Northfield", "opening_hours": "Mo-Su 00:00-24:00"}, "geometry": {"type": "Point", "coordinates": [-1.962937, 52.416304]}}, {"type": "Feature", "properties": {"id": "store-608", "name": "Pound Bakery", "shop": "general", "neighbourhood": "Northfield", "opening_hours": "Mo-Sa 08:00-21:00"}, "geometry": {"type": "Point", "coordinates": [-1.969683, 52.410951]}}, {"type": "Feature", "properties": {"id": "store-609", "name": "The Range", "shop": "furniture", "neighbourhood": "Northfield", "opening_hours": "Mo-Su 07:00-22:00"}, "geometry": {"type": "Point", "coordinates": [-1.961356, 52.407431]}}, {"type": "Feature", "properties": {"id": "store-610", "name": "Beauty Bar", "shop": "beauty", "neighbourhood": "Northfield", "opening_hours": "Mo-Su 00:00-24:00"}, "geometry": {"type": "Point", "coordinates": [-1.969322, 52.410773]}}, {"type": "Feature", "properties": {"id": "store-611", "name": "One Stop", "shop": "convenience", "neighbourhood": "Northfield", "opening_hours": "Mo-Su 00:00-24:00"}, "geometry": {"type": "Point", "coordinates": [-1.960823, 52.418238]}}, {"type": "Feature", "properties": {"id": "store-612", "name": "Poundland", "shop": "general", "neighbourhood": "Northfield", "opening_hours": "Mo-Su 00:00-24:00"}, "geometry": {"type": "Point", "coordinates": [-1.966574, 52.412603]}}, {"type": "Feature", "properties": {"id": "store-613", "name": "Hair & Beauty", "shop": "beauty", "neighbourhood": "Northfield", "opening_hours": "Mo-Fr 09:00-18:00"}, "geometry": {"type": "Point", "coordinates": [-1.958588, 52.4164]}}, {"type": "Feature", "properties": {"id": "store-614", "name": "Aldi", "shop": "supermarket", "neighbourhood": "Handsworth", "opening_hours": "Mo-Sa 08:00-21:00"}, "geometry": {"type": "Point", "coordinates": [-1.922426, 52.505791]}}, {"type": "Feature", "properties": {"id": "store-615", "name": "Select", "shop": "clothes", "neighbourhood": "Handsworth", "opening_hours": "Mo-Sa 08:00-21:00"}, "geometry": {"type": "Point", "coordinates": [-1.923722, 52.51118]}}, {"type": "Feature", "properties": {"id": "store-616", "name": "Londis", "shop": "convenience", "neighbourhood": "Handsworth", "opening_hours": "Mo-Su 07:00-22:00"}, "geometry": {"type": "Point", "coordinates": [-1.933102, 52.506826]}}, {"type": "Feature", "properties": {"id": "store-617", "name": "Pound Bakery", "shop": "general", "neighbourhood": "Handsworth", "opening_hours": "Mo-Su 00:00-24:00"}, "geometry": {"type": "Point", "coordinates": [-1.923444, 52.511835]}}, {"type": "Feature", "properties": {"id": "store-618", "name": "Card Factory", "shop": "general", "neighbourhood": "Handsworth", "opening_hours": "Mo-Su 07:00-22:00"}, "geometry": {"type": "Point", "coordinates": [-1.927219, 52.510338]}}, {"type": "Feature", "properties": {"id": "store-619", "name": "Card Factory", "shop": "general", "neighbourhood": "Handsworth", "opening_hours": "Mo-Fr 09:00-18:00"}, "geometry": {"type": "Point", "coordinates": [-1.917807, 52.502352]}}, {"type": "Feature", "properties": {"id": "store-620", "name": "Bargain Buys", "shop": "general", "neighbourhood": "Handsworth", "opening_hours": "Mo-Sa 08:00-21:00"}, "geometry": {"type": "Point", "coordinates": [-1.929979, 52.502774]}}, {"type": "Feature", "properties": {"id": "store-621", "name": "River Island", "shop": "clothes", "neighbourhood": "Handsworth", "opening_hours": "Mo-Sa 08:00-21:00"}, "geometry": {"type": "Point", "coordinates": [-1.93652, 52.500885]}}, {"type": "Feature", "properties": {"id": "store-622", "name": "Post Office", "shop": "newsagent", "neighbourhood": "Handsworth", "opening_hours": "Mo-Fr 09:00-18:00"}, "geometry": {"type": "Point", "coordinates": [-1.924436, 52.505168]}}, {"type": "Feature", "properties": {"id": "store-623", "name": "Hair & Beauty", "shop": "beauty", "neighbourhood": "Handsworth", "opening_hours": "Mo-Su 00:00-24:00"}, "geometry": {"type": "Point", "coordinates": [-1.935476, 52.50968]}}, {"type": "Feature", "properties": {"id": "store-624", "name": "Family Shopper", "shop": "convenience", "neighbourhood": "Handsworth", "opening_hours": "Mo-Su 07:00-22:00"}, "geometry": {"type": "Point", "coordinates": [-1.93193, 52.512793]}}, {"type": "Feature", "properties": {"id": "store-625", "name": "Martin McColl", "shop": "newsagent", "neighbourhood": "Handsworth", "opening_hours": "Mo-Su 00:00-24:00"}, "geometry": {"type": "Point", "coordinates": [-1.92715, 52.508115]}}, {"type": "Feature", "properties": {"id": "store-626", "name": "British Heart Foundation", "shop": "charity", "neighbourhood": "Handsworth", "opening_hours": "Mo-Su 00:00-24:00"}, "geometry": {"type": "Point", "coordinates": [-1.92567, 52.508669]}}, {"type": "Feature", "properties": {"id": "store-627", "name": "Spar", "shop": "convenience", "neighbourhood": "Handsworth", "opening_hours": "Mo-Su 00:00-24:00"}, "geometry": {"type": "Point", "coordinates": [-1.922492, 52.500619]}}, {"type": "Feature", "properties": {"id": "store-628", "name": "ASDA Superstore", "shop": "supermarket", "neighbourhood": "Handsworth", "opening_hours": "Mo-Fr 09:00-18:00"}, "geometry": {"type": "Point", "coordinates": [-1.92014, 52.504876]}}, {"type": "Feature", "properties": {"id": "store-629", "name": "Salvation Army", "shop": "charity", "neighbourhood": "Handsworth", "opening_hours": "Mo-Fr 09:00-18:00"}, "geometry": {"type": "Point", "coordinates": [-1.939483, 52.504031]}}, {"type": "Feature", "properties": {"id": "store-630", "name": "Age UK", "shop": "charity", "neighbourhood": "Handsworth", "opening_hours": "Mo-Sa 08:00-21:00"}, "geometry": {"type": "Point", "coordinates": [-1.917706, 52.501721]}}, {"type": "Feature", "properties": {"id": "store-631", "name": "Tesco", "shop": "supermarket", "neighbourhood": "Handsworth", "opening_hours": "Mo-Su 00:00-24:00"}, "geometry": {"type": "Point", "coordinates": [-1.921013, 52.49732]}}, {"type": "Feature", "properties": {"id": "store-632", "name": "Matalan", "shop": "clothes", "neighbourhood": "Handsworth", "opening_hours": "Mo-Sa 08:00-21:00"}, "geometry": {"type": "Point", "coordinates": [-1.920222, 52.504796]}}, {"type": "Feature", "properties": {"id": "store-633", "name": "British Heart Foundation", "shop": "charity", "neighbourhood": "Handsworth", "opening_hours": "Mo-Su 00:00-24:00"}, "geometry": {"type": "Point", "coordinates": [-1.935877, 52.504247]}}, {"type": "Feature", "properties": {"id": "store-634", "name": "Boots", "shop": "pharmacy", "neighbourhood": "Handsworth", "opening_hours": "Mo-Fr 09:00-18:00"}, "geometry": {"type": "Point", "coordinates": [-1.931458, 52.499139]}}, {"type": "Feature", "properties": {"id": "store-635", "name": "Cancer Research UK", "shop": "charity", "neighbourhood": "Handsworth", "opening_hours": "Mo-Su 07:00-22:00"}, "geometry": {"type": "Point", "coordinates": [-1.927127, 52.508423]}}, {"type": "Feature", "properties": {"id": "store-636", "name": "Costcutter", "shop": "convenience", "neighbourhood": "Handsworth", "opening_hours": "Mo-Su 00:00-24:00"}, "geometry": {"type": "Point", "coordinates": [-1.921013, 52.508285]}}, {"type": "Feature", "properties": {"id": "store-637", "name": "ASDA Superstore", "shop": "supermarket", "neighbourhood": "Handsworth", "opening_hours": "Mo-Fr 09:00-18:00"}, "geometry": {"type": "Point", "coordinates": [-1.931831, 52.502383]}}, {"type": "Feature", "properties": {"id": "store-638", "name": "Vodafone", "shop": "electronics", "neighbourhood": "Handsworth", "opening_hours": "Mo-Fr 09:00-18:00"}, "geometry": {"type": "Point", "coordinates": [-1.917691, 52.508081]}}, {"type": "Feature", "properties": {"id": "store-639", "name": "Premier", "shop": "convenience", "neighbourhood": "Handsworth", "opening_hours": "Mo-Su 07:00-22:00"}, "geometry": {"type": "Point", "coordinates": [-1.922743, 52.505449]}}, {"type": "Feature", "properties": {"id": "store-640", "name": "Robert Dyas", "shop": "hardware", "neighbourhood": "Handsworth", "opening_hours": "Mo-Fr 09:00-18:00"}, "geometry": {"type": "Point", "coordinates": [-1.924169, 52.50198]}}, {"type": "Feature", "properties": {"id": "store-641", "name": "Greggs", "shop": "bakery", "neighbourhood": "Handsworth", "opening_hours": "Mo-Sa 08:00-21:00"}, "geometry": {"type": "Point", "coordinates": [-1.929674, 52.508662]}}, {"type": "Feature", "properties": {"id": "store-642", "name": "Co-op", "shop": "convenience", "neighbourhood": "Handsworth", "opening_hours": "Mo-Su 00:00-24:00"}, "geometry": {"type": "Point", "coordinates": [-1.918377, 52.501165]}}, {"type": "Feature", "properties": {"id": "store-643", "name": "Oxfam", "shop": "charity", "neighbourhood": "Handsworth", "opening_hours": "Mo-Sa 08:00-21:00"}, "geometry": {"type": "Point", "coordinates": [-1.922192, 52.500704]}}, {"type": "Feature", "properties": {"id": "store-644", "name": "ASDA", "shop": "supermarket", "neighbourhood": "Handsworth", "opening_hours": "Mo-Fr 09:00-18:00"}, "geometry": {"type": "Point", "coordinates": [-1.937091, 52.505103]}}, {"type": "Feature", "properties": {"id": "store-645", "name": "Beauty Bar", "shop": "beauty", "neighbourhood": "Handsworth", "opening_hours": "Mo-Fr 09:00-18:00"}, "geometry": {"type": "Point", "coordinates": [-1.92708, 52.511801]}}, {"type": "Feature", "properties": {"id": "store-646", "name": "Home Bargains", "shop": "general", "neighbourhood": "Handsworth", "opening_hours": "Mo-Fr 09:00-18:00"}, "geometry": {"type": "Point", "coordinates": [-1.927629, 52.512294]}}, {"type": "Feature", "properties": {"id": "store-647", "name": "Oxfam", "shop": "charity", "neighbourhood": "Handsworth", "opening_hours": "Mo-Sa 08:00-21:00"}, "geometry": {"type": "Point", "coordinates": [-1.916135, 52.50329]}}, {"type": "Feature", "properties": {"id": "store-648", "name": "Nisa Local", "shop": "convenience", "neighbourhood": "Handsworth", "opening_hours": "Mo-Sa 08:00-21:00"}, "geometry": {"type": "Point", "coordinates": [-1.916167, 52.510705]}}, {"type": "Feature", "properties": {"id": "store-649", "name": "iSmash", "shop": "electronics", "neighbourhood": "Handsworth", "opening_hours": "Mo-Sa 08:00-21:00"}, "geometry": {"type": "Point", "coordinates": [-1.929907, 52.506149]}}, {"type": "Feature", "properties": {"id": "store-650", "name": "Scope", "shop": "charity", "neighbourhood": "Handsworth", "opening_hours": "Mo-Su 00:00-24:00"}, "geometry": {"type": "Point", "coordinates": [-1.925201, 52.512134]}}, {"type": "Feature", "properties": {"id": "store-651", "name": "ASDA Superstore", "shop": "supermarket", "neighbourhood": "Handsworth", "opening_hours": "Mo-Fr 09:00-18:00"}, "geometry": {"type": "Point", "coordinates": [-1.932522, 52.512296]}}, {"type": "Feature", "properties": {"id": "store-652", "name": "Peak Pharmacy", "shop": "pharmacy", "neighbourhood": "Handsworth", "opening_hours": "Mo-Su 07:00-22:00"}, "geometry": {"type": "Point", "coordinates": [-1.929401, 52.497104]}}, {"type": "Feature", "properties": {"id": "store-653", "name": "Well Pharmacy", "shop": "pharmacy", "neighbourhood": "Handsworth", "opening_hours": "Mo-Su 07:00-22:00"}, "geometry": {"type": "Point", "coordinates": [-1.936376, 52.506619]}}, {"type": "Feature", "properties": {"id": "store-654", "name": "Salon", "shop": "beauty", "neighbourhood": "Handsworth", "opening_hours": "Mo-Su 07:00-22:00"}, "geometry": {"type": "Point", "coordinates": [-1.922082, 52.502021]}}, {"type": "Feature", "properties": {"id": "store-655", "name": "Costcutter", "shop": "convenience", "neighbourhood": "Handsworth", "opening_hours": "Mo-Su 00:00-24:00"}, "geometry": {"type": "Point", "coordinates": [-1.926805, 52.502356]}}, {"type": "Feature", "properties": {"id": "store-656", "name": "The Butcher", "shop": "butcher", "neighbourhood": "Handsworth", "opening_hours": "Mo-Su 07:00-22:00"}, "geometry": {"type": "Point", "coordinates": [-1.93028, 52.508333]}}, {"type": "Feature", "properties": {"id": "store-657", "name": "Patisserie", "shop": "bakery", "neighbourhood": "Handsworth", "opening_hours": "Mo-Fr 09:00-18:00"}, "geometry": {"type": "Point", "coordinates": [-1.916705, 52.507686]}}, {"type": "Feature", "properties": {"id": "store-658", "name": "New Look", "shop": "clothes", "neighbourhood": "Handsworth", "opening_hours": "Mo-Su 07:00-22:00"}, "geometry": {"type": "Point", "coordinates": [-1.921632, 52.513246]}}, {"type": "Feature", "properties": {"id": "store-659", "name": "Oxfam", "shop": "charity", "neighbourhood": "Handsworth", "opening_hours": "Mo-Su 00:00-24:00"}, "geometry": {"type": "Point", "coordinates": [-1.939198, 52.504769]}}, {"type": "Feature", "properties": {"id": "store-660", "name": "McColl's", "shop": "convenience", "neighbourhood": "Handsworth", "opening_hours": "Mo-Su 07:00-22:00"}, "geometry": {"type": "Point", "coordinates": [-1.932428, 52.507038]}}, {"type": "Feature", "properties": {"id": "store-661", "name": "McColl's", "shop": "convenience", "neighbourhood": "Handsworth", "opening_hours": "Mo-Su 00:00-24:00"}, "geometry": {"type": "Point", "coordinates": [-1.926215, 52.509237]}}, {"type": "Feature", "properties": {"id": "store-662", "name": "Greggs", "shop": "bakery", "neighbourhood": "Handsworth", "opening_hours": "Mo-Fr 09:00-18:00"}, "geometry": {"type": "Point", "coordinates": [-1.915516, 52.504292]}}, {"type": "Feature", "properties": {"id": "store-663", "name": "Post Office", "shop": "newsagent", "neighbourhood": "Handsworth", "opening_hours": "Mo-Su 00:00-24:00"}, "geometry": {"type": "Point", "coordinates": [-1.911958, 52.506964]}}, {"type": "Feature", "properties": {"id": "store-664", "name": "Premier", "shop": "convenience", "neighbourhood": "Handsworth", "opening_hours": "Mo-Fr 09:00-18:00"}, "geometry": {"type": "Point", "coordinates": [-1.934584, 52.507791]}}, {"type": "Feature", "properties": {"id": "store-665", "name": "Oxfam", "shop": "charity", "neighbourhood": "Handsworth", "opening_hours": "Mo-Sa 08:00-21:00"}, "geometry": {"type": "Point", "coordinates": [-1.91472, 52.510471]}}, {"type": "Feature", "properties": {"id": "store-666", "name": "Age UK", "shop": "charity", "neighbourhood": "Handsworth", "opening_hours": "Mo-Su 07:00-22:00"}, "geometry": {"type": "Point", "coordinates": [-1.912356, 52.507894]}}, {"type": "Feature", "properties": {"id": "store-667", "name": "Newsagent", "shop": "newsagent", "neighbourhood": "Handsworth", "opening_hours": "Mo-Su 00:00-24:00"}, "geometry": {"type": "Point", "coordinates": [-1.921168, 52.496689]}}, {"type": "Feature", "properties": {"id": "store-668", "name": "Greggs", "shop": "bakery", "neighbourhood": "Handsworth", "opening_hours": "Mo-Su 07:00-22:00"}, "geometry": {"type": "Point", "coordinates": [-1.934417, 52.507853]}}, {"type": "Feature", "properties": {"id": "store-669", "name": "Laptop Direct", "shop": "electronics", "neighbourhood": "Handsworth", "opening_hours": "Mo-Su 00:00-24:00"}, "geometry": {"type": "Point", "coordinates": [-1.914666, 52.505319]}}, {"type": "Feature", "properties": {"id": "store-670", "name": "Spar", "shop": "convenience", "neighbourhood": "Handsworth", "opening_hours": "Mo-Su 00:00-24:00"}, "geometry": {"type": "Point", "coordinates": [-1.913761, 52.500398]}}, {"type": "Feature", "properties": {"id": "store-671", "name": "Age UK", "shop": "charity", "neighbourhood": "Handsworth", "opening_hours": "Mo-Sa 08:00-21:00"}, "geometry": {"type": "Point", "coordinates": [-1.924434, 52.506978]}}, {"type": "Feature", "properties": {"id": "store-672", "name": "Best-one", "shop": "convenience", "neighbourhood": "Handsworth", "opening_hours": "Mo-Su 07:00-22:00"}, "geometry": {"type": "Point", "coordinates": [-1.934738, 52.500543]}}, {"type": "Feature", "properties": {"id": "store-673", "name": "The Butcher", "shop": "butcher", "neighbourhood": "Handsworth", "opening_hours": "Mo-Sa 08:00-21:00"}, "geometry": {"type": "Point", "coordinates": [-1.935941, 52.510844]}}, {"type": "Feature", "properties": {"id": "store-674", "name": "Sainsbury's Local", "shop": "supermarket", "neighbourhood": "Handsworth", "opening_hours": "Mo-Su 00:00-24:00"}, "geometry": {"type": "Point", "coordinates": [-1.934171, 52.500802]}}, {"type": "Feature", "properties": {"id": "store-675", "name": "Best-one", "shop": "convenience", "neighbourhood": "Handsworth", "opening_hours": "Mo-Su 00:00-24:00"}, "geometry": {"type": "Point", "coordinates": [-1.937126, 52.50324]}}, {"type": "Feature", "properties": {"id": "store-676", "name": "Costcutter", "shop": "convenience", "neighbourhood": "Handsworth", "opening_hours": "Mo-Fr 09:00-18:00"}, "geometry": {"type": "Point", "coordinates": [-1.923238, 52.500931]}}, {"type": "Feature", "properties": {"id": "store-677", "name": "Bargain Buys", "shop": "general", "neighbourhood": "Handsworth", "opening_hours": "Mo-Su 00:00-24:00"}, "geometry": {"type": "Point", "coordinates": [-1.925642, 52.504334]}}, {"type": "Feature", "properties": {"id": "store-678", "name": "Sainsbury's Local", "shop": "supermarket", "neighbourhood": "Handsworth", "opening_hours": "Mo-Su 00:00-24:00"}, "geometry": {"type": "Point", "coordinates": [-1.920358, 52.504112]}}, {"type": "Feature", "properties": {"id": "store-679", "name": "Newsagent", "shop": "newsagent", "neighbourhood": "Handsworth", "opening_hours": "Mo-Sa 08:00-21:00"}, "geometry": {"type": "Point", "coordinates": [-1.930782, 52.507968]}}, {"type": "Feature", "properties": {"id": "store-680", "name": "Barnardo's", "shop": "charity", "neighbourhood": "Handsworth", "opening_hours": "Mo-Su 00:00-24:00"}, "geometry": {"type": "Point", "coordinates": [-1.914527, 52.509636]}}, {"type": "Feature", "properties": {"id": "store-681", "name": "Fresh Meat", "shop": "butcher", "neighbourhood": "Handsworth", "opening_hours": "Mo-Su 00:00-24:00"}, "geometry": {"type": "Point", "coordinates": [-1.936399, 52.501775]}}, {"type": "Feature", "properties": {"id": "store-682", "name": "Post Office", "shop": "newsagent", "neighbourhood": "Handsworth", "opening_hours": "Mo-Sa 08:00-21:00"}, "geometry": {"type": "Point", "coordinates": [-1.930198, 52.509778]}}, {"type": "Feature", "properties": {"id": "store-683", "name": "The Butcher", "shop": "butcher", "neighbourhood": "Handsworth", "opening_hours": "Mo-Su 00:00-24:00"}, "geometry": {"type": "Point", "coordinates": [-1.914581, 52.500796]}}, {"type": "Feature", "properties": {"id": "store-684", "name": "Cancer Research UK", "shop": "charity", "neighbourhood": "Handsworth", "opening_hours": "Mo-Su 00:00-24:00"}, "geometry": {"type": "Point", "coordinates": [-1.925625, 52.496725]}}, {"type": "Feature", "properties": {"id": "store-685", "name": "Costcutter", "shop": "convenience", "neighbourhood": "Handsworth", "opening_hours": "Mo-Sa 08:00-21:00"}, "geometry": {"type": "Point", "coordinates": [-1.921953, 52.507635]}}, {"type": "Feature", "properties": {"id": "store-686", "name": "Family Butchers", "shop": "butcher", "neighbourhood": "Handsworth", "opening_hours": "Mo-Su 00:00-24:00"}, "geometry": {"type": "Point", "coordinates": [-1.929595, 52.513074]}}, {"type": "Feature", "properties": {"id": "store-687", "name": "Three", "shop": "electronics", "neighbourhood": "Handsworth", "opening_hours": "Mo-Su 00:00-24:00"}, "geometry": {"type": "Point", "coordinates": [-1.911377, 52.506403]}}, {"type": "Feature", "properties": {"id": "store-688", "name": "Salvation Army", "shop": "charity", "neighbourhood": "Handsworth", "opening_hours": "Mo-Su 07:00-22:00"}, "geometry": {"type": "Point", "coordinates": [-1.916992, 52.504676]}}, {"type": "Feature", "properties": {"id": "store-689", "name": "Pound Bakery", "shop": "general", "neighbourhood": "Handsworth", "opening_hours": "Mo-Fr 09:00-18:00"}, "geometry": {"type": "Point", "coordinates": [-1.933415, 52.509596]}}, {"type": "Feature", "properties": {"id": "store-690", "name": "Barnardo's", "shop": "charity", "neighbourhood": "Handsworth", "opening_hours": "Mo-Su 00:00-24:00"}, "geometry": {"type": "Point", "coordinates": [-1.931703, 52.509896]}}, {"type": "Feature", "properties": {"id": "store-691", "name": "One Stop", "shop": "convenience", "neighbourhood": "Handsworth", "opening_hours": "Mo-Su 00:00-24:00"}, "geometry": {"type": "Point", "coordinates": [-1.917828, 52.497815]}}, {"type": "Feature", "properties": {"id": "store-692", "name": "WHSmith", "shop": "general", "neighbourhood": "Handsworth", "opening_hours": "Mo-Sa 08:00-21:00"}, "geometry": {"type": "Point", "coordinates": [-1.918968, 52.499279]}}, {"type": "Feature", "properties": {"id": "store-693", "name": "Robert Dyas", "shop": "hardware", "neighbourhood": "Handsworth", "opening_hours": "Mo-Su 00:00-24:00"}, "geometry": {"type": "Point", "coordinates": [-1.913553, 52.501913]}}, {"type": "Feature", "properties": {"id": "store-694", "name": "Greggs", "shop": "bakery", "neighbourhood": "Handsworth", "opening_hours": "Mo-Fr 09:00-18:00"}, "geometry": {"type": "Point", "coordinates": [-1.929564, 52.502425]}}, {"type": "Feature", "properties": {"id": "store-695", "name": "Nisa Local", "shop": "convenience", "neighbourhood": "Handsworth", "opening_hours": "Mo-Fr 09:00-18:00"}, "geometry": {"type": "Point", "coordinates": [-1.912228, 52.503842]}}, {"type": "Feature", "properties": {"id": "store-696", "name": "iSmash", "shop": "electronics", "neighbourhood": "Perry Barr", "opening_hours": "Mo-Fr 09:00-18:00"}, "geometry": {"type": "Point", "coordinates": [-1.90471, 52.520542]}}, {"type": "Feature", "properties": {"id": "store-697", "name": "Lidl", "shop": "supermarket", "neighbourhood": "Perry Barr", "opening_hours": "Mo-Sa 08:00-21:00"}, "geometry": {"type": "Point", "coordinates": [-1.896029, 52.514946]}}, {"type": "Feature", "properties": {"id": "store-698", "name": "Age UK", "shop": "charity", "neighbourhood": "Perry Barr", "opening_hours": "Mo-Su 07:00-22:00"}, "geometry": {"type": "Point", "coordinates": [-1.912892, 52.519042]}}, {"type": "Feature", "properties": {"id": "store-699", "name": "Londis", "shop": "convenience", "neighbourhood": "Perry Barr", "opening_hours": "Mo-Su 00:00-24:00"}, "geometry": {"type": "Point", "coordinates": [-1.909451, 52.517149]}}, {"type": "Feature", "properties": {"id": "store-700", "name": "Hair & Beauty", "shop": "beauty", "neighbourhood": "Perry Barr", "opening_hours": "Mo-Su 07:00-22:00"}, "geometry": {"type": "Point", "coordinates": [-1.894022, 52.523462]}}, {"type": "Feature", "properties": {"id": "store-701", "name": "Costcutter", "shop": "convenience", "neighbourhood": "Perry Barr", "opening_hours": "Mo-Su 00:00-24:00"}, "geometry": {"type": "Point", "coordinates": [-1.906507, 52.521981]}}, {"type": "Feature", "properties": {"id": "store-702", "name": "McColl's", "shop": "convenience", "neighbourhood": "Perry Barr", "opening_hours": "Mo-Su 00:00-24:00"}, "geometry": {"type": "Point", "coordinates": [-1.89553, 52.513856]}}, {"type": "Feature", "properties": {"id": "store-703", "name": "Card Factory", "shop": "general", "neighbourhood": "Perry Barr", "opening_hours": "Mo-Su 07:00-22:00"}, "geometry": {"type": "Point", "coordinates": [-1.905411, 52.520002]}}, {"type": "Feature", "properties": {"id": "store-704", "name": "Co-op", "shop": "convenience", "neighbourhood": "Perry Barr", "opening_hours": "Mo-Sa 08:00-21:00"}, "geometry": {"type": "Point", "coordinates": [-1.888741, 52.520935]}}, {"type": "Feature", "properties": {"id": "store-705", "name": "Dreams", "shop": "furniture", "neighbourhood": "Perry Barr", "opening_hours": "Mo-Su 00:00-24:00"}, "geometry": {"type": "Point", "coordinates": [-1.892147, 52.52489]}}, {"type": "Feature", "properties": {"id": "store-706", "name": "Salon", "shop": "beauty", "neighbourhood": "Perry Barr", "opening_hours": "Mo-Su 07:00-22:00"}, "geometry": {"type": "Point", "coordinates": [-1.910425, 52.520852]}}, {"type": "Feature", "properties": {"id": "store-707", "name": "The Butcher", "shop": "butcher", "neighbourhood": "Perry Barr", "opening_hours": "Mo-Fr 09:00-18:00"}, "geometry": {"type": "Point", "coordinates": [-1.901539, 52.519351]}}, {"type": "Feature", "properties": {"id": "store-708", "name": "Lloyds Pharmacy", "shop": "pharmacy", "neighbourhood": "Perry Barr", "opening_hours": "Mo-Sa 08:00-21:00"}, "geometry": {"type": "Point", "coordinates": [-1.893263, 52.515621]}}, {"type": "Feature", "properties": {"id": "store-709", "name": "Bargain Booze", "shop": "convenience", "neighbourhood": "Perry Barr", "opening_hours": "Mo-Su 07:00-22:00"}, "geometry": {"type": "Point", "coordinates": [-1.909958, 52.517827]}}, {"type": "Feature", "properties": {"id": "store-710", "name": "Greggs", "shop": "bakery", "neighbourhood": "Perry Barr", "opening_hours": "Mo-Fr 09:00-18:00"}, "geometry": {"type": "Point", "coordinates": [-1.905903, 52.517798]}}, {"type": "Feature", "properties": {"id": "store-711", "name": "WHSmith", "shop": "newsagent", "neighbourhood": "Perry Barr", "opening_hours": "Mo-Su 00:00-24:00"}, "geometry": {"type": "Point", "coordinates": [-1.903774, 52.521275]}}, {"type": "Feature", "properties": {"id": "store-712", "name": "One Stop", "shop": "convenience", "neighbourhood": "Perry Barr", "opening_hours": "Mo-Su 00:00-24:00"}, "geometry": {"type": "Point", "coordinates": [-1.897148, 52.521993]}}, {"type": "Feature", "properties": {"id": "store-713", "name": "Matalan", "shop": "clothes", "neighbourhood": "Perry Barr", "opening_hours": "Mo-Su 00:00-24:00"}, "geometry": {"type": "Point", "coordinates": [-1.911459, 52.523919]}}, {"type": "Feature", "properties": {"id": "store-714", "name": "WHSmith", "shop": "general", "neighbourhood": "Perry Barr", "opening_hours": "Mo-Su 00:00-24:00"}, "geometry": {"type": "Point", "coordinates": [-1.891658, 52.523205]}}, {"type": "Feature", "properties": {"id": "store-715", "name": "Tesco Extra", "shop": "supermarket", "neighbourhood": "Perry Barr", "opening_hours": "Mo-Fr 09:00-18:00"}, "geometry": {"type": "Point", "coordinates": [-1.898503, 52.520089]}}, {"type": "Feature", "properties": {"id": "store-716", "name": "Rowlands Pharmacy", "shop": "pharmacy", "neighbourhood": "Perry Barr", "opening_hours": "Mo-Su 07:00-22:00"}, "geometry": {"type": "Point", "coordinates": [-1.896777, 52.521441]}}, {"type": "Feature", "properties": {"id": "store-717", "name": "Vodafone", "shop": "electronics", "neighbourhood": "Perry Barr", "opening_hours": "Mo-Su 00:00-24:00"}, "geometry": {"type": "Point", "coordinates": [-1.906024, 52.525378]}}, {"type": "Feature", "properties": {"id": "store-718", "name": "Co-op", "shop": "convenience", "neighbourhood": "Perry Barr", "opening_hours": "Mo-Su 00:00-24:00"}, "geometry": {"type": "Point", "coordinates": [-1.899063, 52.517503]}}, {"type": "Feature", "properties": {"id": "store-719", "name": "Carphone Warehouse", "shop": "electronics", "neighbourhood": "Perry Barr", "opening_hours": "Mo-Su 07:00-22:00"}, "geometry": {"type": "Point", "coordinates": [-1.891563, 52.515741]}}, {"type": "Feature", "properties": {"id": "store-720", "name": "Tesco Express", "shop": "supermarket", "neighbourhood": "Perry Barr", "opening_hours": "Mo-Sa 08:00-21:00"}, "geometry": {"type": "Point", "coordinates": [-1.910114, 52.524545]}}, {"type": "Feature", "properties": {"id": "store-721", "name": "B&M", "shop": "general", "neighbourhood": "Perry Barr", "opening_hours": "Mo-Su 07:00-22:00"}, "geometry": {"type": "Point", "coordinates": [-1.888905, 52.516362]}}, {"type": "Feature", "properties": {"id": "store-722", "name": "ASDA Superstore", "shop": "supermarket", "neighbourhood": "Perry Barr", "opening_hours": "Mo-Fr 09:00-18:00"}, "geometry": {"type": "Point", "coordinates": [-1.894402, 52.516694]}}, {"type": "Feature", "properties": {"id": "store-723", "name": "Barnardo's", "shop": "charity", "neighbourhood": "Perry Barr", "opening_hours": "Mo-Sa 08:00-21:00"}, "geometry": {"type": "Point", "coordinates": [-1.891802, 52.519311]}}, {"type": "Feature", "properties": {"id": "store-724", "name": "Farmfoods", "shop": "supermarket", "neighbourhood": "Perry Barr", "opening_hours": "Mo-Sa 08:00-21:00"}, "geometry": {"type": "Point", "coordinates": [-1.89275, 52.525129]}}, {"type": "Feature", "properties": {"id": "store-725", "name": "Day Lewis", "shop": "pharmacy", "neighbourhood": "Perry Barr", "opening_hours": "Mo-Fr 09:00-18:00"}, "geometry": {"type": "Point", "coordinates": [-1.892285, 52.526154]}}, {"type": "Feature", "properties": {"id": "store-726", "name": "Primark", "shop": "clothes", "neighbourhood": "Perry Barr", "opening_hours": "Mo-Sa 08:00-21:00"}, "geometry": {"type": "Point", "coordinates": [-1.892543, 52.522092]}}, {"type": "Feature", "properties": {"id": "store-727", "name": "Salvation Army", "shop": "charity", "neighbourhood": "Perry Barr", "opening_hours": "Mo-Su 07:00-22:00"}, "geometry": {"type": "Point", "coordinates": [-1.899012, 52.514367]}}, {"type": "Feature", "properties": {"id": "store-728", "name": "Farmfoods", "shop": "supermarket", "neighbourhood": "Perry Barr", "opening_hours": "Mo-Sa 08:00-21:00"}, "geometry": {"type": "Point", "coordinates": [-1.895821, 52.526049]}}, {"type": "Feature", "properties": {"id": "store-729", "name": "Bonmarch\u00e9", "shop": "clothes", "neighbourhood": "Perry Barr", "opening_hours": "Mo-Su 07:00-22:00"}, "geometry": {"type": "Point", "coordinates": [-1.90151, 52.526572]}}, {"type": "Feature", "properties": {"id": "store-730", "name": "Rowlands Pharmacy", "shop": "pharmacy", "neighbourhood": "Perry Barr", "opening_hours": "Mo-Fr 09:00-18:00"}, "geometry": {"type": "Point", "coordinates": [-1.895348, 52.513694]}}, {"type": "Feature", "properties": {"id": "store-731", "name": "Oxfam", "shop": "charity", "neighbourhood": "Perry Barr", "opening_hours": "Mo-Su 07:00-22:00"}, "geometry": {"type": "Point", "coordinates": [-1.89026, 52.524383]}}, {"type": "Feature", "properties": {"id": "store-732", "name": "Salvation Army", "shop": "charity", "neighbourhood": "Perry Barr", "opening_hours": "Mo-Sa 08:00-21:00"}, "geometry": {"type": "Point", "coordinates": [-1.904138, 52.518006]}}, {"type": "Feature", "properties": {"id": "store-733", "name": "Premier", "shop": "convenience", "neighbourhood": "Perry Barr", "opening_hours": "Mo-Su 07:00-22:00"}, "geometry": {"type": "Point", "coordinates": [-1.895765, 52.525068]}}, {"type": "Feature", "properties": {"id": "store-734", "name": "New Look", "shop": "clothes", "neighbourhood": "Perry Barr", "opening_hours": "Mo-Su 07:00-22:00"}, "geometry": {"type": "Point", "coordinates": [-1.90043, 52.51399]}}, {"type": "Feature", "properties": {"id": "store-735", "name": "Laptop Direct", "shop": "electronics", "neighbourhood": "Perry Barr", "opening_hours": "Mo-Fr 09:00-18:00"}, "geometry": {"type": "Point", "coordinates": [-1.896968, 52.512981]}}, {"type": "Feature", "properties": {"id": "store-736", "name": "WHSmith", "shop": "newsagent", "neighbourhood": "Perry Barr", "opening_hours": "Mo-Su 07:00-22:00"}, "geometry": {"type": "Point", "coordinates": [-1.887925, 52.516762]}}, {"type": "Feature", "properties": {"id": "store-737", "name": "Salon", "shop": "beauty", "neighbourhood": "Perry Barr", "opening_hours": "Mo-Su 00:00-24:00"}, "geometry": {"type": "Point", "coordinates": [-1.898562, 52.518739]}}, {"type": "Feature", "properties": {"id": "store-738", "name": "The Butcher", "shop": "butcher", "neighbourhood": "Perry Barr", "opening_hours": "Mo-Su 00:00-24:00"}, "geometry": {"type": "Point", "coordinates": [-1.906364, 52.524688]}}, {"type": "Feature", "properties": {"id": "store-739", "name": "McColl's", "shop": "convenience", "neighbourhood": "Perry Barr", "opening_hours": "Mo-Su 00:00-24:00"}, "geometry": {"type": "Point", "coordinates": [-1.89765, 52.518766]}}, {"type": "Feature", "properties": {"id": "store-740", "name": "Rowlands Pharmacy", "shop": "pharmacy", "neighbourhood": "Perry Barr", "opening_hours": "Mo-Su 00:00-24:00"}, "geometry": {"type": "Point", "coordinates": [-1.903871, 52.514067]}}, {"type": "Feature", "properties": {"id": "store-741", "name": "B&Q", "shop": "hardware", "neighbourhood": "Perry Barr", "opening_hours": "Mo-Su 07:00-22:00"}, "geometry": {"type": "Point", "coordinates": [-1.904397, 52.519418]}}, {"type": "Feature", "properties": {"id": "store-742", "name": "B&M", "shop": "general", "neighbourhood": "Perry Barr", "opening_hours": "Mo-Su 00:00-24:00"}, "geometry": {"type": "Point", "coordinates": [-1.889807, 52.515989]}}, {"type": "Feature", "properties": {"id": "store-743", "name": "Nisa Local", "shop": "convenience", "neighbourhood": "Perry Barr", "opening_hours": "Mo-Fr 09:00-18:00"}, "geometry": {"type": "Point", "coordinates": [-1.902723, 52.519486]}}, {"type": "Feature", "properties": {"id": "store-744", "name": "Best-one", "shop": "convenience", "neighbourhood": "Perry Barr", "opening_hours": "Mo-Sa 08:00-21:00"}, "geometry": {"type": "Point", "coordinates": [-1.893516, 52.524959]}}, {"type": "Feature", "properties": {"id": "store-745", "name": "WHSmith", "shop": "newsagent", "neighbourhood": "Perry Barr", "opening_hours": "Mo-Fr 09:00-18:00"}, "geometry": {"type": "Point", "coordinates": [-1.896859, 52.513092]}}, {"type": "Feature", "properties": {"id": "store-746", "name": "Halal Butchers", "shop": "butcher", "neighbourhood": "Perry Barr", "opening_hours": "Mo-Fr 09:00-18:00"}, "geometry": {"type": "Point", "coordinates": [-1.896946, 52.526179]}}, {"type": "Feature", "properties": {"id": "store-747", "name": "Well Pharmacy", "shop": "pharmacy", "neighbourhood": "Perry Barr", "opening_hours": "Mo-Su 07:00-22:00"}, "geometry": {"type": "Point", "coordinates": [-1.897294, 52.513997]}}, {"type": "Feature", "properties": {"id": "store-748", "name": "WHSmith", "shop": "general", "neighbourhood": "Perry Barr", "opening_hours": "Mo-Sa 08:00-21:00"}, "geometry": {"type": "Point", "coordinates": [-1.900557, 52.518245]}}, {"type": "Feature", "properties": {"id": "store-749", "name": "IKEA", "shop": "furniture", "neighbourhood": "Perry Barr", "opening_hours": "Mo-Fr 09:00-18:00"}, "geometry": {"type": "Point", "coordinates": [-1.905186, 52.518792]}}, {"type": "Feature", "properties": {"id": "store-750", "name": "Matalan", "shop": "clothes", "neighbourhood": "Perry Barr", "opening_hours": "Mo-Fr 09:00-18:00"}, "geometry": {"type": "Point", "coordinates": [-1.908672, 52.516535]}}, {"type": "Feature", "properties": {"id": "store-751", "name": "Toolstation", "shop": "hardware", "neighbourhood": "Perry Barr", "opening_hours": "Mo-Fr 09:00-18:00"}, "geometry": {"type": "Point", "coordinates": [-1.901638, 52.527695]}}, {"type": "Feature", "properties": {"id": "store-752", "name": "EE", "shop": "electronics", "neighbourhood": "Perry Barr", "opening_hours": "Mo-Sa 08:00-21:00"}, "geometry": {"type": "Point", "coordinates": [-1.902977, 52.52778]}}, {"type": "Feature", "properties": {"id": "store-753", "name": "Newsagent", "shop": "newsagent", "neighbourhood": "Perry Barr", "opening_hours": "Mo-Su 00:00-24:00"}, "geometry": {"type": "Point", "coordinates": [-1.894189, 52.51421]}}, {"type": "Feature", "properties": {"id": "store-754", "name": "Greggs", "shop": "bakery", "neighbourhood": "Perry Barr", "opening_hours": "Mo-Sa 08:00-21:00"}, "geometry": {"type": "Point", "coordinates": [-1.91252, 52.518139]}}, {"type": "Feature", "properties": {"id": "store-755", "name": "Next", "shop": "clothes", "neighbourhood": "Perry Barr", "opening_hours": "Mo-Sa 08:00-21:00"}, "geometry": {"type": "Point", "coordinates": [-1.905052, 52.516893]}}, {"type": "Feature", "properties": {"id": "store-756", "name": "H&M", "shop": "clothes", "neighbourhood": "Perry Barr", "opening_hours": "Mo-Su 00:00-24:00"}, "geometry": {"type": "Point", "coordinates": [-1.900272, 52.513246]}}, {"type": "Feature", "properties": {"id": "store-757", "name": "Card Factory", "shop": "general", "neighbourhood": "Perry Barr", "opening_hours": "Mo-Su 00:00-24:00"}, "geometry": {"type": "Point", "coordinates": [-1.90388, 52.514278]}}, {"type": "Feature", "properties": {"id": "store-758", "name": "Tesco Extra", "shop": "supermarket", "neighbourhood": "Perry Barr", "opening_hours": "Mo-Su 07:00-22:00"}, "geometry": {"type": "Point", "coordinates": [-1.906028, 52.523784]}}, {"type": "Feature", "properties": {"id": "store-759", "name": "Sainsbury's Local", "shop": "supermarket", "neighbourhood": "Perry Barr", "opening_hours": "Mo-Sa 08:00-21:00"}, "geometry": {"type": "Point", "coordinates": [-1.897911, 52.518631]}}, {"type": "Feature", "properties": {"id": "store-760", "name": "Co-op", "shop": "convenience", "neighbourhood": "Perry Barr", "opening_hours": "Mo-Su 00:00-24:00"}, "geometry": {"type": "Point", "coordinates": [-1.901138, 52.526667]}}, {"type": "Feature", "properties": {"id": "store-761", "name": "TK Maxx", "shop": "clothes", "neighbourhood": "Perry Barr", "opening_hours": "Mo-Su 07:00-22:00"}, "geometry": {"type": "Point", "coordinates": [-1.890604, 52.5217]}}, {"type": "Feature", "properties": {"id": "store-762", "name": "Hair & Beauty", "shop": "beauty", "neighbourhood": "Perry Barr", "opening_hours": "Mo-Fr 09:00-18:00"}, "geometry": {"type": "Point", "coordinates": [-1.9073, 52.515032]}}, {"type": "Feature", "properties": {"id": "store-763", "name": "SCS", "shop": "furniture", "neighbourhood": "Perry Barr", "opening_hours": "Mo-Su 07:00-22:00"}, "geometry": {"type": "Point", "coordinates": [-1.888235, 52.520559]}}, {"type": "Feature", "properties": {"id": "store-764", "name": "Bargain Buys", "shop": "general", "neighbourhood": "Perry Barr", "opening_hours": "Mo-Su 07:00-22:00"}, "geometry": {"type": "Point", "coordinates": [-1.903697, 52.524519]}}, {"type": "Feature", "properties": {"id": "store-765", "name": "Breadshop", "shop": "bakery", "neighbourhood": "Perry Barr", "opening_hours": "Mo-Fr 09:00-18:00"}, "geometry": {"type": "Point", "coordinates": [-1.899456, 52.524051]}}, {"type": "Feature", "properties": {"id": "store-766", "name": "Newsagent", "shop": "newsagent", "neighbourhood": "Perry Barr", "opening_hours": "Mo-Sa 08:00-21:00"}, "geometry": {"type": "Point", "coordinates": [-1.911149, 52.523729]}}, {"type": "Feature", "properties": {"id": "store-767", "name": "Nisa Local", "shop": "convenience", "neighbourhood": "Perry Barr", "opening_hours": "Mo-Su 07:00-22:00"}, "geometry": {"type": "Point", "coordinates": [-1.912909, 52.521302]}}, {"type": "Feature", "properties": {"id": "store-768", "name": "Well Pharmacy", "shop": "pharmacy", "neighbourhood": "Perry Barr", "opening_hours": "Mo-Su 07:00-22:00"}, "geometry": {"type": "Point", "coordinates": [-1.894875, 52.521304]}}, {"type": "Feature", "properties": {"id": "store-769", "name": "Nail Studio", "shop": "beauty", "neighbourhood": "Erdington", "opening_hours": "Mo-Su 07:00-22:00"}, "geometry": {"type": "Point", "coordinates": [-1.847046, 52.53165]}}, {"type": "Feature", "properties": {"id": "store-770", "name": "Nisa Local", "shop": "convenience", "neighbourhood": "Erdington", "opening_hours": "Mo-Su 00:00-24:00"}, "geometry": {"type": "Point", "coordinates": [-1.832996, 52.530952]}}, {"type": "Feature", "properties": {"id": "store-771", "name": "Breadshop", "shop": "bakery", "neighbourhood": "Erdington", "opening_hours": "Mo-Su 00:00-24:00"}, "geometry": {"type": "Point", "coordinates": [-1.853194, 52.527849]}}, {"type": "Feature", "properties": {"id": "store-772", "name": "Peacocks", "shop": "clothes", "neighbourhood": "Erdington", "opening_hours": "Mo-Sa 08:00-21:00"}, "geometry": {"type": "Point", "coordinates": [-1.844268, 52.527514]}}, {"type": "Feature", "properties": {"id": "store-773", "name": "B&Q", "shop": "hardware", "neighbourhood": "Erdington", "opening_hours": "Mo-Fr 09:00-18:00"}, "geometry": {"type": "Point", "coordinates": [-1.848138, 52.541891]}}, {"type": "Feature", "properties": {"id": "store-774", "name": "New Look", "shop": "clothes", "neighbourhood": "Erdington", "opening_hours": "Mo-Su 00:00-24:00"}, "geometry": {"type": "Point", "coordinates": [-1.847767, 52.528935]}}, {"type": "Feature", "properties": {"id": "store-775", "name": "WHSmith", "shop": "general", "neighbourhood": "Erdington", "opening_hours": "Mo-Su 07:00-22:00"}, "geometry": {"type": "Point", "coordinates": [-1.837293, 52.532382]}}, {"type": "Feature", "properties": {"id": "store-776", "name": "Bargain Booze", "shop": "convenience", "neighbourhood": "Erdington", "opening_hours": "Mo-Sa 08:00-21:00"}, "geometry": {"type": "Point", "coordinates": [-1.838675, 52.539379]}}, {"type": "Feature", "properties": {"id": "store-777", "name": "H&M", "shop": "clothes", "neighbourhood": "Erdington", "opening_hours": "Mo-Fr 09:00-18:00"}, "geometry": {"type": "Point", "coordinates": [-1.848438, 52.542916]}}, {"type": "Feature", "properties": {"id": "store-778", "name": "Lidl", "shop": "supermarket", "neighbourhood": "Erdington", "opening_hours": "Mo-Su 00:00-24:00"}, "geometry": {"type": "Point", "coordinates": [-1.83115, 52.534651]}}, {"type": "Feature", "properties": {"id": "store-779", "name": "Superdrug", "shop": "pharmacy", "neighbourhood": "Erdington", "opening_hours": "Mo-Sa 08:00-21:00"}, "geometry": {"type": "Point", "coordinates": [-1.846043, 52.52796]}}, {"type": "Feature", "properties": {"id": "store-780", "name": "Iceland", "shop": "supermarket", "neighbourhood": "Erdington", "opening_hours": "Mo-Su 07:00-22:00"}, "geometry": {"type": "Point", "coordinates": [-1.840774, 52.533784]}}, {"type": "Feature", "properties": {"id": "store-781", "name": "Greggs", "shop": "bakery", "neighbourhood": "Erdington", "opening_hours": "Mo-Fr 09:00-18:00"}, "geometry": {"type": "Point", "coordinates": [-1.850353, 52.531822]}}, {"type": "Feature", "properties": {"id": "store-782", "name": "Barnardo's", "shop": "charity", "neighbourhood": "Erdington", "opening_hours": "Mo-Su 07:00-22:00"}, "geometry": {"type": "Point", "coordinates": [-1.851342, 52.537303]}}, {"type": "Feature", "properties": {"id": "store-783", "name": "Three", "shop": "electronics", "neighbourhood": "Erdington", "opening_hours": "Mo-Su 07:00-22:00"}, "geometry": {"type": "Point", "coordinates": [-1.851387, 52.534924]}}, {"type": "Feature", "properties": {"id": "store-784", "name": "Oak Furnitureland", "shop": "furniture", "neighbourhood": "Erdington", "opening_hours": "Mo-Su 07:00-22:00"}, "geometry": {"type": "Point", "coordinates": [-1.843017, 52.536968]}}, {"type": "Feature", "properties": {"id": "store-785", "name": "Best-one", "shop": "convenience", "neighbourhood": "Erdington", "opening_hours": "Mo-Fr 09:00-18:00"}, "geometry": {"type": "Point", "coordinates": [-1.848527, 52.530787]}}, {"type": "Feature", "properties": {"id": "store-786", "name": "M&S Food", "shop": "supermarket", "neighbourhood": "Erdington", "opening_hours": "Mo-Su 07:00-22:00"}, "geometry": {"type": "Point", "coordinates": [-1.852825, 52.530542]}}, {"type": "Feature", "properties": {"id": "store-787", "name": "Breadshop", "shop": "bakery", "neighbourhood": "Erdington", "opening_hours": "Mo-Su 07:00-22:00"}, "geometry": {"type": "Point", "coordinates": [-1.847833, 52.527253]}}, {"type": "Feature", "properties": {"id": "store-788", "name": "Pound Bakery", "shop": "general", "neighbourhood": "Erdington", "opening_hours": "Mo-Su 00:00-24:00"}, "geometry": {"type": "Point", "coordinates": [-1.849182, 52.534189]}}, {"type": "Feature", "properties": {"id": "store-789", "name": "Iceland", "shop": "supermarket", "neighbourhood": "Erdington", "opening_hours": "Mo-Fr 09:00-18:00"}, "geometry": {"type": "Point", "coordinates": [-1.853704, 52.53625]}}, {"type": "Feature", "properties": {"id": "store-790", "name": "Tesco Express", "shop": "supermarket", "neighbourhood": "Erdington", "opening_hours": "Mo-Sa 08:00-21:00"}, "geometry": {"type": "Point", "coordinates": [-1.834984, 52.528396]}}, {"type": "Feature", "properties": {"id": "store-791", "name": "Oak Furnitureland", "shop": "furniture", "neighbourhood": "Erdington", "opening_hours": "Mo-Su 00:00-24:00"}, "geometry": {"type": "Point", "coordinates": [-1.8373, 52.539057]}}, {"type": "Feature", "properties": {"id": "store-792", "name": "Fresh Meat", "shop": "butcher", "neighbourhood": "Erdington", "opening_hours": "Mo-Su 07:00-22:00"}, "geometry": {"type": "Point", "coordinates": [-1.846533, 52.538644]}}, {"type": "Feature", "properties": {"id": "store-793", "name": "Co-op", "shop": "convenience", "neighbourhood": "Erdington", "opening_hours": "Mo-Fr 09:00-18:00"}, "geometry": {"type": "Point", "coordinates": [-1.849005, 52.52803]}}, {"type": "Feature", "properties": {"id": "store-794", "name": "Londis", "shop": "convenience", "neighbourhood": "Erdington", "opening_hours": "Mo-Sa 08:00-21:00"}, "geometry": {"type": "Point", "coordinates": [-1.848667, 52.525618]}}, {"type": "Feature", "properties": {"id": "store-795", "name": "Lloyds Pharmacy", "shop": "pharmacy", "neighbourhood": "Erdington", "opening_hours": "Mo-Sa 08:00-21:00"}, "geometry": {"type": "Point", "coordinates": [-1.838169, 52.528205]}}, {"type": "Feature", "properties": {"id": "store-796", "name": "Nisa Local", "shop": "convenience", "neighbourhood": "Erdington", "opening_hours": "Mo-Su 07:00-22:00"}, "geometry": {"type": "Point", "coordinates": [-1.830365, 52.536653]}}, {"type": "Feature", "properties": {"id": "store-797", "name": "WHSmith", "shop": "general", "neighbourhood": "Erdington", "opening_hours": "Mo-Su 07:00-22:00"}, "geometry": {"type": "Point", "coordinates": [-1.857646, 52.540692]}}, {"type": "Feature", "properties": {"id": "store-798", "name": "Waitrose", "shop": "supermarket", "neighbourhood": "Erdington", "opening_hours": "Mo-Fr 09:00-18:00"}, "geometry": {"type": "Point", "coordinates": [-1.840909, 52.53435]}}, {"type": "Feature", "properties": {"id": "store-799", "name": "Family Butchers", "shop": "butcher", "neighbourhood": "Erdington", "opening_hours": "Mo-Su 07:00-22:00"}, "geometry": {"type": "Point", "coordinates": [-1.847919, 52.54065]}}, {"type": "Feature", "properties": {"id": "store-800", "name": "McColl's", "shop": "convenience", "neighbourhood": "Erdington", "opening_hours": "Mo-Fr 09:00-18:00"}, "geometry": {"type": "Point", "coordinates": [-1.8408, 52.534427]}}, {"type": "Feature", "properties": {"id": "store-801", "name": "Martin McColl", "shop": "newsagent", "neighbourhood": "Erdington", "opening_hours": "Mo-Su 00:00-24:00"}, "geometry": {"type": "Point", "coordinates": [-1.833341, 52.531197]}}, {"type": "Feature", "properties": {"id": "store-802", "name": "Londis", "shop": "convenience", "neighbourhood": "Erdington", "opening_hours": "Mo-Sa 08:00-21:00"}, "geometry": {"type": "Point", "coordinates": [-1.859915, 52.538441]}}, {"type": "Feature", "properties": {"id": "store-803", "name": "Greggs", "shop": "bakery", "neighbourhood": "Erdington", "opening_hours": "Mo-Su 00:00-24:00"}, "geometry": {"type": "Point", "coordinates": [-1.858405, 52.536858]}}, {"type": "Feature", "properties": {"id": "store-804", "name": "Salvation Army", "shop": "charity", "neighbourhood": "Erdington", "opening_hours": "Mo-Fr 09:00-18:00"}, "geometry": {"type": "Point", "coordinates": [-1.834578, 52.540638]}}, {"type": "Feature", "properties": {"id": "store-805", "name": "Hair & Beauty", "shop": "beauty", "neighbourhood": "Erdington", "opening_hours": "Mo-Su 07:00-22:00"}, "geometry": {"type": "Point", "coordinates": [-1.838017, 52.531542]}}, {"type": "Feature", "properties": {"id": "store-806", "name": "Costcutter", "shop": "convenience", "neighbourhood": "Erdington", "opening_hours": "Mo-Sa 08:00-21:00"}, "geometry": {"type": "Point", "coordinates": [-1.857655, 52.540008]}}, {"type": "Feature", "properties": {"id": "store-807", "name": "Tesco Extra", "shop": "supermarket", "neighbourhood": "Erdington", "opening_hours": "Mo-Su 07:00-22:00"}, "geometry": {"type": "Point", "coordinates": [-1.829715, 52.534225]}}, {"type": "Feature", "properties": {"id": "store-808", "name": "Oak Furnitureland", "shop": "furniture", "neighbourhood": "Erdington", "opening_hours": "Mo-Fr 09:00-18:00"}, "geometry": {"type": "Point", "coordinates": [-1.855495, 52.539613]}}, {"type": "Feature", "properties": {"id": "store-809", "name": "Sainsbury's Local", "shop": "supermarket", "neighbourhood": "Erdington", "opening_hours": "Mo-Fr 09:00-18:00"}, "geometry": {"type": "Point", "coordinates": [-1.85246, 52.53555]}}, {"type": "Feature", "properties": {"id": "store-810", "name": "Select", "shop": "clothes", "neighbourhood": "Erdington", "opening_hours": "Mo-Su 00:00-24:00"}, "geometry": {"type": "Point", "coordinates": [-1.850171, 52.532831]}}, {"type": "Feature", "properties": {"id": "store-811", "name": "ASDA", "shop": "supermarket", "neighbourhood": "Erdington", "opening_hours": "Mo-Su 07:00-22:00"}, "geometry": {"type": "Point", "coordinates": [-1.836403, 52.539676]}}, {"type": "Feature", "properties": {"id": "store-812", "name": "Oak Furnitureland", "shop": "furniture", "neighbourhood": "Erdington", "opening_hours": "Mo-Sa 08:00-21:00"}, "geometry": {"type": "Point", "coordinates": [-1.8578, 52.530241]}}, {"type": "Feature", "properties": {"id": "store-813", "name": "Family Shopper", "shop": "convenience", "neighbourhood": "Erdington", "opening_hours": "Mo-Sa 08:00-21:00"}, "geometry": {"type": "Point", "coordinates": [-1.851098, 52.535168]}}, {"type": "Feature", "properties": {"id": "store-814", "name": "New Look", "shop": "clothes", "neighbourhood": "Erdington", "opening_hours": "Mo-Fr 09:00-18:00"}, "geometry": {"type": "Point", "coordinates": [-1.856284, 52.534391]}}, {"type": "Feature", "properties": {"id": "store-815", "name": "Bargain Booze", "shop": "convenience", "neighbourhood": "Erdington", "opening_hours": "Mo-Sa 08:00-21:00"}, "geometry": {"type": "Point", "coordinates": [-1.836678, 52.535583]}}, {"type": "Feature", "properties": {"id": "store-816", "name": "TK Maxx", "shop": "clothes", "neighbourhood": "Erdington", "opening_hours": "Mo-Su 07:00-22:00"}, "geometry": {"type": "Point", "coordinates": [-1.846625, 52.526239]}}, {"type": "Feature", "properties": {"id": "store-817", "name": "Lidl", "shop": "supermarket", "neighbourhood": "Erdington", "opening_hours": "Mo-Su 00:00-24:00"}, "geometry": {"type": "Point", "coordinates": [-1.841745, 52.542731]}}, {"type": "Feature", "properties": {"id": "store-818", "name": "Hair & Beauty", "shop": "beauty", "neighbourhood": "Erdington", "opening_hours": "Mo-Fr 09:00-18:00"}, "geometry": {"type": "Point", "coordinates": [-1.852199, 52.537585]}}, {"type": "Feature", "properties": {"id": "store-819", "name": "Halal Butchers", "shop": "butcher", "neighbourhood": "Erdington", "opening_hours": "Mo-Su 00:00-24:00"}, "geometry": {"type": "Point", "coordinates": [-1.853098, 52.531592]}}, {"type": "Feature", "properties": {"id": "store-820", "name": "Superdrug", "shop": "pharmacy", "neighbourhood": "Erdington", "opening_hours": "Mo-Su 00:00-24:00"}, "geometry": {"type": "Point", "coordinates": [-1.834119, 52.52827]}}, {"type": "Feature", "properties": {"id": "store-821", "name": "Bakers", "shop": "bakery", "neighbourhood": "Erdington", "opening_hours": "Mo-Sa 08:00-21:00"}, "geometry": {"type": "Point", "coordinates": [-1.844067, 52.528143]}}, {"type": "Feature", "properties": {"id": "store-822", "name": "Superdrug", "shop": "pharmacy", "neighbourhood": "Erdington", "opening_hours": "Mo-Sa 08:00-21:00"}, "geometry": {"type": "Point", "coordinates": [-1.842119, 52.530582]}}, {"type": "Feature", "properties": {"id": "store-823", "name": "Breadshop", "shop": "bakery", "neighbourhood": "Erdington", "opening_hours": "Mo-Su 07:00-22:00"}, "geometry": {"type": "Point", "coordinates": [-1.839766, 52.537306]}}, {"type": "Feature", "properties": {"id": "store-824", "name": "H&M", "shop": "clothes", "neighbourhood": "Erdington", "opening_hours": "Mo-Fr 09:00-18:00"}, "geometry": {"type": "Point", "coordinates": [-1.853896, 52.531619]}}, {"type": "Feature", "properties": {"id": "store-825", "name": "Beauty Bar", "shop": "beauty", "neighbourhood": "Erdington", "opening_hours": "Mo-Su 07:00-22:00"}, "geometry": {"type": "Point", "coordinates": [-1.855054, 52.531895]}}, {"type": "Feature", "properties": {"id": "store-826", "name": "Hair & Beauty", "shop": "beauty", "neighbourhood": "Erdington", "opening_hours": "Mo-Su 07:00-22:00"}, "geometry": {"type": "Point", "coordinates": [-1.839178, 52.535141]}}, {"type": "Feature", "properties": {"id": "store-827", "name": "Nisa Local", "shop": "convenience", "neighbourhood": "Erdington", "opening_hours": "Mo-Fr 09:00-18:00"}, "geometry": {"type": "Point", "coordinates": [-1.848956, 52.537938]}}, {"type": "Feature", "properties": {"id": "store-828", "name": "Waitrose", "shop": "supermarket", "neighbourhood": "Erdington", "opening_hours": "Mo-Su 00:00-24:00"}, "geometry": {"type": "Point", "coordinates": [-1.852149, 52.528964]}}, {"type": "Feature", "properties": {"id": "store-829", "name": "Greggs", "shop": "bakery", "neighbourhood": "Erdington", "opening_hours": "Mo-Fr 09:00-18:00"}, "geometry": {"type": "Point", "coordinates": [-1.847467, 52.539361]}}, {"type": "Feature", "properties": {"id": "store-830", "name": "Breadshop", "shop": "bakery", "neighbourhood": "Erdington", "opening_hours": "Mo-Sa 08:00-21:00"}, "geometry": {"type": "Point", "coordinates": [-1.831965, 52.539322]}}, {"type": "Feature", "properties": {"id": "store-831", "name": "Bargain Booze", "shop": "convenience", "neighbourhood": "Erdington", "opening_hours": "Mo-Su 00:00-24:00"}, "geometry": {"type": "Point", "coordinates": [-1.85314, 52.529936]}}, {"type": "Feature", "properties": {"id": "store-832", "name": "ASDA Superstore", "shop": "supermarket", "neighbourhood": "Erdington", "opening_hours": "Mo-Fr 09:00-18:00"}, "geometry": {"type": "Point", "coordinates": [-1.850898, 52.541761]}}, {"type": "Feature", "properties": {"id": "store-833", "name": "Day Lewis", "shop": "pharmacy", "neighbourhood": "Erdington", "opening_hours": "Mo-Fr 09:00-18:00"}, "geometry": {"type": "Point", "coordinates": [-1.843452, 52.53586]}}, {"type": "Feature", "properties": {"id": "store-834", "name": "Family Shopper", "shop": "convenience", "neighbourhood": "Erdington", "opening_hours": "Mo-Su 07:00-22:00"}, "geometry": {"type": "Point", "coordinates": [-1.85624, 52.538566]}}, {"type": "Feature", "properties": {"id": "store-835", "name": "M&S Food", "shop": "supermarket", "neighbourhood": "Sutton Coldfield", "opening_hours": "Mo-Sa 08:00-21:00"}, "geometry": {"type": "Point", "coordinates": [-1.826783, 52.550506]}}, {"type": "Feature", "properties": {"id": "store-836", "name": "Iceland", "shop": "supermarket", "neighbourhood": "Sutton Coldfield", "opening_hours": "Mo-Fr 09:00-18:00"}, "geometry": {"type": "Point", "coordinates": [-1.83243, 52.570101]}}, {"type": "Feature", "properties": {"id": "store-837", "name": "Lidl", "shop": "supermarket", "neighbourhood": "Sutton Coldfield", "opening_hours": "Mo-Fr 09:00-18:00"}, "geometry": {"type": "Point", "coordinates": [-1.824868, 52.553855]}}, {"type": "Feature", "properties": {"id": "store-838", "name": "Robert Dyas", "shop": "hardware", "neighbourhood": "Sutton Coldfield", "opening_hours": "Mo-Su 00:00-24:00"}, "geometry": {"type": "Point", "coordinates": [-1.803254, 52.563556]}}, {"type": "Feature", "properties": {"id": "store-839", "name": "Wilko", "shop": "hardware", "neighbourhood": "Sutton Coldfield", "opening_hours": "Mo-Su 07:00-22:00"}, "geometry": {"type": "Point", "coordinates": [-1.833159, 52.552139]}}, {"type": "Feature", "properties": {"id": "store-840", "name": "Screwfix", "shop": "hardware", "neighbourhood": "Sutton Coldfield", "opening_hours": "Mo-Su 00:00-24:00"}, "geometry": {"type": "Point", "coordinates": [-1.817939, 52.555916]}}, {"type": "Feature", "properties": {"id": "store-841", "name": "Co-op", "shop": "convenience", "neighbourhood": "Sutton Coldfield", "opening_hours": "Mo-Su 07:00-22:00"}, "geometry": {"type": "Point", "coordinates": [-1.832492, 52.553876]}}, {"type": "Feature", "properties": {"id": "store-842", "name": "M&S Food", "shop": "supermarket", "neighbourhood": "Sutton Coldfield", "opening_hours": "Mo-Sa 08:00-21:00"}, "geometry": {"type": "Point", "coordinates": [-1.826591, 52.557907]}}, {"type": "Feature", "properties": {"id": "store-843", "name": "Next", "shop": "clothes", "neighbourhood": "Sutton Coldfield", "opening_hours": "Mo-Fr 09:00-18:00"}, "geometry": {"type": "Point", "coordinates": [-1.834551, 52.559105]}}, {"type": "Feature", "properties": {"id": "store-844", "name": "Barnardo's", "shop": "charity", "neighbourhood": "Sutton Coldfield", "opening_hours": "Mo-Su 00:00-24:00"}, "geometry": {"type": "Point", "coordinates": [-1.832122, 52.558054]}}, {"type": "Feature", "properties": {"id": "store-845", "name": "New Look", "shop": "clothes", "neighbourhood": "Sutton Coldfield", "opening_hours": "Mo-Fr 09:00-18:00"}, "geometry": {"type": "Point", "coordinates": [-1.837312, 52.551733]}}, {"type": "Feature", "properties": {"id": "store-846", "name": "Costcutter", "shop": "convenience", "neighbourhood": "Sutton Coldfield", "opening_hours": "Mo-Fr 09:00-18:00"}, "geometry": {"type": "Point", "coordinates": [-1.828338, 52.552445]}}, {"type": "Feature", "properties": {"id": "store-847", "name": "Matalan", "shop": "clothes", "neighbourhood": "Sutton Coldfield", "opening_hours": "Mo-Sa 08:00-21:00"}, "geometry": {"type": "Point", "coordinates": [-1.810693, 52.561822]}}, {"type": "Feature", "properties": {"id": "store-848", "name": "Corner Shop", "shop": "newsagent", "neighbourhood": "Sutton Coldfield", "opening_hours": "Mo-Sa 08:00-21:00"}, "geometry": {"type": "Point", "coordinates": [-1.837262, 52.568725]}}, {"type": "Feature", "properties": {"id": "store-849", "name": "Wilko", "shop": "hardware", "neighbourhood": "Sutton Coldfield", "opening_hours": "Mo-Su 07:00-22:00"}, "geometry": {"type": "Point", "coordinates": [-1.813662, 52.569785]}}, {"type": "Feature", "properties": {"id": "store-850", "name": "Tesco Extra", "shop": "supermarket", "neighbourhood": "Sutton Coldfield", "opening_hours": "Mo-Sa 08:00-21:00"}, "geometry": {"type": "Point", "coordinates": [-1.804512, 52.569059]}}, {"type": "Feature", "properties": {"id": "store-851", "name": "Sainsbury's Local", "shop": "supermarket", "neighbourhood": "Sutton Coldfield", "opening_hours": "Mo-Sa 08:00-21:00"}, "geometry": {"type": "Point", "coordinates": [-1.81995, 52.551696]}}, {"type": "Feature", "properties": {"id": "store-852", "name": "Corner Shop", "shop": "newsagent", "neighbourhood": "Sutton Coldfield", "opening_hours": "Mo-Su 00:00-24:00"}, "geometry": {"type": "Point", "coordinates": [-1.810416, 52.554741]}}, {"type": "Feature", "properties": {"id": "store-853", "name": "Poundworld", "shop": "general", "neighbourhood": "Sutton Coldfield", "opening_hours": "Mo-Fr 09:00-18:00"}, "geometry": {"type": "Point", "coordinates": [-1.839685, 52.559505]}}, {"type": "Feature", "properties": {"id": "store-854", "name": "Fresh Meat", "shop": "butcher", "neighbourhood": "Sutton Coldfield", "opening_hours": "Mo-Sa 08:00-21:00"}, "geometry": {"type": "Point", "coordinates": [-1.819265, 52.556372]}}, {"type": "Feature", "properties": {"id": "store-855", "name": "Lloyds Pharmacy", "shop": "pharmacy", "neighbourhood": "Sutton Coldfield", "opening_hours": "Mo-Sa 08:00-21:00"}, "geometry": {"type": "Point", "coordinates": [-1.819392, 52.572231]}}, {"type": "Feature", "properties": {"id": "store-856", "name": "Family Butchers", "shop": "butcher", "neighbourhood": "Sutton Coldfield", "opening_hours": "Mo-Su 07:00-22:00"}, "geometry": {"type": "Point", "coordinates": [-1.834842, 52.558276]}}, {"type": "Feature", "properties": {"id": "store-857", "name": "Matalan", "shop": "clothes", "neighbourhood": "Sutton Coldfield", "opening_hours": "Mo-Fr 09:00-18:00"}, "geometry": {"type": "Point", "coordinates": [-1.823393, 52.57393]}}, {"type": "Feature", "properties": {"id": "store-858", "name": "WHSmith", "shop": "newsagent", "neighbourhood": "Sutton Coldfield", "opening_hours": "Mo-Su 07:00-22:00"}, "geometry": {"type": "Point", "coordinates": [-1.831236, 52.553664]}}, {"type": "Feature", "properties": {"id": "store-859", "name": "The Beauty Room", "shop": "beauty", "neighbourhood": "Sutton Coldfield", "opening_hours": "Mo-Su 00:00-24:00"}, "geometry": {"type": "Point", "coordinates": [-1.828808, 52.551039]}}, {"type": "Feature", "properties": {"id": "store-860", "name": "One Stop", "shop": "convenience", "neighbourhood": "Sutton Coldfield", "opening_hours": "Mo-Fr 09:00-18:00"}, "geometry": {"type": "Point", "coordinates": [-1.806574, 52.554984]}}, {"type": "Feature", "properties": {"id": "store-861", "name": "Best-one", "shop": "convenience", "neighbourhood": "Sutton Coldfield", "opening_hours": "Mo-Su 07:00-22:00"}, "geometry": {"type": "Point", "coordinates": [-1.830204, 52.571263]}}, {"type": "Feature", "properties": {"id": "store-862", "name": "H&M", "shop": "clothes", "neighbourhood": "Sutton Coldfield", "opening_hours": "Mo-Su 00:00-24:00"}, "geometry": {"type": "Point", "coordinates": [-1.828678, 52.553057]}}, {"type": "Feature", "properties": {"id": "store-863", "name": "Beauty Bar", "shop": "beauty", "neighbourhood": "Sutton Coldfield", "opening_hours": "Mo-Fr 09:00-18:00"}, "geometry": {"type": "Point", "coordinates": [-1.837075, 52.570677]}}, {"type": "Feature", "properties": {"id": "store-864", "name": "Robert Dyas", "shop": "hardware", "neighbourhood": "Sutton Coldfield", "opening_hours": "Mo-Fr 09:00-18:00"}, "geometry": {"type": "Point", "coordinates": [-1.83054, 52.551064]}}, {"type": "Feature", "properties": {"id": "store-865", "name": "Superdrug", "shop": "pharmacy", "neighbourhood": "Sutton Coldfield", "opening_hours": "Mo-Su 07:00-22:00"}, "geometry": {"type": "Point", "coordinates": [-1.835493, 52.571987]}}, {"type": "Feature", "properties": {"id": "store-866", "name": "One Stop", "shop": "convenience", "neighbourhood": "Sutton Coldfield", "opening_hours": "Mo-Su 00:00-24:00"}, "geometry": {"type": "Point", "coordinates": [-1.80973, 52.553115]}}, {"type": "Feature", "properties": {"id": "store-867", "name": "Rowlands Pharmacy", "shop": "pharmacy", "neighbourhood": "Sutton Coldfield", "opening_hours": "Mo-Su 00:00-24:00"}, "geometry": {"type": "Point", "coordinates": [-1.816093, 52.555155]}}, {"type": "Feature", "properties": {"id": "store-868", "name": "Fresh Meat", "shop": "butcher", "neighbourhood": "Sutton Coldfield", "opening_hours": "Mo-Su 07:00-22:00"}, "geometry": {"type": "Point", "coordinates": [-1.816221, 52.562045]}}, {"type": "Feature", "properties": {"id": "store-869", "name": "One Stop", "shop": "convenience", "neighbourhood": "Sutton Coldfield", "opening_hours": "Mo-Su 00:00-24:00"}, "geometry": {"type": "Point", "coordinates": [-1.826156, 52.556623]}}, {"type": "Feature", "properties": {"id": "store-870", "name": "Home Bargains", "shop": "general", "neighbourhood": "Sutton Coldfield", "opening_hours": "Mo-Fr 09:00-18:00"}, "geometry": {"type": "Point", "coordinates": [-1.805485, 52.566785]}}, {"type": "Feature", "properties": {"id": "store-871", "name": "Premier", "shop": "convenience", "neighbourhood": "Sutton Coldfield", "opening_hours": "Mo-Sa 08:00-21:00"}, "geometry": {"type": "Point", "coordinates": [-1.833738, 52.56147]}}, {"type": "Feature", "properties": {"id": "store-872", "name": "Sue Ryder", "shop": "charity", "neighbourhood": "Sutton Coldfield", "opening_hours": "Mo-Sa 08:00-21:00"}, "geometry": {"type": "Point", "coordinates": [-1.802861, 52.563609]}}, {"type": "Feature", "properties": {"id": "store-873", "name": "M&S Food", "shop": "supermarket", "neighbourhood": "Sutton Coldfield", "opening_hours": "Mo-Fr 09:00-18:00"}, "geometry": {"type": "Point", "coordinates": [-1.83057, 52.562846]}}, {"type": "Feature", "properties": {"id": "store-874", "name": "Salon", "shop": "beauty", "neighbourhood": "Sutton Coldfield", "opening_hours": "Mo-Fr 09:00-18:00"}, "geometry": {"type": "Point", "coordinates": [-1.835744, 52.553081]}}, {"type": "Feature", "properties": {"id": "store-875", "name": "Scope", "shop": "charity", "neighbourhood": "Sutton Coldfield", "opening_hours": "Mo-Fr 09:00-18:00"}, "geometry": {"type": "Point", "coordinates": [-1.813964, 52.556763]}}, {"type": "Feature", "properties": {"id": "store-876", "name": "Well Pharmacy", "shop": "pharmacy", "neighbourhood": "Sutton Coldfield", "opening_hours": "Mo-Sa 08:00-21:00"}, "geometry": {"type": "Point", "coordinates": [-1.805269, 52.566836]}}, {"type": "Feature", "properties": {"id": "store-877", "name": "Well Pharmacy", "shop": "pharmacy", "neighbourhood": "Sutton Coldfield", "opening_hours": "Mo-Fr 09:00-18:00"}, "geometry": {"type": "Point", "coordinates": [-1.830961, 52.562005]}}, {"type": "Feature", "properties": {"id": "store-878", "name": "Next", "shop": "clothes", "neighbourhood": "Sutton Coldfield", "opening_hours": "Mo-Fr 09:00-18:00"}, "geometry": {"type": "Point", "coordinates": [-1.824485, 52.564265]}}, {"type": "Feature", "properties": {"id": "store-879", "name": "Currys", "shop": "electronics", "neighbourhood": "Sutton Coldfield", "opening_hours": "Mo-Su 07:00-22:00"}, "geometry": {"type": "Point", "coordinates": [-1.825732, 52.573169]}}, {"type": "Feature", "properties": {"id": "store-880", "name": "ASDA", "shop": "supermarket", "neighbourhood": "Sutton Coldfield", "opening_hours": "Mo-Su 00:00-24:00"}, "geometry": {"type": "Point", "coordinates": [-1.835165, 52.558179]}}, {"type": "Feature", "properties": {"id": "store-881", "name": "Family Shopper", "shop": "convenience", "neighbourhood": "Sutton Coldfield", "opening_hours": "Mo-Su 00:00-24:00"}, "geometry": {"type": "Point", "coordinates": [-1.81248, 52.564665]}}, {"type": "Feature", "properties": {"id": "store-882", "name": "Londis", "shop": "convenience", "neighbourhood": "Sutton Coldfield", "opening_hours": "Mo-Su 00:00-24:00"}, "geometry": {"type": "Point", "coordinates": [-1.811284, 52.555647]}}, {"type": "Feature", "properties": {"id": "store-883", "name": "Nisa Local", "shop": "convenience", "neighbourhood": "Sutton Coldfield", "opening_hours": "Mo-Sa 08:00-21:00"}, "geometry": {"type": "Point", "coordinates": [-1.832319, 52.566356]}}, {"type": "Feature", "properties": {"id": "store-884", "name": "Oak Furnitureland", "shop": "furniture", "neighbourhood": "Sutton Coldfield", "opening_hours": "Mo-Fr 09:00-18:00"}, "geometry": {"type": "Point", "coordinates": [-1.840359, 52.566503]}}, {"type": "Feature", "properties": {"id": "store-885", "name": "The Range", "shop": "furniture", "neighbourhood": "Sutton Coldfield", "opening_hours": "Mo-Sa 08:00-21:00"}, "geometry": {"type": "Point", "coordinates": [-1.830728, 52.565706]}}, {"type": "Feature", "properties": {"id": "store-886", "name": "EE", "shop": "electronics", "neighbourhood": "Sutton Coldfield", "opening_hours": "Mo-Su 00:00-24:00"}, "geometry": {"type": "Point", "coordinates": [-1.822629, 52.560685]}}, {"type": "Feature", "properties": {"id": "store-887", "name": "The Beauty Room", "shop": "beauty", "neighbourhood": "Sutton Coldfield", "opening_hours": "Mo-Su 07:00-22:00"}, "geometry": {"type": "Point", "coordinates": [-1.834878, 52.56363]}}, {"type": "Feature", "properties": {"id": "store-888", "name": "Farmfoods", "shop": "supermarket", "neighbourhood": "Sutton Coldfield", "opening_hours": "Mo-Su 00:00-24:00"}, "geometry": {"type": "Point", "coordinates": [-1.811993, 52.552982]}}, {"type": "Feature", "properties": {"id": "store-889", "name": "Three", "shop": "electronics", "neighbourhood": "Sutton Coldfield", "opening_hours": "Mo-Su 00:00-24:00"}, "geometry": {"type": "Point", "coordinates": [-1.820409, 52.551391]}}, {"type": "Feature", "properties": {"id": "store-890", "name": "B&M", "shop": "general", "neighbourhood": "Sutton Coldfield", "opening_hours": "Mo-Su 00:00-24:00"}, "geometry": {"type": "Point", "coordinates": [-1.810243, 52.555505]}}, {"type": "Feature", "properties": {"id": "store-891", "name": "Age UK", "shop": "charity", "neighbourhood": "Sutton Coldfield", "opening_hours": "Mo-Sa 08:00-21:00"}, "geometry": {"type": "Point", "coordinates": [-1.822038, 52.566669]}}, {"type": "Feature", "properties": {"id": "store-892", "name": "Bonmarch\u00e9", "shop": "clothes", "neighbourhood": "Sutton Coldfield", "opening_hours": "Mo-Fr 09:00-18:00"}, "geometry": {"type": "Point", "coordinates": [-1.824533, 52.569149]}}, {"type": "Feature", "properties": {"id": "store-893", "name": "Aldi", "shop": "supermarket", "neighbourhood": "Sutton Coldfield", "opening_hours": "Mo-Su 00:00-24:00"}, "geometry": {"type": "Point", "coordinates": [-1.837682, 52.563399]}}, {"type": "Feature", "properties": {"id": "store-894", "name": "Sue Ryder", "shop": "charity", "neighbourhood": "Sutton Coldfield", "opening_hours": "Mo-Fr 09:00-18:00"}, "geometry": {"type": "Point", "coordinates": [-1.818091, 52.549124]}}, {"type": "Feature", "properties": {"id": "store-895", "name": "British Heart Foundation", "shop": "charity", "neighbourhood": "Sutton Coldfield", "opening_hours": "Mo-Su 07:00-22:00"}, "geometry": {"type": "Point", "coordinates": [-1.835344, 52.555066]}}, {"type": "Feature", "properties": {"id": "store-896", "name": "Premier", "shop": "convenience", "neighbourhood": "Sutton Coldfield", "opening_hours": "Mo-Su 00:00-24:00"}, "geometry": {"type": "Point", "coordinates": [-1.813963, 52.56539]}}, {"type": "Feature", "properties": {"id": "store-897", "name": "Sue Ryder", "shop": "charity", "neighbourhood": "Sutton Coldfield", "opening_hours": "Mo-Fr 09:00-18:00"}, "geometry": {"type": "Point", "coordinates": [-1.831595, 52.555298]}}, {"type": "Feature", "properties": {"id": "store-898", "name": "Waitrose", "shop": "supermarket", "neighbourhood": "Sutton Coldfield", "opening_hours": "Mo-Sa 08:00-21:00"}, "geometry": {"type": "Point", "coordinates": [-1.818096, 52.557031]}}, {"type": "Feature", "properties": {"id": "store-899", "name": "WHSmith", "shop": "newsagent", "neighbourhood": "Sutton Coldfield", "opening_hours": "Mo-Sa 08:00-21:00"}, "geometry": {"type": "Point", "coordinates": [-1.841347, 52.555119]}}, {"type": "Feature", "properties": {"id": "store-900", "name": "Morrisons", "shop": "supermarket", "neighbourhood": "Sutton Coldfield", "opening_hours": "Mo-Su 07:00-22:00"}, "geometry": {"type": "Point", "coordinates": [-1.816816, 52.564163]}}, {"type": "Feature", "properties": {"id": "store-901", "name": "Screwfix", "shop": "hardware", "neighbourhood": "Sutton Coldfield", "opening_hours": "Mo-Su 07:00-22:00"}, "geometry": {"type": "Point", "coordinates": [-1.82069, 52.570398]}}, {"type": "Feature", "properties": {"id": "store-902", "name": "The Butcher", "shop": "butcher", "neighbourhood": "Sutton Coldfield", "opening_hours": "Mo-Su 00:00-24:00"}, "geometry": {"type": "Point", "coordinates": [-1.814267, 52.561584]}}, {"type": "Feature", "properties": {"id": "store-903", "name": "Costcutter", "shop": "convenience", "neighbourhood": "Kingstanding", "opening_hours": "Mo-Sa 08:00-21:00"}, "geometry": {"type": "Point", "coordinates": [-1.896831, 52.542533]}}, {"type": "Feature", "properties": {"id": "store-904", "name": "Sue Ryder", "shop": "charity", "neighbourhood": "Kingstanding", "opening_hours": "Mo-Fr 09:00-18:00"}, "geometry": {"type": "Point", "coordinates": [-1.884845, 52.550221]}}, {"type": "Feature", "properties": {"id": "store-905", "name": "WHSmith", "shop": "general", "neighbourhood": "Kingstanding", "opening_hours": "Mo-Sa 08:00-21:00"}, "geometry": {"type": "Point", "coordinates": [-1.884171, 52.534771]}}, {"type": "Feature", "properties": {"id": "store-906", "name": "Family Shopper", "shop": "convenience", "neighbourhood": "Kingstanding", "opening_hours": "Mo-Fr 09:00-18:00"}, "geometry": {"type": "Point", "coordinates": [-1.889353, 52.550387]}}, {"type": "Feature", "properties": {"id": "store-907", "name": "The Beauty Room", "shop": "beauty", "neighbourhood": "Kingstanding", "opening_hours": "Mo-Su 00:00-24:00"}, "geometry": {"type": "Point", "coordinates": [-1.895664, 52.538117]}}, {"type": "Feature", "properties": {"id": "store-908", "name": "Spar", "shop": "convenience", "neighbourhood": "Kingstanding", "opening_hours": "Mo-Fr 09:00-18:00"}, "geometry": {"type": "Point", "coordinates": [-1.892567, 52.548256]}}, {"type": "Feature", "properties": {"id": "store-909", "name": "Co-op", "shop": "convenience", "neighbourhood": "Kingstanding", "opening_hours": "Mo-Su 07:00-22:00"}, "geometry": {"type": "Point", "coordinates": [-1.878111, 52.540943]}}, {"type": "Feature", "properties": {"id": "store-910", "name": "Premier", "shop": "convenience", "neighbourhood": "Kingstanding", "opening_hours": "Mo-Fr 09:00-18:00"}, "geometry": {"type": "Point", "coordinates": [-1.888883, 52.535239]}}, {"type": "Feature", "properties": {"id": "store-911", "name": "Peak Pharmacy", "shop": "pharmacy", "neighbourhood": "Kingstanding", "opening_hours": "Mo-Fr 09:00-18:00"}, "geometry": {"type": "Point", "coordinates": [-1.889687, 52.53571]}}, {"type": "Feature", "properties": {"id": "store-912", "name": "Oak Furnitureland", "shop": "furniture", "neighbourhood": "Kingstanding", "opening_hours": "Mo-Sa 08:00-21:00"}, "geometry": {"type": "Point", "coordinates": [-1.874661, 52.540582]}}, {"type": "Feature", "properties": {"id": "store-913", "name": "Costcutter", "shop": "convenience", "neighbourhood": "Kingstanding", "opening_hours": "Mo-Fr 09:00-18:00"}, "geometry": {"type": "Point", "coordinates": [-1.897498, 52.544932]}}, {"type": "Feature", "properties": {"id": "store-914", "name": "Corner Shop", "shop": "newsagent", "neighbourhood": "Kingstanding", "opening_hours": "Mo-Fr 09:00-18:00"}, "geometry": {"type": "Point", "coordinates": [-1.883324, 52.540127]}}, {"type": "Feature", "properties": {"id": "store-915", "name": "Bakers", "shop": "bakery", "neighbourhood": "Kingstanding", "opening_hours": "Mo-Su 00:00-24:00"}, "geometry": {"type": "Point", "coordinates": [-1.882902, 52.543466]}}, {"type": "Feature", "properties": {"id": "store-916", "name": "Dreams", "shop": "furniture", "neighbourhood": "Kingstanding", "opening_hours": "Mo-Sa 08:00-21:00"}, "geometry": {"type": "Point", "coordinates": [-1.874534, 52.541321]}}, {"type": "Feature", "properties": {"id": "store-917", "name": "Bargain Booze", "shop": "convenience", "neighbourhood": "Kingstanding", "opening_hours": "Mo-Fr 09:00-18:00"}, "geometry": {"type": "Point", "coordinates": [-1.892036, 52.545329]}}, {"type": "Feature", "properties": {"id": "store-918", "name": "Greggs", "shop": "bakery", "neighbourhood": "Kingstanding", "opening_hours": "Mo-Su 00:00-24:00"}, "geometry": {"type": "Point", "coordinates": [-1.892209, 52.539529]}}, {"type": "Feature", "properties": {"id": "store-919", "name": "Lloyds Pharmacy", "shop": "pharmacy", "neighbourhood": "Kingstanding", "opening_hours": "Mo-Su 07:00-22:00"}, "geometry": {"type": "Point", "coordinates": [-1.886599, 52.544992]}}, {"type": "Feature", "properties": {"id": "store-920", "name": "Currys", "shop": "electronics", "neighbourhood": "Kingstanding", "opening_hours": "Mo-Sa 08:00-21:00"}, "geometry": {"type": "Point", "coordinates": [-1.881868, 52.542362]}}, {"type": "Feature", "properties": {"id": "store-921", "name": "Best-one", "shop": "convenience", "neighbourhood": "Kingstanding", "opening_hours": "Mo-Su 00:00-24:00"}, "geometry": {"type": "Point", "coordinates": [-1.886035, 52.543922]}}, {"type": "Feature", "properties": {"id": "store-922", "name": "Primark", "shop": "clothes", "neighbourhood": "Kingstanding", "opening_hours": "Mo-Su 00:00-24:00"}, "geometry": {"type": "Point", "coordinates": [-1.897195, 52.544416]}}, {"type": "Feature", "properties": {"id": "store-923", "name": "Premier", "shop": "convenience", "neighbourhood": "Kingstanding", "opening_hours": "Mo-Fr 09:00-18:00"}, "geometry": {"type": "Point", "coordinates": [-1.880802, 52.549834]}}, {"type": "Feature", "properties": {"id": "store-924", "name": "Premier", "shop": "convenience", "neighbourhood": "Kingstanding", "opening_hours": "Mo-Fr 09:00-18:00"}, "geometry": {"type": "Point", "coordinates": [-1.882596, 52.548566]}}, {"type": "Feature", "properties": {"id": "store-925", "name": "B&Q", "shop": "hardware", "neighbourhood": "Kingstanding", "opening_hours": "Mo-Fr 09:00-18:00"}, "geometry": {"type": "Point", "coordinates": [-1.89156, 52.544485]}}, {"type": "Feature", "properties": {"id": "store-926", "name": "WHSmith", "shop": "newsagent", "neighbourhood": "Kingstanding", "opening_hours": "Mo-Sa 08:00-21:00"}, "geometry": {"type": "Point", "coordinates": [-1.896772, 52.543797]}}, {"type": "Feature", "properties": {"id": "store-927", "name": "Lloyds Pharmacy", "shop": "pharmacy", "neighbourhood": "Kingstanding", "opening_hours": "Mo-Fr 09:00-18:00"}, "geometry": {"type": "Point", "coordinates": [-1.883831, 52.535328]}}, {"type": "Feature", "properties": {"id": "store-928", "name": "Poundworld", "shop": "general", "neighbourhood": "Kingstanding", "opening_hours": "Mo-Su 07:00-22:00"}, "geometry": {"type": "Point", "coordinates": [-1.877681, 52.536226]}}, {"type": "Feature", "properties": {"id": "store-929", "name": "McColl's", "shop": "convenience", "neighbourhood": "Kingstanding", "opening_hours": "Mo-Su 00:00-24:00"}, "geometry": {"type": "Point", "coordinates": [-1.897976, 52.542779]}}, {"type": "Feature", "properties": {"id": "store-930", "name": "Age UK", "shop": "charity", "neighbourhood": "Kingstanding", "opening_hours": "Mo-Su 07:00-22:00"}, "geometry": {"type": "Point", "coordinates": [-1.873763, 52.545687]}}, {"type": "Feature", "properties": {"id": "store-931", "name": "Iceland", "shop": "supermarket", "neighbourhood": "Kingstanding", "opening_hours": "Mo-Su 00:00-24:00"}, "geometry": {"type": "Point", "coordinates": [-1.877277, 52.543523]}}, {"type": "Feature", "properties": {"id": "store-932", "name": "Co-op", "shop": "convenience", "neighbourhood": "Kingstanding", "opening_hours": "Mo-Fr 09:00-18:00"}, "geometry": {"type": "Point", "coordinates": [-1.891729, 52.538116]}}, {"type": "Feature", "properties": {"id": "store-933", "name": "B&Q", "shop": "hardware", "neighbourhood": "Kingstanding", "opening_hours": "Mo-Sa 08:00-21:00"}, "geometry": {"type": "Point", "coordinates": [-1.892401, 52.541661]}}, {"type": "Feature", "properties": {"id": "store-934", "name": "Primark", "shop": "clothes", "neighbourhood": "Kingstanding", "opening_hours": "Mo-Su 07:00-22:00"}, "geometry": {"type": "Point", "coordinates": [-1.886994, 52.535539]}}, {"type": "Feature", "properties": {"id": "store-935", "name": "Boots", "shop": "pharmacy", "neighbourhood": "Kingstanding", "opening_hours": "Mo-Sa 08:00-21:00"}, "geometry": {"type": "Point", "coordinates": [-1.882419, 52.540825]}}, {"type": "Feature", "properties": {"id": "store-936", "name": "Nail Studio", "shop": "beauty", "neighbourhood": "Kingstanding", "opening_hours": "Mo-Fr 09:00-18:00"}, "geometry": {"type": "Point", "coordinates": [-1.886364, 52.537945]}}, {"type": "Feature", "properties": {"id": "store-937", "name": "Next", "shop": "clothes", "neighbourhood": "Kingstanding", "opening_hours": "Mo-Su 00:00-24:00"}, "geometry": {"type": "Point", "coordinates": [-1.889153, 52.542861]}}, {"type": "Feature", "properties": {"id": "store-938", "name": "Vodafone", "shop": "electronics", "neighbourhood": "Kingstanding", "opening_hours": "Mo-Fr 09:00-18:00"}, "geometry": {"type": "Point", "coordinates": [-1.893136, 52.548046]}}, {"type": "Feature", "properties": {"id": "store-939", "name": "TK Maxx", "shop": "clothes", "neighbourhood": "Kingstanding", "opening_hours": "Mo-Su 00:00-24:00"}, "geometry": {"type": "Point", "coordinates": [-1.881053, 52.544438]}}, {"type": "Feature", "properties": {"id": "store-940", "name": "Cancer Research UK", "shop": "charity", "neighbourhood": "Kingstanding", "opening_hours": "Mo-Su 07:00-22:00"}, "geometry": {"type": "Point", "coordinates": [-1.89547, 52.547697]}}, {"type": "Feature", "properties": {"id": "store-941", "name": "Oak Furnitureland", "shop": "furniture", "neighbourhood": "Kingstanding", "opening_hours": "Mo-Su 00:00-24:00"}, "geometry": {"type": "Point", "coordinates": [-1.88893, 52.537076]}}, {"type": "Feature", "properties": {"id": "store-942", "name": "Rowlands Pharmacy", "shop": "pharmacy", "neighbourhood": "Kingstanding", "opening_hours": "Mo-Sa 08:00-21:00"}, "geometry": {"type": "Point", "coordinates": [-1.883287, 52.535392]}}, {"type": "Feature", "properties": {"id": "store-943", "name": "Select", "shop": "clothes", "neighbourhood": "Kingstanding", "opening_hours": "Mo-Sa 08:00-21:00"}, "geometry": {"type": "Point", "coordinates": [-1.894825, 52.548259]}}, {"type": "Feature", "properties": {"id": "store-944", "name": "Card Factory", "shop": "general", "neighbourhood": "Kingstanding", "opening_hours": "Mo-Sa 08:00-21:00"}, "geometry": {"type": "Point", "coordinates": [-1.883634, 52.542026]}}, {"type": "Feature", "properties": {"id": "store-945", "name": "The Beauty Room", "shop": "beauty", "neighbourhood": "Kingstanding", "opening_hours": "Mo-Su 00:00-24:00"}, "geometry": {"type": "Point", "coordinates": [-1.888574, 52.536718]}}, {"type": "Feature", "properties": {"id": "store-946", "name": "Lidl", "shop": "supermarket", "neighbourhood": "Kingstanding", "opening_hours": "Mo-Su 07:00-22:00"}, "geometry": {"type": "Point", "coordinates": [-1.876353, 52.539823]}}, {"type": "Feature", "properties": {"id": "store-947", "name": "Co-op", "shop": "convenience", "neighbourhood": "Kingstanding", "opening_hours": "Mo-Sa 08:00-21:00"}, "geometry": {"type": "Point", "coordinates": [-1.883104, 52.551396]}}, {"type": "Feature", "properties": {"id": "store-948", "name": "M&S Food", "shop": "supermarket", "neighbourhood": "Kingstanding", "opening_hours": "Mo-Fr 09:00-18:00"}, "geometry": {"type": "Point", "coordinates": [-1.88296, 52.546085]}}, {"type": "Feature", "properties": {"id": "store-949", "name": "Newsagent", "shop": "newsagent", "neighbourhood": "Kingstanding", "opening_hours": "Mo-Su 07:00-22:00"}, "geometry": {"type": "Point", "coordinates": [-1.895994, 52.539428]}}, {"type": "Feature", "properties": {"id": "store-950", "name": "Sainsbury's", "shop": "supermarket", "neighbourhood": "Kingstanding", "opening_hours": "Mo-Fr 09:00-18:00"}, "geometry": {"type": "Point", "coordinates": [-1.878416, 52.538318]}}, {"type": "Feature", "properties": {"id": "store-951", "name": "Currys", "shop": "electronics", "neighbourhood": "Kingstanding", "opening_hours": "Mo-Su 00:00-24:00"}, "geometry": {"type": "Point", "coordinates": [-1.892876, 52.5504]}}, {"type": "Feature", "properties": {"id": "store-952", "name": "Peacocks", "shop": "clothes", "neighbourhood": "Kingstanding", "opening_hours": "Mo-Su 07:00-22:00"}, "geometry": {"type": "Point", "coordinates": [-1.892116, 52.534847]}}, {"type": "Feature", "properties": {"id": "store-953", "name": "Tesco Extra", "shop": "supermarket", "neighbourhood": "Kingstanding", "opening_hours": "Mo-Su 00:00-24:00"}, "geometry": {"type": "Point", "coordinates": [-1.893834, 52.545073]}}, {"type": "Feature", "properties": {"id": "store-954", "name": "Boots", "shop": "pharmacy", "neighbourhood": "Kingstanding", "opening_hours": "Mo-Sa 08:00-21:00"}, "geometry": {"type": "Point", "coordinates": [-1.883763, 52.546694]}}, {"type": "Feature", "properties": {"id": "store-955", "name": "Lloyds Pharmacy", "shop": "pharmacy", "neighbourhood": "Kingstanding", "opening_hours": "Mo-Sa 08:00-21:00"}, "geometry": {"type": "Point", "coordinates": [-1.888274, 52.539156]}}, {"type": "Feature", "properties": {"id": "store-956", "name": "Post Office", "shop": "newsagent", "neighbourhood": "Kingstanding", "opening_hours": "Mo-Su 00:00-24:00"}, "geometry": {"type": "Point", "coordinates": [-1.890972, 52.536718]}}, {"type": "Feature", "properties": {"id": "store-957", "name": "Carphone Warehouse", "shop": "electronics", "neighbourhood": "Kingstanding", "opening_hours": "Mo-Sa 08:00-21:00"}, "geometry": {"type": "Point", "coordinates": [-1.898045, 52.53955]}}, {"type": "Feature", "properties": {"id": "store-958", "name": "The Butcher", "shop": "butcher", "neighbourhood": "Aston", "opening_hours": "Mo-Su 00:00-24:00"}, "geometry": {"type": "Point", "coordinates": [-1.877597, 52.49513]}}, {"type": "Feature", "properties": {"id": "store-959", "name": "Bargain Buys", "shop": "general", "neighbourhood": "Aston", "opening_hours": "Mo-Fr 09:00-18:00"}, "geometry": {"type": "Point", "coordinates": [-1.88005, 52.504373]}}, {"type": "Feature", "properties": {"id": "store-960", "name": "Post Office", "shop": "newsagent", "neighbourhood": "Aston", "opening_hours": "Mo-Sa 08:00-21:00"}, "geometry": {"type": "Point", "coordinates": [-1.882738, 52.500421]}}, {"type": "Feature", "properties": {"id": "store-961", "name": "Toolstation", "shop": "hardware", "neighbourhood": "Aston", "opening_hours": "Mo-Su 00:00-24:00"}, "geometry": {"type": "Point", "coordinates": [-1.877116, 52.496925]}}, {"type": "Feature", "properties": {"id": "store-962", "name": "Primark", "shop": "clothes", "neighbourhood": "Aston", "opening_hours": "Mo-Su 00:00-24:00"}, "geometry": {"type": "Point", "coordinates": [-1.87689, 52.504682]}}, {"type": "Feature", "properties": {"id": "store-963", "name": "B&M", "shop": "general", "neighbourhood": "Aston", "opening_hours": "Mo-Su 07:00-22:00"}, "geometry": {"type": "Point", "coordinates": [-1.879821, 52.495725]}}, {"type": "Feature", "properties": {"id": "store-964", "name": "Oxfam", "shop": "charity", "neighbourhood": "Aston", "opening_hours": "Mo-Su 00:00-24:00"}, "geometry": {"type": "Point", "coordinates": [-1.8697, 52.498944]}}, {"type": "Feature", "properties": {"id": "store-965", "name": "The Beauty Room", "shop": "beauty", "neighbourhood": "Aston", "opening_hours": "Mo-Sa 08:00-21:00"}, "geometry": {"type": "Point", "coordinates": [-1.87912, 52.504502]}}, {"type": "Feature", "properties": {"id": "store-966", "name": "Premier", "shop": "convenience", "neighbourhood": "Aston", "opening_hours": "Mo-Su 00:00-24:00"}, "geometry": {"type": "Point", "coordinates": [-1.870515, 52.504057]}}, {"type": "Feature", "properties": {"id": "store-967", "name": "Premier", "shop": "convenience", "neighbourhood": "Aston", "opening_hours": "Mo-Su 07:00-22:00"}, "geometry": {"type": "Point", "coordinates": [-1.878783, 52.50277]}}, {"type": "Feature", "properties": {"id": "store-968", "name": "Spar", "shop": "convenience", "neighbourhood": "Aston", "opening_hours": "Mo-Su 00:00-24:00"}, "geometry": {"type": "Point", "coordinates": [-1.878827, 52.495088]}}, {"type": "Feature", "properties": {"id": "store-969", "name": "British Heart Foundation", "shop": "charity", "neighbourhood": "Aston", "opening_hours": "Mo-Su 00:00-24:00"}, "geometry": {"type": "Point", "coordinates": [-1.879745, 52.500798]}}, {"type": "Feature", "properties": {"id": "store-970", "name": "Primark", "shop": "clothes", "neighbourhood": "Aston", "opening_hours": "Mo-Su 00:00-24:00"}, "geometry": {"type": "Point", "coordinates": [-1.872523, 52.506302]}}, {"type": "Feature", "properties": {"id": "store-971", "name": "H&M", "shop": "clothes", "neighbourhood": "Aston", "opening_hours": "Mo-Sa 08:00-21:00"}, "geometry": {"type": "Point", "coordinates": [-1.866261, 52.496239]}}, {"type": "Feature", "properties": {"id": "store-972", "name": "Card Factory", "shop": "general", "neighbourhood": "Aston", "opening_hours": "Mo-Su 07:00-22:00"}, "geometry": {"type": "Point", "coordinates": [-1.885911, 52.499903]}}, {"type": "Feature", "properties": {"id": "store-973", "name": "Lloyds Pharmacy", "shop": "pharmacy", "neighbourhood": "Aston", "opening_hours": "Mo-Su 00:00-24:00"}, "geometry": {"type": "Point", "coordinates": [-1.872738, 52.499506]}}, {"type": "Feature", "properties": {"id": "store-974", "name": "Waitrose", "shop": "supermarket", "neighbourhood": "Aston", "opening_hours": "Mo-Fr 09:00-18:00"}, "geometry": {"type": "Point", "coordinates": [-1.875084, 52.496614]}}, {"type": "Feature", "properties": {"id": "store-975", "name": "Salon", "shop": "beauty", "neighbourhood": "Aston", "opening_hours": "Mo-Sa 08:00-21:00"}, "geometry": {"type": "Point", "coordinates": [-1.876859, 52.50615]}}, {"type": "Feature", "properties": {"id": "store-976", "name": "Londis", "shop": "convenience", "neighbourhood": "Aston", "opening_hours": "Mo-Su 07:00-22:00"}, "geometry": {"type": "Point", "coordinates": [-1.870646, 52.494184]}}, {"type": "Feature", "properties": {"id": "store-977", "name": "Nail Studio", "shop": "beauty", "neighbourhood": "Aston", "opening_hours": "Mo-Su 07:00-22:00"}, "geometry": {"type": "Point", "coordinates": [-1.873455, 52.493849]}}, {"type": "Feature", "properties": {"id": "store-978", "name": "Martin McColl", "shop": "newsagent", "neighbourhood": "Aston", "opening_hours": "Mo-Fr 09:00-18:00"}, "geometry": {"type": "Point", "coordinates": [-1.870355, 52.496183]}}, {"type": "Feature", "properties": {"id": "store-979", "name": "Family Butchers", "shop": "butcher", "neighbourhood": "Aston", "opening_hours": "Mo-Sa 08:00-21:00"}, "geometry": {"type": "Point", "coordinates": [-1.87801, 52.495311]}}, {"type": "Feature", "properties": {"id": "store-980", "name": "Carphone Warehouse", "shop": "electronics", "neighbourhood": "Aston", "opening_hours": "Mo-Su 07:00-22:00"}, "geometry": {"type": "Point", "coordinates": [-1.868898, 52.50018]}}, {"type": "Feature", "properties": {"id": "store-981", "name": "Peacocks", "shop": "clothes", "neighbourhood": "Aston", "opening_hours": "Mo-Su 00:00-24:00"}, "geometry": {"type": "Point", "coordinates": [-1.881792, 52.497786]}}, {"type": "Feature", "properties": {"id": "store-982", "name": "Londis", "shop": "convenience", "neighbourhood": "Aston", "opening_hours": "Mo-Fr 09:00-18:00"}, "geometry": {"type": "Point", "coordinates": [-1.876025, 52.499068]}}, {"type": "Feature", "properties": {"id": "store-983", "name": "Home Bargains", "shop": "general", "neighbourhood": "Aston", "opening_hours": "Mo-Sa 08:00-21:00"}, "geometry": {"type": "Point", "coordinates": [-1.880492, 52.496579]}}, {"type": "Feature", "properties": {"id": "store-984", "name": "WHSmith", "shop": "newsagent", "neighbourhood": "Aston", "opening_hours": "Mo-Su 07:00-22:00"}, "geometry": {"type": "Point", "coordinates": [-1.879296, 52.498875]}}, {"type": "Feature", "properties": {"id": "store-985", "name": "Greggs", "shop": "bakery", "neighbourhood": "Aston", "opening_hours": "Mo-Su 00:00-24:00"}, "geometry": {"type": "Point", "coordinates": [-1.880824, 52.499768]}}, {"type": "Feature", "properties": {"id": "store-986", "name": "Morrisons", "shop": "supermarket", "neighbourhood": "Aston", "opening_hours": "Mo-Fr 09:00-18:00"}, "geometry": {"type": "Point", "coordinates": [-1.87415, 52.505981]}}, {"type": "Feature", "properties": {"id": "store-987", "name": "Lloyds Pharmacy", "shop": "pharmacy", "neighbourhood": "Aston", "opening_hours": "Mo-Su 00:00-24:00"}, "geometry": {"type": "Point", "coordinates": [-1.874229, 52.503261]}}, {"type": "Feature", "properties": {"id": "store-988", "name": "Poundland", "shop": "general", "neighbourhood": "Aston", "opening_hours": "Mo-Fr 09:00-18:00"}, "geometry": {"type": "Point", "coordinates": [-1.877821, 52.494576]}}, {"type": "Feature", "properties": {"id": "store-989", "name": "Tesco Express", "shop": "supermarket", "neighbourhood": "Aston", "opening_hours": "Mo-Su 07:00-22:00"}, "geometry": {"type": "Point", "coordinates": [-1.879805, 52.49491]}}, {"type": "Feature", "properties": {"id": "store-990", "name": "Greggs", "shop": "bakery", "neighbourhood": "Aston", "opening_hours": "Mo-Fr 09:00-18:00"}, "geometry": {"type": "Point", "coordinates": [-1.864722, 52.498642]}}, {"type": "Feature", "properties": {"id": "store-991", "name": "River Island", "shop": "clothes", "neighbourhood": "Aston", "opening_hours": "Mo-Su 00:00-24:00"}, "geometry": {"type": "Point", "coordinates": [-1.875893, 52.499629]}}, {"type": "Feature", "properties": {"id": "store-992", "name": "Barnardo's", "shop": "charity", "neighbourhood": "Aston", "opening_hours": "Mo-Sa 08:00-21:00"}, "geometry": {"type": "Point", "coordinates": [-1.876231, 52.500655]}}, {"type": "Feature", "properties": {"id": "store-993", "name": "Newsagent", "shop": "newsagent", "neighbourhood": "Aston", "opening_hours": "Mo-Fr 09:00-18:00"}, "geometry": {"type": "Point", "coordinates": [-1.876069, 52.505098]}}, {"type": "Feature", "properties": {"id": "store-994", "name": "Costcutter", "shop": "convenience", "neighbourhood": "Aston", "opening_hours": "Mo-Fr 09:00-18:00"}, "geometry": {"type": "Point", "coordinates": [-1.881411, 52.503519]}}, {"type": "Feature", "properties": {"id": "store-995", "name": "Lidl", "shop": "supermarket", "neighbourhood": "Aston", "opening_hours": "Mo-Su 00:00-24:00"}, "geometry": {"type": "Point", "coordinates": [-1.878719, 52.494353]}}, {"type": "Feature", "properties": {"id": "store-996", "name": "Londis", "shop": "convenience", "neighbourhood": "Aston", "opening_hours": "Mo-Su 00:00-24:00"}, "geometry": {"type": "Point", "coordinates": [-1.868575, 52.497734]}}, {"type": "Feature", "properties": {"id": "store-997", "name": "B&M", "shop": "general", "neighbourhood": "Aston", "opening_hours": "Mo-Su 07:00-22:00"}, "geometry": {"type": "Point", "coordinates": [-1.869866, 52.497564]}}, {"type": "Feature", "properties": {"id": "store-998", "name": "Oxfam", "shop": "charity", "neighbourhood": "Aston", "opening_hours": "Mo-Su 00:00-24:00"}, "geometry": {"type": "Point", "coordinates": [-1.882886, 52.495247]}}, {"type": "Feature", "properties": {"id": "store-999", "name": "Next", "shop": "clothes", "neighbourhood": "Aston", "opening_hours": "Mo-Su 07:00-22:00"}, "geometry": {"type": "Point", "coordinates": [-1.86816, 52.500644]}}, {"type": "Feature", "properties": {"id": "store-1000", "name": "Family Butchers", "shop": "butcher", "neighbourhood": "Aston", "opening_hours": "Mo-Fr 09:00-18:00"}, "geometry": {"type": "Point", "coordinates": [-1.883475, 52.499345]}}, {"type": "Feature", "properties": {"id": "store-1001", "name": "Bargain Buys", "shop": "general", "neighbourhood": "Aston", "opening_hours": "Mo-Fr 09:00-18:00"}, "geometry": {"type": "Point", "coordinates": [-1.870381, 52.50017]}}, {"type": "Feature", "properties": {"id": "store-1002", "name": "Costcutter", "shop": "convenience", "neighbourhood": "Aston", "opening_hours": "Mo-Sa 08:00-21:00"}, "geometry": {"type": "Point", "coordinates": [-1.876412, 52.496838]}}, {"type": "Feature", "properties": {"id": "store-1003", "name": "Post Office", "shop": "newsagent", "neighbourhood": "Aston", "opening_hours": "Mo-Sa 08:00-21:00"}, "geometry": {"type": "Point", "coordinates": [-1.880002, 52.502604]}}, {"type": "Feature", "properties": {"id": "store-1004", "name": "Wilko", "shop": "hardware", "neighbourhood": "Aston", "opening_hours": "Mo-Sa 08:00-21:00"}, "geometry": {"type": "Point", "coordinates": [-1.870198, 52.493781]}}, {"type": "Feature", "properties": {"id": "store-1005", "name": "Pound Bakery", "shop": "general", "neighbourhood": "Aston", "opening_hours": "Mo-Sa 08:00-21:00"}, "geometry": {"type": "Point", "coordinates": [-1.866944, 52.497786]}}, {"type": "Feature", "properties": {"id": "store-1006", "name": "Newsagent", "shop": "newsagent", "neighbourhood": "Aston", "opening_hours": "Mo-Fr 09:00-18:00"}, "geometry": {"type": "Point", "coordinates": [-1.864883, 52.497215]}}, {"type": "Feature", "properties": {"id": "store-1007", "name": "Newsagent", "shop": "newsagent", "neighbourhood": "Aston", "opening_hours": "Mo-Sa 08:00-21:00"}, "geometry": {"type": "Point", "coordinates": [-1.876574, 52.503852]}}, {"type": "Feature", "properties": {"id": "store-1008", "name": "Family Shopper", "shop": "convenience", "neighbourhood": "Aston", "opening_hours": "Mo-Su 00:00-24:00"}, "geometry": {"type": "Point", "coordinates": [-1.878804, 52.500428]}}, {"type": "Feature", "properties": {"id": "store-1009", "name": "Hair & Beauty", "shop": "beauty", "neighbourhood": "Aston", "opening_hours": "Mo-Su 07:00-22:00"}, "geometry": {"type": "Point", "coordinates": [-1.880706, 52.495557]}}, {"type": "Feature", "properties": {"id": "store-1010", "name": "Day Lewis", "shop": "pharmacy", "neighbourhood": "Aston", "opening_hours": "Mo-Fr 09:00-18:00"}, "geometry": {"type": "Point", "coordinates": [-1.867404, 52.49621]}}, {"type": "Feature", "properties": {"id": "store-1011", "name": "Salvation Army", "shop": "charity", "neighbourhood": "Aston", "opening_hours": "Mo-Fr 09:00-18:00"}, "geometry": {"type": "Point", "coordinates": [-1.882035, 52.498958]}}, {"type": "Feature", "properties": {"id": "store-1012", "name": "Iceland", "shop": "supermarket", "neighbourhood": "Aston", "opening_hours": "Mo-Su 07:00-22:00"}, "geometry": {"type": "Point", "coordinates": [-1.871042, 52.502058]}}, {"type": "Feature", "properties": {"id": "store-1013", "name": "Bargain Booze", "shop": "convenience", "neighbourhood": "Aston", "opening_hours": "Mo-Sa 08:00-21:00"}, "geometry": {"type": "Point", "coordinates": [-1.880211, 52.506268]}}, {"type": "Feature", "properties": {"id": "store-1014", "name": "WHSmith", "shop": "general", "neighbourhood": "Aston", "opening_hours": "Mo-Fr 09:00-18:00"}, "geometry": {"type": "Point", "coordinates": [-1.878041, 52.500091]}}, {"type": "Feature", "properties": {"id": "store-1015", "name": "Barnardo's", "shop": "charity", "neighbourhood": "Aston", "opening_hours": "Mo-Fr 09:00-18:00"}, "geometry": {"type": "Point", "coordinates": [-1.885193, 52.497446]}}, {"type": "Feature", "properties": {"id": "store-1016", "name": "Sue Ryder", "shop": "charity", "neighbourhood": "Aston", "opening_hours": "Mo-Fr 09:00-18:00"}, "geometry": {"type": "Point", "coordinates": [-1.884106, 52.500921]}}, {"type": "Feature", "properties": {"id": "store-1017", "name": "The Beauty Room", "shop": "beauty", "neighbourhood": "Aston", "opening_hours": "Mo-Su 07:00-22:00"}, "geometry": {"type": "Point", "coordinates": [-1.881577, 52.495253]}}, {"type": "Feature", "properties": {"id": "store-1018", "name": "Oxfam", "shop": "charity", "neighbourhood": "Aston", "opening_hours": "Mo-Sa 08:00-21:00"}, "geometry": {"type": "Point", "coordinates": [-1.876029, 52.495197]}}, {"type": "Feature", "properties": {"id": "store-1019", "name": "Post Office", "shop": "newsagent", "neighbourhood": "Aston", "opening_hours": "Mo-Fr 09:00-18:00"}, "geometry": {"type": "Point", "coordinates": [-1.875873, 52.495498]}}, {"type": "Feature", "properties": {"id": "store-1020", "name": "Sainsbury's Local", "shop": "supermarket", "neighbourhood": "Aston", "opening_hours": "Mo-Fr 09:00-18:00"}, "geometry": {"type": "Point", "coordinates": [-1.875951, 52.494306]}}, {"type": "Feature", "properties": {"id": "store-1021", "name": "Salvation Army", "shop": "charity", "neighbourhood": "Aston", "opening_hours": "Mo-Sa 08:00-21:00"}, "geometry": {"type": "Point", "coordinates": [-1.871095, 52.496811]}}, {"type": "Feature", "properties": {"id": "store-1022", "name": "Lidl", "shop": "supermarket", "neighbourhood": "Aston", "opening_hours": "Mo-Sa 08:00-21:00"}, "geometry": {"type": "Point", "coordinates": [-1.87066, 52.495013]}}, {"type": "Feature", "properties": {"id": "store-1023", "name": "Lidl", "shop": "supermarket", "neighbourhood": "Aston", "opening_hours": "Mo-Su 07:00-22:00"}, "geometry": {"type": "Point", "coordinates": [-1.872841, 52.494358]}}, {"type": "Feature", "properties": {"id": "store-1024", "name": "Cancer Research UK", "shop": "charity", "neighbourhood": "Aston", "opening_hours": "Mo-Fr 09:00-18:00"}, "geometry": {"type": "Point", "coordinates": [-1.866809, 52.502355]}}, {"type": "Feature", "properties": {"id": "store-1025", "name": "Family Shopper", "shop": "convenience", "neighbourhood": "Aston", "opening_hours": "Mo-Sa 08:00-21:00"}, "geometry": {"type": "Point", "coordinates": [-1.870891, 52.495857]}}, {"type": "Feature", "properties": {"id": "store-1026", "name": "Next", "shop": "clothes", "neighbourhood": "Aston", "opening_hours": "Mo-Su 07:00-22:00"}, "geometry": {"type": "Point", "coordinates": [-1.877392, 52.501601]}}, {"type": "Feature", "properties": {"id": "store-1027", "name": "Greggs", "shop": "bakery", "neighbourhood": "Aston", "opening_hours": "Mo-Fr 09:00-18:00"}, "geometry": {"type": "Point", "coordinates": [-1.869606, 52.505089]}}, {"type": "Feature", "properties": {"id": "store-1028", "name": "Greggs", "shop": "bakery", "neighbourhood": "Aston", "opening_hours": "Mo-Fr 09:00-18:00"}, "geometry": {"type": "Point", "coordinates": [-1.886568, 52.498969]}}, {"type": "Feature", "properties": {"id": "store-1029", "name": "Londis", "shop": "convenience", "neighbourhood": "Aston", "opening_hours": "Mo-Sa 08:00-21:00"}, "geometry": {"type": "Point", "coordinates": [-1.875772, 52.498565]}}, {"type": "Feature", "properties": {"id": "store-1030", "name": "Screwfix", "shop": "hardware", "neighbourhood": "Aston", "opening_hours": "Mo-Fr 09:00-18:00"}, "geometry": {"type": "Point", "coordinates": [-1.871167, 52.501438]}}, {"type": "Feature", "properties": {"id": "store-1031", "name": "B&M", "shop": "general", "neighbourhood": "Aston", "opening_hours": "Mo-Sa 08:00-21:00"}, "geometry": {"type": "Point", "coordinates": [-1.865549, 52.497803]}}, {"type": "Feature", "properties": {"id": "store-1032", "name": "Family Shopper", "shop": "convenience", "neighbourhood": "Aston", "opening_hours": "Mo-Su 00:00-24:00"}, "geometry": {"type": "Point", "coordinates": [-1.872109, 52.501933]}}, {"type": "Feature", "properties": {"id": "store-1033", "name": "Peak Pharmacy", "shop": "pharmacy", "neighbourhood": "Aston", "opening_hours": "Mo-Su 07:00-22:00"}, "geometry": {"type": "Point", "coordinates": [-1.87436, 52.505069]}}, {"type": "Feature", "properties": {"id": "store-1034", "name": "Bargain Booze", "shop": "convenience", "neighbourhood": "Aston", "opening_hours": "Mo-Fr 09:00-18:00"}, "geometry": {"type": "Point", "coordinates": [-1.88022, 52.496058]}}, {"type": "Feature", "properties": {"id": "store-1035", "name": "Greggs", "shop": "bakery", "neighbourhood": "Aston", "opening_hours": "Mo-Sa 08:00-21:00"}, "geometry": {"type": "Point", "coordinates": [-1.872745, 52.49541]}}, {"type": "Feature", "properties": {"id": "store-1036", "name": "Breadshop", "shop": "bakery", "neighbourhood": "Aston", "opening_hours": "Mo-Sa 08:00-21:00"}, "geometry": {"type": "Point", "coordinates": [-1.879212, 52.502806]}}, {"type": "Feature", "properties": {"id": "store-1037", "name": "Halal Butchers", "shop": "butcher", "neighbourhood": "Aston", "opening_hours": "Mo-Sa 08:00-21:00"}, "geometry": {"type": "Point", "coordinates": [-1.873621, 52.502645]}}, {"type": "Feature", "properties": {"id": "store-1038", "name": "Spar", "shop": "convenience", "neighbourhood": "Nechells", "opening_hours": "Mo-Su 07:00-22:00"}, "geometry": {"type": "Point", "coordinates": [-1.875872, 52.491946]}}, {"type": "Feature", "properties": {"id": "store-1039", "name": "Premier", "shop": "convenience", "neighbourhood": "Nechells", "opening_hours": "Mo-Sa 08:00-21:00"}, "geometry": {"type": "Point", "coordinates": [-1.865339, 52.49748]}}, {"type": "Feature", "properties": {"id": "store-1040", "name": "Primark", "shop": "clothes", "neighbourhood": "Nechells", "opening_hours": "Mo-Su 07:00-22:00"}, "geometry": {"type": "Point", "coordinates": [-1.871346, 52.497812]}}, {"type": "Feature", "properties": {"id": "store-1041", "name": "British Heart Foundation", "shop": "charity", "neighbourhood": "Nechells", "opening_hours": "Mo-Fr 09:00-18:00"}, "geometry": {"type": "Point", "coordinates": [-1.874175, 52.494297]}}, {"type": "Feature", "properties": {"id": "store-1042", "name": "Boots", "shop": "pharmacy", "neighbourhood": "Nechells", "opening_hours": "Mo-Su 00:00-24:00"}, "geometry": {"type": "Point", "coordinates": [-1.87157, 52.494635]}}, {"type": "Feature", "properties": {"id": "store-1043", "name": "One Stop", "shop": "convenience", "neighbourhood": "Nechells", "opening_hours": "Mo-Su 07:00-22:00"}, "geometry": {"type": "Point", "coordinates": [-1.865818, 52.492617]}}, {"type": "Feature", "properties": {"id": "store-1044", "name": "Greggs", "shop": "bakery", "neighbourhood": "Nechells", "opening_hours": "Mo-Fr 09:00-18:00"}, "geometry": {"type": "Point", "coordinates": [-1.865993, 52.496976]}}, {"type": "Feature", "properties": {"id": "store-1045", "name": "Toolstation", "shop": "hardware", "neighbourhood": "Nechells", "opening_hours": "Mo-Fr 09:00-18:00"}, "geometry": {"type": "Point", "coordinates": [-1.875677, 52.493432]}}, {"type": "Feature", "properties": {"id": "store-1046", "name": "Day Lewis", "shop": "pharmacy", "neighbourhood": "Nechells", "opening_hours": "Mo-Su 00:00-24:00"}, "geometry": {"type": "Point", "coordinates": [-1.87263, 52.492036]}}, {"type": "Feature", "properties": {"id": "store-1047", "name": "Rowlands Pharmacy", "shop": "pharmacy", "neighbourhood": "Nechells", "opening_hours": "Mo-Fr 09:00-18:00"}, "geometry": {"type": "Point", "coordinates": [-1.872564, 52.497167]}}, {"type": "Feature", "properties": {"id": "store-1048", "name": "Patisserie", "shop": "bakery", "neighbourhood": "Nechells", "opening_hours": "Mo-Su 00:00-24:00"}, "geometry": {"type": "Point", "coordinates": [-1.869852, 52.492092]}}, {"type": "Feature", "properties": {"id": "store-1049", "name": "M&S Food", "shop": "supermarket", "neighbourhood": "Nechells", "opening_hours": "Mo-Su 07:00-22:00"}, "geometry": {"type": "Point", "coordinates": [-1.870038, 52.494178]}}, {"type": "Feature", "properties": {"id": "store-1050", "name": "Greggs", "shop": "bakery", "neighbourhood": "Nechells", "opening_hours": "Mo-Fr 09:00-18:00"}, "geometry": {"type": "Point", "coordinates": [-1.873358, 52.493839]}}, {"type": "Feature", "properties": {"id": "store-1051", "name": "Harveys", "shop": "furniture", "neighbourhood": "Nechells", "opening_hours": "Mo-Su 07:00-22:00"}, "geometry": {"type": "Point", "coordinates": [-1.868766, 52.496555]}}, {"type": "Feature", "properties": {"id": "store-1052", "name": "Spar", "shop": "convenience", "neighbourhood": "Nechells", "opening_hours": "Mo-Su 00:00-24:00"}, "geometry": {"type": "Point", "coordinates": [-1.874751, 52.491626]}}, {"type": "Feature", "properties": {"id": "store-1053", "name": "Screwfix", "shop": "hardware", "neighbourhood": "Nechells", "opening_hours": "Mo-Su 00:00-24:00"}, "geometry": {"type": "Point", "coordinates": [-1.864785, 52.492962]}}, {"type": "Feature", "properties": {"id": "store-1054", "name": "Greggs", "shop": "bakery", "neighbourhood": "Nechells", "opening_hours": "Mo-Sa 08:00-21:00"}, "geometry": {"type": "Point", "coordinates": [-1.864712, 52.491918]}}, {"type": "Feature", "properties": {"id": "store-1055", "name": "WHSmith", "shop": "general", "neighbourhood": "Nechells", "opening_hours": "Mo-Fr 09:00-18:00"}, "geometry": {"type": "Point", "coordinates": [-1.863658, 52.495417]}}, {"type": "Feature", "properties": {"id": "store-1056", "name": "Rowlands Pharmacy", "shop": "pharmacy", "neighbourhood": "Nechells", "opening_hours": "Mo-Fr 09:00-18:00"}, "geometry": {"type": "Point", "coordinates": [-1.875685, 52.495059]}}, {"type": "Feature", "properties": {"id": "store-1057", "name": "Matalan", "shop": "clothes", "neighbourhood": "Nechells", "opening_hours": "Mo-Su 07:00-22:00"}, "geometry": {"type": "Point", "coordinates": [-1.873401, 52.49657]}}, {"type": "Feature", "properties": {"id": "store-1058", "name": "Newsagent", "shop": "newsagent", "neighbourhood": "Nechells", "opening_hours": "Mo-Su 07:00-22:00"}, "geometry": {"type": "Point", "coordinates": [-1.873483, 52.495256]}}, {"type": "Feature", "properties": {"id": "store-1059", "name": "SCS", "shop": "furniture", "neighbourhood": "Nechells", "opening_hours": "Mo-Su 07:00-22:00"}, "geometry": {"type": "Point", "coordinates": [-1.864084, 52.494967]}}, {"type": "Feature", "properties": {"id": "store-1060", "name": "ASDA Superstore", "shop": "supermarket", "neighbourhood": "Nechells", "opening_hours": "Mo-Sa 08:00-21:00"}, "geometry": {"type": "Point", "coordinates": [-1.870744, 52.496342]}}, {"type": "Feature", "properties": {"id": "store-1061", "name": "Nail Studio", "shop": "beauty", "neighbourhood": "Nechells", "opening_hours": "Mo-Su 00:00-24:00"}, "geometry": {"type": "Point", "coordinates": [-1.871992, 52.491464]}}, {"type": "Feature", "properties": {"id": "store-1062", "name": "Sainsbury's", "shop": "supermarket", "neighbourhood": "Nechells", "opening_hours": "Mo-Su 00:00-24:00"}, "geometry": {"type": "Point", "coordinates": [-1.873733, 52.493414]}}, {"type": "Feature", "properties": {"id": "store-1063", "name": "Premier", "shop": "convenience", "neighbourhood": "Nechells", "opening_hours": "Mo-Sa 08:00-21:00"}, "geometry": {"type": "Point", "coordinates": [-1.867853, 52.489807]}}, {"type": "Feature", "properties": {"id": "store-1064", "name": "Screwfix", "shop": "hardware", "neighbourhood": "Nechells", "opening_hours": "Mo-Fr 09:00-18:00"}, "geometry": {"type": "Point", "coordinates": [-1.865751, 52.497039]}}, {"type": "Feature", "properties": {"id": "store-1065", "name": "Poundworld", "shop": "general", "neighbourhood": "Nechells", "opening_hours": "Mo-Sa 08:00-21:00"}, "geometry": {"type": "Point", "coordinates": [-1.870249, 52.489976]}}, {"type": "Feature", "properties": {"id": "store-1066", "name": "Scope", "shop": "charity", "neighbourhood": "Nechells", "opening_hours": "Mo-Su 00:00-24:00"}, "geometry": {"type": "Point", "coordinates": [-1.865659, 52.49232]}}, {"type": "Feature", "properties": {"id": "store-1067", "name": "Cancer Research UK", "shop": "charity", "neighbourhood": "Nechells", "opening_hours": "Mo-Sa 08:00-21:00"}, "geometry": {"type": "Point", "coordinates": [-1.864587, 52.496613]}}, {"type": "Feature", "properties": {"id": "store-1068", "name": "Post Office", "shop": "newsagent", "neighbourhood": "Nechells", "opening_hours": "Mo-Su 07:00-22:00"}, "geometry": {"type": "Point", "coordinates": [-1.874951, 52.493514]}}, {"type": "Feature", "properties": {"id": "store-1069", "name": "Halal Butchers", "shop": "butcher", "neighbourhood": "Nechells", "opening_hours": "Mo-Su 00:00-24:00"}, "geometry": {"type": "Point", "coordinates": [-1.869816, 52.498348]}}, {"type": "Feature", "properties": {"id": "store-1070", "name": "Rowlands Pharmacy", "shop": "pharmacy", "neighbourhood": "Nechells", "opening_hours": "Mo-Su 00:00-24:00"}, "geometry": {"type": "Point", "coordinates": [-1.869672, 52.493053]}}, {"type": "Feature", "properties": {"id": "store-1071", "name": "Greggs", "shop": "bakery", "neighbourhood": "Nechells", "opening_hours": "Mo-Su 00:00-24:00"}, "geometry": {"type": "Point", "coordinates": [-1.869093, 52.497884]}}, {"type": "Feature", "properties": {"id": "store-1072", "name": "Peak Pharmacy", "shop": "pharmacy", "neighbourhood": "Nechells", "opening_hours": "Mo-Fr 09:00-18:00"}, "geometry": {"type": "Point", "coordinates": [-1.866229, 52.494737]}}, {"type": "Feature", "properties": {"id": "store-1073", "name": "Spar", "shop": "convenience", "neighbourhood": "Nechells", "opening_hours": "Mo-Su 07:00-22:00"}, "geometry": {"type": "Point", "coordinates": [-1.873398, 52.492881]}}, {"type": "Feature", "properties": {"id": "store-1074", "name": "Lidl", "shop": "supermarket", "neighbourhood": "Nechells", "opening_hours": "Mo-Su 00:00-24:00"}, "geometry": {"type": "Point", "coordinates": [-1.871434, 52.497255]}}, {"type": "Feature", "properties": {"id": "store-1075", "name": "B&M", "shop": "general", "neighbourhood": "Nechells", "opening_hours": "Mo-Sa 08:00-21:00"}, "geometry": {"type": "Point", "coordinates": [-1.871176, 52.491767]}}, {"type": "Feature", "properties": {"id": "store-1076", "name": "Salvation Army", "shop": "charity", "neighbourhood": "Nechells", "opening_hours": "Mo-Su 07:00-22:00"}, "geometry": {"type": "Point", "coordinates": [-1.866366, 52.495193]}}, {"type": "Feature", "properties": {"id": "store-1077", "name": "Halal Butchers", "shop": "butcher", "neighbourhood": "Nechells", "opening_hours": "Mo-Fr 09:00-18:00"}, "geometry": {"type": "Point", "coordinates": [-1.866298, 52.496115]}}, {"type": "Feature", "properties": {"id": "store-1078", "name": "Family Shopper", "shop": "convenience", "neighbourhood": "Nechells", "opening_hours": "Mo-Fr 09:00-18:00"}, "geometry": {"type": "Point", "coordinates": [-1.868398, 52.496775]}}, {"type": "Feature", "properties": {"id": "store-1079", "name": "The Range", "shop": "furniture", "neighbourhood": "Nechells", "opening_hours": "Mo-Su 07:00-22:00"}, "geometry": {"type": "Point", "coordinates": [-1.87276, 52.492125]}}, {"type": "Feature", "properties": {"id": "store-1080", "name": "EE", "shop": "electronics", "neighbourhood": "Nechells", "opening_hours": "Mo-Su 07:00-22:00"}, "geometry": {"type": "Point", "coordinates": [-1.871059, 52.497863]}}, {"type": "Feature", "properties": {"id": "store-1081", "name": "Laptop Direct", "shop": "electronics", "neighbourhood": "Nechells", "opening_hours": "Mo-Su 00:00-24:00"}, "geometry": {"type": "Point", "coordinates": [-1.876549, 52.495662]}}, {"type": "Feature", "properties": {"id": "store-1082", "name": "O2", "shop": "electronics", "neighbourhood": "Nechells", "opening_hours": "Mo-Sa 08:00-21:00"}, "geometry": {"type": "Point", "coordinates": [-1.875714, 52.492481]}}, {"type": "Feature", "properties": {"id": "store-1083", "name": "Londis", "shop": "convenience", "neighbourhood": "Nechells", "opening_hours": "Mo-Fr 09:00-18:00"}, "geometry": {"type": "Point", "coordinates": [-1.864502, 52.49664]}}, {"type": "Feature", "properties": {"id": "store-1084", "name": "Peacocks", "shop": "clothes", "neighbourhood": "Nechells", "opening_hours": "Mo-Fr 09:00-18:00"}, "geometry": {"type": "Point", "coordinates": [-1.863526, 52.495754]}}, {"type": "Feature", "properties": {"id": "store-1085", "name": "Morrisons", "shop": "supermarket", "neighbourhood": "Nechells", "opening_hours": "Mo-Fr 09:00-18:00"}, "geometry": {"type": "Point", "coordinates": [-1.869852, 52.492852]}}, {"type": "Feature", "properties": {"id": "store-1086", "name": "Select", "shop": "clothes", "neighbourhood": "Nechells", "opening_hours": "Mo-Sa 08:00-21:00"}, "geometry": {"type": "Point", "coordinates": [-1.87324, 52.495355]}}, {"type": "Feature", "properties": {"id": "store-1087", "name": "WHSmith", "shop": "newsagent", "neighbourhood": "Nechells", "opening_hours": "Mo-Su 00:00-24:00"}, "geometry": {"type": "Point", "coordinates": [-1.870235, 52.491135]}}, {"type": "Feature", "properties": {"id": "store-1088", "name": "McColl's", "shop": "convenience", "neighbourhood": "Nechells", "opening_hours": "Mo-Fr 09:00-18:00"}, "geometry": {"type": "Point", "coordinates": [-1.870681, 52.492874]}}, {"type": "Feature", "properties": {"id": "store-1089", "name": "Nisa Local", "shop": "convenience", "neighbourhood": "Nechells", "opening_hours": "Mo-Fr 09:00-18:00"}, "geometry": {"type": "Point", "coordinates": [-1.871947, 52.492146]}}, {"type": "Feature", "properties": {"id": "store-1090", "name": "Oak Furnitureland", "shop": "furniture", "neighbourhood": "Nechells", "opening_hours": "Mo-Fr 09:00-18:00"}, "geometry": {"type": "Point", "coordinates": [-1.86712, 52.492041]}}, {"type": "Feature", "properties": {"id": "store-1091", "name": "Wilko", "shop": "hardware", "neighbourhood": "Nechells", "opening_hours": "Mo-Sa 08:00-21:00"}, "geometry": {"type": "Point", "coordinates": [-1.874769, 52.494636]}}, {"type": "Feature", "properties": {"id": "store-1092", "name": "Post Office", "shop": "newsagent", "neighbourhood": "Nechells", "opening_hours": "Mo-Fr 09:00-18:00"}, "geometry": {"type": "Point", "coordinates": [-1.864639, 52.495713]}}, {"type": "Feature", "properties": {"id": "store-1093", "name": "H&M", "shop": "clothes", "neighbourhood": "Nechells", "opening_hours": "Mo-Fr 09:00-18:00"}, "geometry": {"type": "Point", "coordinates": [-1.866241, 52.496618]}}, {"type": "Feature", "properties": {"id": "store-1094", "name": "Tesco Extra", "shop": "supermarket", "neighbourhood": "Nechells", "opening_hours": "Mo-Fr 09:00-18:00"}, "geometry": {"type": "Point", "coordinates": [-1.863531, 52.49597]}}, {"type": "Feature", "properties": {"id": "store-1095", "name": "Sainsbury's", "shop": "supermarket", "neighbourhood": "Nechells", "opening_hours": "Mo-Sa 08:00-21:00"}, "geometry": {"type": "Point", "coordinates": [-1.864747, 52.492309]}}, {"type": "Feature", "properties": {"id": "store-1096", "name": "Greggs", "shop": "bakery", "neighbourhood": "Nechells", "opening_hours": "Mo-Sa 08:00-21:00"}, "geometry": {"type": "Point", "coordinates": [-1.874575, 52.497251]}}, {"type": "Feature", "properties": {"id": "store-1097", "name": "Family Shopper", "shop": "convenience", "neighbourhood": "Nechells", "opening_hours": "Mo-Fr 09:00-18:00"}, "geometry": {"type": "Point", "coordinates": [-1.874219, 52.49239]}}, {"type": "Feature", "properties": {"id": "store-1098", "name": "Family Shopper", "shop": "convenience", "neighbourhood": "Nechells", "opening_hours": "Mo-Su 00:00-24:00"}, "geometry": {"type": "Point", "coordinates": [-1.864245, 52.495245]}}, {"type": "Feature", "properties": {"id": "store-1099", "name": "Newsagent", "shop": "newsagent", "neighbourhood": "Nechells", "opening_hours": "Mo-Su 07:00-22:00"}, "geometry": {"type": "Point", "coordinates": [-1.873508, 52.4978]}}, {"type": "Feature", "properties": {"id": "store-1100", "name": "Peak Pharmacy", "shop": "pharmacy", "neighbourhood": "Nechells", "opening_hours": "Mo-Sa 08:00-21:00"}, "geometry": {"type": "Point", "coordinates": [-1.872874, 52.490943]}}, {"type": "Feature", "properties": {"id": "store-1101", "name": "Poundland", "shop": "general", "neighbourhood": "Nechells", "opening_hours": "Mo-Su 07:00-22:00"}, "geometry": {"type": "Point", "coordinates": [-1.871478, 52.494676]}}, {"type": "Feature", "properties": {"id": "store-1102", "name": "River Island", "shop": "clothes", "neighbourhood": "Nechells", "opening_hours": "Mo-Su 07:00-22:00"}, "geometry": {"type": "Point", "coordinates": [-1.876417, 52.492821]}}, {"type": "Feature", "properties": {"id": "store-1103", "name": "Peacocks", "shop": "clothes", "neighbourhood": "Nechells", "opening_hours": "Mo-Fr 09:00-18:00"}, "geometry": {"type": "Point", "coordinates": [-1.863827, 52.49435]}}, {"type": "Feature", "properties": {"id": "store-1104", "name": "Nisa Local", "shop": "convenience", "neighbourhood": "Nechells", "opening_hours": "Mo-Fr 09:00-18:00"}, "geometry": {"type": "Point", "coordinates": [-1.867283, 52.491531]}}, {"type": "Feature", "properties": {"id": "store-1105", "name": "Sue Ryder", "shop": "charity", "neighbourhood": "Nechells", "opening_hours": "Mo-Fr 09:00-18:00"}, "geometry": {"type": "Point", "coordinates": [-1.865772, 52.496155]}}, {"type": "Feature", "properties": {"id": "store-1106", "name": "Family Butchers", "shop": "butcher", "neighbourhood": "Nechells", "opening_hours": "Mo-Su 07:00-22:00"}, "geometry": {"type": "Point", "coordinates": [-1.863908, 52.496546]}}, {"type": "Feature", "properties": {"id": "store-1107", "name": "Corner Shop", "shop": "newsagent", "neighbourhood": "Nechells", "opening_hours": "Mo-Fr 09:00-18:00"}, "geometry": {"type": "Point", "coordinates": [-1.869596, 52.494508]}}, {"type": "Feature", "properties": {"id": "store-1108", "name": "Best-one", "shop": "convenience", "neighbourhood": "Nechells", "opening_hours": "Mo-Fr 09:00-18:00"}, "geometry": {"type": "Point", "coordinates": [-1.870427, 52.495639]}}, {"type": "Feature", "properties": {"id": "store-1109", "name": "Poundworld", "shop": "general", "neighbourhood": "Nechells", "opening_hours": "Mo-Fr 09:00-18:00"}, "geometry": {"type": "Point", "coordinates": [-1.873825, 52.496947]}}, {"type": "Feature", "properties": {"id": "store-1110", "name": "Three", "shop": "electronics", "neighbourhood": "Nechells", "opening_hours": "Mo-Sa 08:00-21:00"}, "geometry": {"type": "Point", "coordinates": [-1.870325, 52.490659]}}, {"type": "Feature", "properties": {"id": "store-1111", "name": "Hair & Beauty", "shop": "beauty", "neighbourhood": "Nechells", "opening_hours": "Mo-Su 00:00-24:00"}, "geometry": {"type": "Point", "coordinates": [-1.864709, 52.495375]}}, {"type": "Feature", "properties": {"id": "store-1112", "name": "Primark", "shop": "clothes", "neighbourhood": "Nechells", "opening_hours": "Mo-Fr 09:00-18:00"}, "geometry": {"type": "Point", "coordinates": [-1.867095, 52.49118]}}, {"type": "Feature", "properties": {"id": "store-1113", "name": "Martin McColl", "shop": "newsagent", "neighbourhood": "Small Heath", "opening_hours": "Mo-Su 00:00-24:00"}, "geometry": {"type": "Point", "coordinates": [-1.844642, 52.475789]}}, {"type": "Feature", "properties": {"id": "store-1114", "name": "British Heart Foundation", "shop": "charity", "neighbourhood": "Small Heath", "opening_hours": "Mo-Sa 08:00-21:00"}, "geometry": {"type": "Point", "coordinates": [-1.849277, 52.470033]}}, {"type": "Feature", "properties": {"id": "store-1115", "name": "Pound Bakery", "shop": "general", "neighbourhood": "Small Heath", "opening_hours": "Mo-Su 00:00-24:00"}, "geometry": {"type": "Point", "coordinates": [-1.848245, 52.465886]}}, {"type": "Feature", "properties": {"id": "store-1116", "name": "Boots", "shop": "pharmacy", "neighbourhood": "Small Heath", "opening_hours": "Mo-Fr 09:00-18:00"}, "geometry": {"type": "Point", "coordinates": [-1.857333, 52.466806]}}, {"type": "Feature", "properties": {"id": "store-1117", "name": "Nail Studio", "shop": "beauty", "neighbourhood": "Small Heath", "opening_hours": "Mo-Fr 09:00-18:00"}, "geometry": {"type": "Point", "coordinates": [-1.846792, 52.465424]}}, {"type": "Feature", "properties": {"id": "store-1118", "name": "Nisa Local", "shop": "convenience", "neighbourhood": "Small Heath", "opening_hours": "Mo-Su 07:00-22:00"}, "geometry": {"type": "Point", "coordinates": [-1.840663, 52.467706]}}, {"type": "Feature", "properties": {"id": "store-1119", "name": "Family Shopper", "shop": "convenience", "neighbourhood": "Small Heath", "opening_hours": "Mo-Su 00:00-24:00"}, "geometry": {"type": "Point", "coordinates": [-1.858607, 52.470114]}}, {"type": "Feature", "properties": {"id": "store-1120", "name": "Co-op", "shop": "convenience", "neighbourhood": "Small Heath", "opening_hours": "Mo-Su 00:00-24:00"}, "geometry": {"type": "Point", "coordinates": [-1.846937, 52.476593]}}, {"type": "Feature", "properties": {"id": "store-1121", "name": "Spar", "shop": "convenience", "neighbourhood": "Small Heath", "opening_hours": "Mo-Sa 08:00-21:00"}, "geometry": {"type": "Point", "coordinates": [-1.858716, 52.47406]}}, {"type": "Feature", "properties": {"id": "store-1122", "name": "Nisa Local", "shop": "convenience", "neighbourhood": "Small Heath", "opening_hours": "Mo-Su 00:00-24:00"}, "geometry": {"type": "Point", "coordinates": [-1.850384, 52.465354]}}, {"type": "Feature", "properties": {"id": "store-1123", "name": "Post Office", "shop": "newsagent", "neighbourhood": "Small Heath", "opening_hours": "Mo-Sa 08:00-21:00"}, "geometry": {"type": "Point", "coordinates": [-1.844078, 52.471424]}}, {"type": "Feature", "properties": {"id": "store-1124", "name": "Fresh Meat", "shop": "butcher", "neighbourhood": "Small Heath", "opening_hours": "Mo-Sa 08:00-21:00"}, "geometry": {"type": "Point", "coordinates": [-1.855443, 52.477234]}}, {"type": "Feature", "properties": {"id": "store-1125", "name": "Peak Pharmacy", "shop": "pharmacy", "neighbourhood": "Small Heath", "opening_hours": "Mo-Su 07:00-22:00"}, "geometry": {"type": "Point", "coordinates": [-1.84012, 52.471574]}}, {"type": "Feature", "properties": {"id": "store-1126", "name": "Nisa Local", "shop": "convenience", "neighbourhood": "Small Heath", "opening_hours": "Mo-Fr 09:00-18:00"}, "geometry": {"type": "Point", "coordinates": [-1.847131, 52.470847]}}, {"type": "Feature", "properties": {"id": "store-1127", "name": "TK Maxx", "shop": "clothes", "neighbourhood": "Small Heath", "opening_hours": "Mo-Sa 08:00-21:00"}, "geometry": {"type": "Point", "coordinates": [-1.857602, 52.47208]}}, {"type": "Feature", "properties": {"id": "store-1128", "name": "River Island", "shop": "clothes", "neighbourhood": "Small Heath", "opening_hours": "Mo-Su 07:00-22:00"}, "geometry": {"type": "Point", "coordinates": [-1.840166, 52.473504]}}, {"type": "Feature", "properties": {"id": "store-1129", "name": "Well Pharmacy", "shop": "pharmacy", "neighbourhood": "Small Heath", "opening_hours": "Mo-Sa 08:00-21:00"}, "geometry": {"type": "Point", "coordinates": [-1.847388, 52.476645]}}, {"type": "Feature", "properties": {"id": "store-1130", "name": "Lloyds Pharmacy", "shop": "pharmacy", "neighbourhood": "Small Heath", "opening_hours": "Mo-Fr 09:00-18:00"}, "geometry": {"type": "Point", "coordinates": [-1.843187, 52.467592]}}, {"type": "Feature", "properties": {"id": "store-1131", "name": "Three", "shop": "electronics", "neighbourhood": "Small Heath", "opening_hours": "Mo-Su 07:00-22:00"}, "geometry": {"type": "Point", "coordinates": [-1.849152, 52.478921]}}, {"type": "Feature", "properties": {"id": "store-1132", "name": "Matalan", "shop": "clothes", "neighbourhood": "Small Heath", "opening_hours": "Mo-Su 00:00-24:00"}, "geometry": {"type": "Point", "coordinates": [-1.845047, 52.476301]}}, {"type": "Feature", "properties": {"id": "store-1133", "name": "M&S Food", "shop": "supermarket", "neighbourhood": "Small Heath", "opening_hours": "Mo-Fr 09:00-18:00"}, "geometry": {"type": "Point", "coordinates": [-1.844736, 52.470105]}}, {"type": "Feature", "properties": {"id": "store-1134", "name": "Bargain Booze", "shop": "convenience", "neighbourhood": "Small Heath", "opening_hours": "Mo-Sa 08:00-21:00"}, "geometry": {"type": "Point", "coordinates": [-1.847648, 52.466253]}}, {"type": "Feature", "properties": {"id": "store-1135", "name": "Bargain Buys", "shop": "general", "neighbourhood": "Small Heath", "opening_hours": "Mo-Su 07:00-22:00"}, "geometry": {"type": "Point", "coordinates": [-1.851218, 52.466113]}}, {"type": "Feature", "properties": {"id": "store-1136", "name": "Tesco Extra", "shop": "supermarket", "neighbourhood": "Small Heath", "opening_hours": "Mo-Su 07:00-22:00"}, "geometry": {"type": "Point", "coordinates": [-1.859545, 52.468935]}}, {"type": "Feature", "properties": {"id": "store-1137", "name": "Newsagent", "shop": "newsagent", "neighbourhood": "Small Heath", "opening_hours": "Mo-Sa 08:00-21:00"}, "geometry": {"type": "Point", "coordinates": [-1.856447, 52.470315]}}, {"type": "Feature", "properties": {"id": "store-1138", "name": "Aldi", "shop": "supermarket", "neighbourhood": "Small Heath", "opening_hours": "Mo-Sa 08:00-21:00"}, "geometry": {"type": "Point", "coordinates": [-1.848023, 52.477543]}}, {"type": "Feature", "properties": {"id": "store-1139", "name": "WHSmith", "shop": "newsagent", "neighbourhood": "Small Heath", "opening_hours": "Mo-Su 07:00-22:00"}, "geometry": {"type": "Point", "coordinates": [-1.852893, 52.477481]}}, {"type": "Feature", "properties": {"id": "store-1140", "name": "Family Butchers", "shop": "butcher", "neighbourhood": "Small Heath", "opening_hours": "Mo-Su 07:00-22:00"}, "geometry": {"type": "Point", "coordinates": [-1.853346, 52.473611]}}, {"type": "Feature", "properties": {"id": "store-1141", "name": "Carphone Warehouse", "shop": "electronics", "neighbourhood": "Small Heath", "opening_hours": "Mo-Fr 09:00-18:00"}, "geometry": {"type": "Point", "coordinates": [-1.855611, 52.470785]}}, {"type": "Feature", "properties": {"id": "store-1142", "name": "Three", "shop": "electronics", "neighbourhood": "Small Heath", "opening_hours": "Mo-Su 00:00-24:00"}, "geometry": {"type": "Point", "coordinates": [-1.852904, 52.475351]}}, {"type": "Feature", "properties": {"id": "store-1143", "name": "Robert Dyas", "shop": "hardware", "neighbourhood": "Small Heath", "opening_hours": "Mo-Fr 09:00-18:00"}, "geometry": {"type": "Point", "coordinates": [-1.847261, 52.47303]}}, {"type": "Feature", "properties": {"id": "store-1144", "name": "B&M", "shop": "general", "neighbourhood": "Small Heath", "opening_hours": "Mo-Sa 08:00-21:00"}, "geometry": {"type": "Point", "coordinates": [-1.847483, 52.471123]}}, {"type": "Feature", "properties": {"id": "store-1145", "name": "Card Factory", "shop": "general", "neighbourhood": "Small Heath", "opening_hours": "Mo-Sa 08:00-21:00"}, "geometry": {"type": "Point", "coordinates": [-1.846974, 52.467294]}}, {"type": "Feature", "properties": {"id": "store-1146", "name": "Beauty Bar", "shop": "beauty", "neighbourhood": "Small Heath", "opening_hours": "Mo-Sa 08:00-21:00"}, "geometry": {"type": "Point", "coordinates": [-1.853086, 52.470551]}}, {"type": "Feature", "properties": {"id": "store-1147", "name": "Vodafone", "shop": "electronics", "neighbourhood": "Small Heath", "opening_hours": "Mo-Su 07:00-22:00"}, "geometry": {"type": "Point", "coordinates": [-1.852532, 52.470228]}}, {"type": "Feature", "properties": {"id": "store-1148", "name": "Corner Shop", "shop": "newsagent", "neighbourhood": "Small Heath", "opening_hours": "Mo-Su 07:00-22:00"}, "geometry": {"type": "Point", "coordinates": [-1.849318, 52.473867]}}, {"type": "Feature", "properties": {"id": "store-1149", "name": "Greggs", "shop": "bakery", "neighbourhood": "Small Heath", "opening_hours": "Mo-Fr 09:00-18:00"}, "geometry": {"type": "Point", "coordinates": [-1.852763, 52.474213]}}, {"type": "Feature", "properties": {"id": "store-1150", "name": "Poundland", "shop": "general", "neighbourhood": "Small Heath", "opening_hours": "Mo-Fr 09:00-18:00"}, "geometry": {"type": "Point", "coordinates": [-1.840153, 52.471378]}}, {"type": "Feature", "properties": {"id": "store-1151", "name": "WHSmith", "shop": "newsagent", "neighbourhood": "Small Heath", "opening_hours": "Mo-Sa 08:00-21:00"}, "geometry": {"type": "Point", "coordinates": [-1.84897, 52.467463]}}, {"type": "Feature", "properties": {"id": "store-1152", "name": "Dreams", "shop": "furniture", "neighbourhood": "Small Heath", "opening_hours": "Mo-Su 07:00-22:00"}, "geometry": {"type": "Point", "coordinates": [-1.84976, 52.479039]}}, {"type": "Feature", "properties": {"id": "store-1153", "name": "River Island", "shop": "clothes", "neighbourhood": "Small Heath", "opening_hours": "Mo-Fr 09:00-18:00"}, "geometry": {"type": "Point", "coordinates": [-1.854691, 52.465644]}}, {"type": "Feature", "properties": {"id": "store-1154", "name": "Greggs", "shop": "bakery", "neighbourhood": "Small Heath", "opening_hours": "Mo-Su 00:00-24:00"}, "geometry": {"type": "Point", "coordinates": [-1.845985, 52.478768]}}, {"type": "Feature", "properties": {"id": "store-1155", "name": "B&Q", "shop": "hardware", "neighbourhood": "Small Heath", "opening_hours": "Mo-Sa 08:00-21:00"}, "geometry": {"type": "Point", "coordinates": [-1.846115, 52.476275]}}, {"type": "Feature", "properties": {"id": "store-1156", "name": "Fresh Meat", "shop": "butcher", "neighbourhood": "Small Heath", "opening_hours": "Mo-Fr 09:00-18:00"}, "geometry": {"type": "Point", "coordinates": [-1.853906, 52.465322]}}, {"type": "Feature", "properties": {"id": "store-1157", "name": "H&M", "shop": "clothes", "neighbourhood": "Small Heath", "opening_hours": "Mo-Fr 09:00-18:00"}, "geometry": {"type": "Point", "coordinates": [-1.85569, 52.476554]}}, {"type": "Feature", "properties": {"id": "store-1158", "name": "Family Shopper", "shop": "convenience", "neighbourhood": "Small Heath", "opening_hours": "Mo-Sa 08:00-21:00"}, "geometry": {"type": "Point", "coordinates": [-1.854407, 52.471752]}}, {"type": "Feature", "properties": {"id": "store-1159", "name": "Nail Studio", "shop": "beauty", "neighbourhood": "Small Heath", "opening_hours": "Mo-Fr 09:00-18:00"}, "geometry": {"type": "Point", "coordinates": [-1.849799, 52.470195]}}, {"type": "Feature", "properties": {"id": "store-1160", "name": "Currys", "shop": "electronics", "neighbourhood": "Small Heath", "opening_hours": "Mo-Su 07:00-22:00"}, "geometry": {"type": "Point", "coordinates": [-1.852287, 52.465566]}}, {"type": "Feature", "properties": {"id": "store-1161", "name": "Corner Shop", "shop": "newsagent", "neighbourhood": "Small Heath", "opening_hours": "Mo-Su 07:00-22:00"}, "geometry": {"type": "Point", "coordinates": [-1.844178, 52.469772]}}, {"type": "Feature", "properties": {"id": "store-1162", "name": "Rowlands Pharmacy", "shop": "pharmacy", "neighbourhood": "Small Heath", "opening_hours": "Mo-Sa 08:00-21:00"}, "geometry": {"type": "Point", "coordinates": [-1.840709, 52.47339]}}, {"type": "Feature", "properties": {"id": "store-1163", "name": "Waitrose", "shop": "supermarket", "neighbourhood": "Small Heath", "opening_hours": "Mo-Sa 08:00-21:00"}, "geometry": {"type": "Point", "coordinates": [-1.855702, 52.471805]}}, {"type": "Feature", "properties": {"id": "store-1164", "name": "Poundland", "shop": "general", "neighbourhood": "Small Heath", "opening_hours": "Mo-Sa 08:00-21:00"}, "geometry": {"type": "Point", "coordinates": [-1.849886, 52.471007]}}, {"type": "Feature", "properties": {"id": "store-1165", "name": "Co-op", "shop": "convenience", "neighbourhood": "Small Heath", "opening_hours": "Mo-Su 00:00-24:00"}, "geometry": {"type": "Point", "coordinates": [-1.854076, 52.471216]}}, {"type": "Feature", "properties": {"id": "store-1166", "name": "Breadshop", "shop": "bakery", "neighbourhood": "Small Heath", "opening_hours": "Mo-Su 07:00-22:00"}, "geometry": {"type": "Point", "coordinates": [-1.853332, 52.472967]}}, {"type": "Feature", "properties": {"id": "store-1167", "name": "Peak Pharmacy", "shop": "pharmacy", "neighbourhood": "Small Heath", "opening_hours": "Mo-Sa 08:00-21:00"}, "geometry": {"type": "Point", "coordinates": [-1.853513, 52.472971]}}, {"type": "Feature", "properties": {"id": "store-1168", "name": "Matalan", "shop": "clothes", "neighbourhood": "Small Heath", "opening_hours": "Mo-Su 00:00-24:00"}, "geometry": {"type": "Point", "coordinates": [-1.847943, 52.474993]}}, {"type": "Feature", "properties": {"id": "store-1169", "name": "Nail Studio", "shop": "beauty", "neighbourhood": "Small Heath", "opening_hours": "Mo-Sa 08:00-21:00"}, "geometry": {"type": "Point", "coordinates": [-1.843265, 52.476325]}}, {"type": "Feature", "properties": {"id": "store-1170", "name": "H&M", "shop": "clothes", "neighbourhood": "Small Heath", "opening_hours": "Mo-Su 00:00-24:00"}, "geometry": {"type": "Point", "coordinates": [-1.859075, 52.472496]}}, {"type": "Feature", "properties": {"id": "store-1171", "name": "Post Office", "shop": "newsagent", "neighbourhood": "Small Heath", "opening_hours": "Mo-Sa 08:00-21:00"}, "geometry": {"type": "Point", "coordinates": [-1.844088, 52.474932]}}, {"type": "Feature", "properties": {"id": "store-1172", "name": "Tesco Extra", "shop": "supermarket", "neighbourhood": "Small Heath", "opening_hours": "Mo-Fr 09:00-18:00"}, "geometry": {"type": "Point", "coordinates": [-1.845721, 52.465574]}}, {"type": "Feature", "properties": {"id": "store-1173", "name": "Boots", "shop": "pharmacy", "neighbourhood": "Small Heath", "opening_hours": "Mo-Su 07:00-22:00"}, "geometry": {"type": "Point", "coordinates": [-1.851457, 52.472156]}}, {"type": "Feature", "properties": {"id": "store-1174", "name": "Fresh Meat", "shop": "butcher", "neighbourhood": "Small Heath", "opening_hours": "Mo-Fr 09:00-18:00"}, "geometry": {"type": "Point", "coordinates": [-1.846809, 52.472923]}}, {"type": "Feature", "properties": {"id": "store-1175", "name": "Lloyds Pharmacy", "shop": "pharmacy", "neighbourhood": "Small Heath", "opening_hours": "Mo-Sa 08:00-21:00"}, "geometry": {"type": "Point", "coordinates": [-1.859874, 52.46977]}}, {"type": "Feature", "properties": {"id": "store-1176", "name": "O2", "shop": "electronics", "neighbourhood": "Small Heath", "opening_hours": "Mo-Sa 08:00-21:00"}, "geometry": {"type": "Point", "coordinates": [-1.845179, 52.474335]}}, {"type": "Feature", "properties": {"id": "store-1177", "name": "McColl's", "shop": "convenience", "neighbourhood": "Small Heath", "opening_hours": "Mo-Su 07:00-22:00"}, "geometry": {"type": "Point", "coordinates": [-1.851469, 52.470926]}}, {"type": "Feature", "properties": {"id": "store-1178", "name": "Primark", "shop": "clothes", "neighbourhood": "Small Heath", "opening_hours": "Mo-Sa 08:00-21:00"}, "geometry": {"type": "Point", "coordinates": [-1.857502, 52.467554]}}, {"type": "Feature", "properties": {"id": "store-1179", "name": "Bargain Buys", "shop": "general", "neighbourhood": "Small Heath", "opening_hours": "Mo-Sa 08:00-21:00"}, "geometry": {"type": "Point", "coordinates": [-1.839022, 52.474556]}}, {"type": "Feature", "properties": {"id": "store-1180", "name": "Co-op", "shop": "convenience", "neighbourhood": "Small Heath", "opening_hours": "Mo-Sa 08:00-21:00"}, "geometry": {"type": "Point", "coordinates": [-1.847912, 52.466439]}}, {"type": "Feature", "properties": {"id": "store-1181", "name": "Salvation Army", "shop": "charity", "neighbourhood": "Small Heath", "opening_hours": "Mo-Fr 09:00-18:00"}, "geometry": {"type": "Point", "coordinates": [-1.847028, 52.474115]}}, {"type": "Feature", "properties": {"id": "store-1182", "name": "M&S Food", "shop": "supermarket", "neighbourhood": "Small Heath", "opening_hours": "Mo-Su 00:00-24:00"}, "geometry": {"type": "Point", "coordinates": [-1.841334, 52.474635]}}, {"type": "Feature", "properties": {"id": "store-1183", "name": "TK Maxx", "shop": "clothes", "neighbourhood": "Small Heath", "opening_hours": "Mo-Su 07:00-22:00"}, "geometry": {"type": "Point", "coordinates": [-1.842388, 52.470962]}}, {"type": "Feature", "properties": {"id": "store-1184", "name": "Lloyds Pharmacy", "shop": "pharmacy", "neighbourhood": "Small Heath", "opening_hours": "Mo-Su 07:00-22:00"}, "geometry": {"type": "Point", "coordinates": [-1.848347, 52.473308]}}, {"type": "Feature", "properties": {"id": "store-1185", "name": "Salvation Army", "shop": "charity", "neighbourhood": "Small Heath", "opening_hours": "Mo-Su 00:00-24:00"}, "geometry": {"type": "Point", "coordinates": [-1.849622, 52.469555]}}, {"type": "Feature", "properties": {"id": "store-1186", "name": "Age UK", "shop": "charity", "neighbourhood": "Small Heath", "opening_hours": "Mo-Su 07:00-22:00"}, "geometry": {"type": "Point", "coordinates": [-1.845021, 52.466559]}}, {"type": "Feature", "properties": {"id": "store-1187", "name": "Martin McColl", "shop": "newsagent", "neighbourhood": "Small Heath", "opening_hours": "Mo-Fr 09:00-18:00"}, "geometry": {"type": "Point", "coordinates": [-1.846711, 52.470961]}}, {"type": "Feature", "properties": {"id": "store-1188", "name": "Salon", "shop": "beauty", "neighbourhood": "Small Heath", "opening_hours": "Mo-Fr 09:00-18:00"}, "geometry": {"type": "Point", "coordinates": [-1.852024, 52.473516]}}, {"type": "Feature", "properties": {"id": "store-1189", "name": "iSmash", "shop": "electronics", "neighbourhood": "Small Heath", "opening_hours": "Mo-Su 00:00-24:00"}, "geometry": {"type": "Point", "coordinates": [-1.840997, 52.476257]}}, {"type": "Feature", "properties": {"id": "store-1190", "name": "Greggs", "shop": "bakery", "neighbourhood": "Small Heath", "opening_hours": "Mo-Sa 08:00-21:00"}, "geometry": {"type": "Point", "coordinates": [-1.842412, 52.476003]}}, {"type": "Feature", "properties": {"id": "store-1191", "name": "Nail Studio", "shop": "beauty", "neighbourhood": "Small Heath", "opening_hours": "Mo-Sa 08:00-21:00"}, "geometry": {"type": "Point", "coordinates": [-1.848182, 52.471337]}}, {"type": "Feature", "properties": {"id": "store-1192", "name": "Peacocks", "shop": "clothes", "neighbourhood": "Small Heath", "opening_hours": "Mo-Sa 08:00-21:00"}, "geometry": {"type": "Point", "coordinates": [-1.844811, 52.475767]}}, {"type": "Feature", "properties": {"id": "store-1193", "name": "Wilko", "shop": "hardware", "neighbourhood": "Small Heath", "opening_hours": "Mo-Sa 08:00-21:00"}, "geometry": {"type": "Point", "coordinates": [-1.856018, 52.476233]}}, {"type": "Feature", "properties": {"id": "store-1194", "name": "Best-one", "shop": "convenience", "neighbourhood": "Small Heath", "opening_hours": "Mo-Fr 09:00-18:00"}, "geometry": {"type": "Point", "coordinates": [-1.854146, 52.467274]}}, {"type": "Feature", "properties": {"id": "store-1195", "name": "Well Pharmacy", "shop": "pharmacy", "neighbourhood": "Small Heath", "opening_hours": "Mo-Su 00:00-24:00"}, "geometry": {"type": "Point", "coordinates": [-1.854192, 52.474173]}}, {"type": "Feature", "properties": {"id": "store-1196", "name": "Age UK", "shop": "charity", "neighbourhood": "Small Heath", "opening_hours": "Mo-Su 00:00-24:00"}, "geometry": {"type": "Point", "coordinates": [-1.849295, 52.476696]}}, {"type": "Feature", "properties": {"id": "store-1197", "name": "Poundworld", "shop": "general", "neighbourhood": "Small Heath", "opening_hours": "Mo-Su 07:00-22:00"}, "geometry": {"type": "Point", "coordinates": [-1.84776, 52.468887]}}, {"type": "Feature", "properties": {"id": "store-1198", "name": "Poundland", "shop": "general", "neighbourhood": "Small Heath", "opening_hours": "Mo-Fr 09:00-18:00"}, "geometry": {"type": "Point", "coordinates": [-1.848771, 52.470682]}}, {"type": "Feature", "properties": {"id": "store-1199", "name": "Salvation Army", "shop": "charity", "neighbourhood": "Sparkbrook", "opening_hours": "Mo-Fr 09:00-18:00"}, "geometry": {"type": "Point", "coordinates": [-1.868799, 52.456414]}}, {"type": "Feature", "properties": {"id": "store-1200", "name": "Waitrose", "shop": "supermarket", "neighbourhood": "Sparkbrook", "opening_hours": "Mo-Fr 09:00-18:00"}, "geometry": {"type": "Point", "coordinates": [-1.862279, 52.462281]}}, {"type": "Feature", "properties": {"id": "store-1201", "name": "Bargain Booze", "shop": "convenience", "neighbourhood": "Sparkbrook", "opening_hours": "Mo-Su 07:00-22:00"}, "geometry": {"type": "Point", "coordinates": [-1.871167, 52.464185]}}, {"type": "Feature", "properties": {"id": "store-1202", "name": "McColl's", "shop": "convenience", "neighbourhood": "Sparkbrook", "opening_hours": "Mo-Su 07:00-22:00"}, "geometry": {"type": "Point", "coordinates": [-1.869154, 52.467132]}}, {"type": "Feature", "properties": {"id": "store-1203", "name": "Best-one", "shop": "convenience", "neighbourhood": "Sparkbrook", "opening_hours": "Mo-Sa 08:00-21:00"}, "geometry": {"type": "Point", "coordinates": [-1.87104, 52.466248]}}, {"type": "Feature", "properties": {"id": "store-1204", "name": "Currys", "shop": "electronics", "neighbourhood": "Sparkbrook", "opening_hours": "Mo-Su 07:00-22:00"}, "geometry": {"type": "Point", "coordinates": [-1.876103, 52.462951]}}, {"type": "Feature", "properties": {"id": "store-1205", "name": "Superdrug", "shop": "pharmacy", "neighbourhood": "Sparkbrook", "opening_hours": "Mo-Fr 09:00-18:00"}, "geometry": {"type": "Point", "coordinates": [-1.864306, 52.458071]}}, {"type": "Feature", "properties": {"id": "store-1206", "name": "Bakers", "shop": "bakery", "neighbourhood": "Sparkbrook", "opening_hours": "Mo-Sa 08:00-21:00"}, "geometry": {"type": "Point", "coordinates": [-1.878646, 52.462096]}}, {"type": "Feature", "properties": {"id": "store-1207", "name": "Oxfam", "shop": "charity", "neighbourhood": "Sparkbrook", "opening_hours": "Mo-Su 00:00-24:00"}, "geometry": {"type": "Point", "coordinates": [-1.872863, 52.462421]}}, {"type": "Feature", "properties": {"id": "store-1208", "name": "Select", "shop": "clothes", "neighbourhood": "Sparkbrook", "opening_hours": "Mo-Su 07:00-22:00"}, "geometry": {"type": "Point", "coordinates": [-1.872231, 52.463602]}}, {"type": "Feature", "properties": {"id": "store-1209", "name": "Salon", "shop": "beauty", "neighbourhood": "Sparkbrook", "opening_hours": "Mo-Sa 08:00-21:00"}, "geometry": {"type": "Point", "coordinates": [-1.86676, 52.460247]}}, {"type": "Feature", "properties": {"id": "store-1210", "name": "Rowlands Pharmacy", "shop": "pharmacy", "neighbourhood": "Sparkbrook", "opening_hours": "Mo-Fr 09:00-18:00"}, "geometry": {"type": "Point", "coordinates": [-1.865423, 52.464354]}}, {"type": "Feature", "properties": {"id": "store-1211", "name": "Age UK", "shop": "charity", "neighbourhood": "Sparkbrook", "opening_hours": "Mo-Sa 08:00-21:00"}, "geometry": {"type": "Point", "coordinates": [-1.878949, 52.461567]}}, {"type": "Feature", "properties": {"id": "store-1212", "name": "Well Pharmacy", "shop": "pharmacy", "neighbourhood": "Sparkbrook", "opening_hours": "Mo-Su 00:00-24:00"}, "geometry": {"type": "Point", "coordinates": [-1.861138, 52.45944]}}, {"type": "Feature", "properties": {"id": "store-1213", "name": "Carphone Warehouse", "shop": "electronics", "neighbourhood": "Sparkbrook", "opening_hours": "Mo-Fr 09:00-18:00"}, "geometry": {"type": "Point", "coordinates": [-1.867879, 52.465627]}}, {"type": "Feature", "properties": {"id": "store-1214", "name": "Superdrug", "shop": "pharmacy", "neighbourhood": "Sparkbrook", "opening_hours": "Mo-Fr 09:00-18:00"}, "geometry": {"type": "Point", "coordinates": [-1.878254, 52.460703]}}, {"type": "Feature", "properties": {"id": "store-1215", "name": "Pound Bakery", "shop": "general", "neighbourhood": "Sparkbrook", "opening_hours": "Mo-Sa 08:00-21:00"}, "geometry": {"type": "Point", "coordinates": [-1.876377, 52.457912]}}, {"type": "Feature", "properties": {"id": "store-1216", "name": "Tesco Express", "shop": "supermarket", "neighbourhood": "Sparkbrook", "opening_hours": "Mo-Su 00:00-24:00"}, "geometry": {"type": "Point", "coordinates": [-1.874399, 52.46532]}}, {"type": "Feature", "properties": {"id": "store-1217", "name": "Spar", "shop": "convenience", "neighbourhood": "Sparkbrook", "opening_hours": "Mo-Sa 08:00-21:00"}, "geometry": {"type": "Point", "coordinates": [-1.870744, 52.46369]}}, {"type": "Feature", "properties": {"id": "store-1218", "name": "Rowlands Pharmacy", "shop": "pharmacy", "neighbourhood": "Sparkbrook", "opening_hours": "Mo-Su 07:00-22:00"}, "geometry": {"type": "Point", "coordinates": [-1.869777, 52.456103]}}, {"type": "Feature", "properties": {"id": "store-1219", "name": "Hair & Beauty", "shop": "beauty", "neighbourhood": "Sparkbrook", "opening_hours": "Mo-Fr 09:00-18:00"}, "geometry": {"type": "Point", "coordinates": [-1.860181, 52.460336]}}, {"type": "Feature", "properties": {"id": "store-1220", "name": "Greggs", "shop": "bakery", "neighbourhood": "Sparkbrook", "opening_hours": "Mo-Sa 08:00-21:00"}, "geometry": {"type": "Point", "coordinates": [-1.864338, 52.459601]}}, {"type": "Feature", "properties": {"id": "store-1221", "name": "Costcutter", "shop": "convenience", "neighbourhood": "Sparkbrook", "opening_hours": "Mo-Su 00:00-24:00"}, "geometry": {"type": "Point", "coordinates": [-1.866277, 52.467434]}}, {"type": "Feature", "properties": {"id": "store-1222", "name": "Greggs", "shop": "bakery", "neighbourhood": "Sparkbrook", "opening_hours": "Mo-Fr 09:00-18:00"}, "geometry": {"type": "Point", "coordinates": [-1.866807, 52.458862]}}, {"type": "Feature", "properties": {"id": "store-1223", "name": "Salvation Army", "shop": "charity", "neighbourhood": "Sparkbrook", "opening_hours": "Mo-Fr 09:00-18:00"}, "geometry": {"type": "Point", "coordinates": [-1.874783, 52.457616]}}, {"type": "Feature", "properties": {"id": "store-1224", "name": "B&Q", "shop": "hardware", "neighbourhood": "Sparkbrook", "opening_hours": "Mo-Su 00:00-24:00"}, "geometry": {"type": "Point", "coordinates": [-1.866455, 52.461236]}}, {"type": "Feature", "properties": {"id": "store-1225", "name": "Co-op", "shop": "convenience", "neighbourhood": "Sparkbrook", "opening_hours": "Mo-Sa 08:00-21:00"}, "geometry": {"type": "Point", "coordinates": [-1.863755, 52.462559]}}, {"type": "Feature", "properties": {"id": "store-1226", "name": "Nisa Local", "shop": "convenience", "neighbourhood": "Sparkbrook", "opening_hours": "Mo-Su 00:00-24:00"}, "geometry": {"type": "Point", "coordinates": [-1.864428, 52.45943]}}, {"type": "Feature", "properties": {"id": "store-1227", "name": "Martin McColl", "shop": "newsagent", "neighbourhood": "Sparkbrook", "opening_hours": "Mo-Sa 08:00-21:00"}, "geometry": {"type": "Point", "coordinates": [-1.866052, 52.46309]}}, {"type": "Feature", "properties": {"id": "store-1228", "name": "Nisa Local", "shop": "convenience", "neighbourhood": "Sparkbrook", "opening_hours": "Mo-Fr 09:00-18:00"}, "geometry": {"type": "Point", "coordinates": [-1.867906, 52.462097]}}, {"type": "Feature", "properties": {"id": "store-1229", "name": "Salon", "shop": "beauty", "neighbourhood": "Sparkbrook", "opening_hours": "Mo-Su 00:00-24:00"}, "geometry": {"type": "Point", "coordinates": [-1.865564, 52.461823]}}, {"type": "Feature", "properties": {"id": "store-1230", "name": "EE", "shop": "electronics", "neighbourhood": "Sparkbrook", "opening_hours": "Mo-Su 00:00-24:00"}, "geometry": {"type": "Point", "coordinates": [-1.870548, 52.464403]}}, {"type": "Feature", "properties": {"id": "store-1231", "name": "Poundworld", "shop": "general", "neighbourhood": "Sparkbrook", "opening_hours": "Mo-Fr 09:00-18:00"}, "geometry": {"type": "Point", "coordinates": [-1.86887, 52.462719]}}, {"type": "Feature", "properties": {"id": "store-1232", "name": "Bargain Buys", "shop": "general", "neighbourhood": "Sparkbrook", "opening_hours": "Mo-Su 00:00-24:00"}, "geometry": {"type": "Point", "coordinates": [-1.871792, 52.464239]}}, {"type": "Feature", "properties": {"id": "store-1233", "name": "Poundworld", "shop": "general", "neighbourhood": "Sparkbrook", "opening_hours": "Mo-Fr 09:00-18:00"}, "geometry": {"type": "Point", "coordinates": [-1.869091, 52.45865]}}, {"type": "Feature", "properties": {"id": "store-1234", "name": "Boots", "shop": "pharmacy", "neighbourhood": "Sparkbrook", "opening_hours": "Mo-Sa 08:00-21:00"}, "geometry": {"type": "Point", "coordinates": [-1.867056, 52.460882]}}, {"type": "Feature", "properties": {"id": "store-1235", "name": "Aldi", "shop": "supermarket", "neighbourhood": "Sparkbrook", "opening_hours": "Mo-Sa 08:00-21:00"}, "geometry": {"type": "Point", "coordinates": [-1.873183, 52.461058]}}, {"type": "Feature", "properties": {"id": "store-1236", "name": "M&S Food", "shop": "supermarket", "neighbourhood": "Sparkbrook", "opening_hours": "Mo-Sa 08:00-21:00"}, "geometry": {"type": "Point", "coordinates": [-1.868952, 52.460192]}}, {"type": "Feature", "properties": {"id": "store-1237", "name": "B&M", "shop": "general", "neighbourhood": "Sparkbrook", "opening_hours": "Mo-Sa 08:00-21:00"}, "geometry": {"type": "Point", "coordinates": [-1.872442, 52.459427]}}, {"type": "Feature", "properties": {"id": "store-1238", "name": "Carphone Warehouse", "shop": "electronics", "neighbourhood": "Sparkbrook", "opening_hours": "Mo-Fr 09:00-18:00"}, "geometry": {"type": "Point", "coordinates": [-1.868928, 52.466581]}}, {"type": "Feature", "properties": {"id": "store-1239", "name": "Greggs", "shop": "bakery", "neighbourhood": "Sparkbrook", "opening_hours": "Mo-Su 00:00-24:00"}, "geometry": {"type": "Point", "coordinates": [-1.864517, 52.463216]}}, {"type": "Feature", "properties": {"id": "store-1240", "name": "iSmash", "shop": "electronics", "neighbourhood": "Sparkbrook", "opening_hours": "Mo-Su 00:00-24:00"}, "geometry": {"type": "Point", "coordinates": [-1.864744, 52.457732]}}, {"type": "Feature", "properties": {"id": "store-1241", "name": "McColl's", "shop": "convenience", "neighbourhood": "Sparkbrook", "opening_hours": "Mo-Su 07:00-22:00"}, "geometry": {"type": "Point", "coordinates": [-1.869535, 52.465693]}}, {"type": "Feature", "properties": {"id": "store-1242", "name": "Corner Shop", "shop": "newsagent", "neighbourhood": "Sparkbrook", "opening_hours": "Mo-Fr 09:00-18:00"}, "geometry": {"type": "Point", "coordinates": [-1.860473, 52.463271]}}, {"type": "Feature", "properties": {"id": "store-1243", "name": "Card Factory", "shop": "general", "neighbourhood": "Sparkbrook", "opening_hours": "Mo-Fr 09:00-18:00"}, "geometry": {"type": "Point", "coordinates": [-1.860982, 52.460639]}}, {"type": "Feature", "properties": {"id": "store-1244", "name": "Sainsbury's", "shop": "supermarket", "neighbourhood": "Sparkbrook", "opening_hours": "Mo-Su 00:00-24:00"}, "geometry": {"type": "Point", "coordinates": [-1.863903, 52.46509]}}, {"type": "Feature", "properties": {"id": "store-1245", "name": "Pound Bakery", "shop": "general", "neighbourhood": "Sparkbrook", "opening_hours": "Mo-Fr 09:00-18:00"}, "geometry": {"type": "Point", "coordinates": [-1.868469, 52.456201]}}, {"type": "Feature", "properties": {"id": "store-1246", "name": "Card Factory", "shop": "general", "neighbourhood": "Sparkbrook", "opening_hours": "Mo-Sa 08:00-21:00"}, "geometry": {"type": "Point", "coordinates": [-1.866506, 52.465428]}}, {"type": "Feature", "properties": {"id": "store-1247", "name": "B&Q", "shop": "hardware", "neighbourhood": "Sparkbrook", "opening_hours": "Mo-Sa 08:00-21:00"}, "geometry": {"type": "Point", "coordinates": [-1.872997, 52.457009]}}, {"type": "Feature", "properties": {"id": "store-1248", "name": "Salon", "shop": "beauty", "neighbourhood": "Sparkbrook", "opening_hours": "Mo-Su 00:00-24:00"}, "geometry": {"type": "Point", "coordinates": [-1.864115, 52.463525]}}, {"type": "Feature", "properties": {"id": "store-1249", "name": "Beauty Bar", "shop": "beauty", "neighbourhood": "Sparkbrook", "opening_hours": "Mo-Sa 08:00-21:00"}, "geometry": {"type": "Point", "coordinates": [-1.874919, 52.463762]}}, {"type": "Feature", "properties": {"id": "store-1250", "name": "Bargain Booze", "shop": "convenience", "neighbourhood": "Sparkbrook", "opening_hours": "Mo-Fr 09:00-18:00"}, "geometry": {"type": "Point", "coordinates": [-1.869914, 52.462308]}}, {"type": "Feature", "properties": {"id": "store-1251", "name": "Nisa Local", "shop": "convenience", "neighbourhood": "Sparkbrook", "opening_hours": "Mo-Fr 09:00-18:00"}, "geometry": {"type": "Point", "coordinates": [-1.864059, 52.465658]}}, {"type": "Feature", "properties": {"id": "store-1252", "name": "Iceland", "shop": "supermarket", "neighbourhood": "Sparkbrook", "opening_hours": "Mo-Su 00:00-24:00"}, "geometry": {"type": "Point", "coordinates": [-1.874594, 52.46622]}}, {"type": "Feature", "properties": {"id": "store-1253", "name": "Nail Studio", "shop": "beauty", "neighbourhood": "Sparkbrook", "opening_hours": "Mo-Fr 09:00-18:00"}, "geometry": {"type": "Point", "coordinates": [-1.869555, 52.455793]}}, {"type": "Feature", "properties": {"id": "store-1254", "name": "Greggs", "shop": "bakery", "neighbourhood": "Sparkbrook", "opening_hours": "Mo-Su 07:00-22:00"}, "geometry": {"type": "Point", "coordinates": [-1.873862, 52.456615]}}, {"type": "Feature", "properties": {"id": "store-1255", "name": "Sainsbury's Local", "shop": "supermarket", "neighbourhood": "Sparkbrook", "opening_hours": "Mo-Sa 08:00-21:00"}, "geometry": {"type": "Point", "coordinates": [-1.863664, 52.458226]}}, {"type": "Feature", "properties": {"id": "store-1256", "name": "EE", "shop": "electronics", "neighbourhood": "Sparkbrook", "opening_hours": "Mo-Su 00:00-24:00"}, "geometry": {"type": "Point", "coordinates": [-1.871942, 52.4599]}}, {"type": "Feature", "properties": {"id": "store-1257", "name": "Peacocks", "shop": "clothes", "neighbourhood": "Sparkbrook", "opening_hours": "Mo-Su 07:00-22:00"}, "geometry": {"type": "Point", "coordinates": [-1.865377, 52.463706]}}, {"type": "Feature", "properties": {"id": "store-1258", "name": "Home Bargains", "shop": "general", "neighbourhood": "Sparkbrook", "opening_hours": "Mo-Sa 08:00-21:00"}, "geometry": {"type": "Point", "coordinates": [-1.862703, 52.460863]}}, {"type": "Feature", "properties": {"id": "store-1259", "name": "Londis", "shop": "convenience", "neighbourhood": "Sparkbrook", "opening_hours": "Mo-Su 00:00-24:00"}, "geometry": {"type": "Point", "coordinates": [-1.877975, 52.46245]}}, {"type": "Feature", "properties": {"id": "store-1260", "name": "Bargain Booze", "shop": "convenience", "neighbourhood": "Sparkbrook", "opening_hours": "Mo-Su 00:00-24:00"}, "geometry": {"type": "Point", "coordinates": [-1.877588, 52.464423]}}, {"type": "Feature", "properties": {"id": "store-1261", "name": "Oxfam", "shop": "charity", "neighbourhood": "Sparkbrook", "opening_hours": "Mo-Sa 08:00-21:00"}, "geometry": {"type": "Point", "coordinates": [-1.865535, 52.465958]}}, {"type": "Feature", "properties": {"id": "store-1262", "name": "Superdrug", "shop": "pharmacy", "neighbourhood": "Sparkbrook", "opening_hours": "Mo-Sa 08:00-21:00"}, "geometry": {"type": "Point", "coordinates": [-1.87072, 52.458174]}}, {"type": "Feature", "properties": {"id": "store-1263", "name": "One Stop", "shop": "convenience", "neighbourhood": "Sparkbrook", "opening_hours": "Mo-Su 07:00-22:00"}, "geometry": {"type": "Point", "coordinates": [-1.867559, 52.463983]}}, {"type": "Feature", "properties": {"id": "store-1264", "name": "Tesco Express", "shop": "supermarket", "neighbourhood": "Sparkbrook", "opening_hours": "Mo-Su 07:00-22:00"}, "geometry": {"type": "Point", "coordinates": [-1.865084, 52.45676]}}, {"type": "Feature", "properties": {"id": "store-1265", "name": "TK Maxx", "shop": "clothes", "neighbourhood": "Sparkbrook", "opening_hours": "Mo-Su 00:00-24:00"}, "geometry": {"type": "Point", "coordinates": [-1.869259, 52.458509]}}, {"type": "Feature", "properties": {"id": "store-1266", "name": "WHSmith", "shop": "newsagent", "neighbourhood": "Sparkbrook", "opening_hours": "Mo-Sa 08:00-21:00"}, "geometry": {"type": "Point", "coordinates": [-1.864956, 52.463635]}}, {"type": "Feature", "properties": {"id": "store-1267", "name": "Fresh Meat", "shop": "butcher", "neighbourhood": "Sparkbrook", "opening_hours": "Mo-Sa 08:00-21:00"}, "geometry": {"type": "Point", "coordinates": [-1.863761, 52.465628]}}, {"type": "Feature", "properties": {"id": "store-1268", "name": "Carphone Warehouse", "shop": "electronics", "neighbourhood": "Sparkbrook", "opening_hours": "Mo-Su 07:00-22:00"}, "geometry": {"type": "Point", "coordinates": [-1.860073, 52.463559]}}, {"type": "Feature", "properties": {"id": "store-1269", "name": "O2", "shop": "electronics", "neighbourhood": "Sparkbrook", "opening_hours": "Mo-Su 07:00-22:00"}, "geometry": {"type": "Point", "coordinates": [-1.869151, 52.466358]}}, {"type": "Feature", "properties": {"id": "store-1270", "name": "Beauty Bar", "shop": "beauty", "neighbourhood": "Sparkbrook", "opening_hours": "Mo-Su 07:00-22:00"}, "geometry": {"type": "Point", "coordinates": [-1.86828, 52.467014]}}, {"type": "Feature", "properties": {"id": "store-1271", "name": "Co-op", "shop": "convenience", "neighbourhood": "Sparkbrook", "opening_hours": "Mo-Su 07:00-22:00"}, "geometry": {"type": "Point", "coordinates": [-1.871171, 52.463101]}}, {"type": "Feature", "properties": {"id": "store-1272", "name": "One Stop", "shop": "convenience", "neighbourhood": "Sparkbrook", "opening_hours": "Mo-Sa 08:00-21:00"}, "geometry": {"type": "Point", "coordinates": [-1.879724, 52.463222]}}, {"type": "Feature", "properties": {"id": "store-1273", "name": "Premier", "shop": "convenience", "neighbourhood": "Sparkbrook", "opening_hours": "Mo-Su 00:00-24:00"}, "geometry": {"type": "Point", "coordinates": [-1.871555, 52.461484]}}, {"type": "Feature", "properties": {"id": "store-1274", "name": "Wilko", "shop": "hardware", "neighbourhood": "Sparkbrook", "opening_hours": "Mo-Sa 08:00-21:00"}, "geometry": {"type": "Point", "coordinates": [-1.862335, 52.458507]}}, {"type": "Feature", "properties": {"id": "store-1275", "name": "IKEA", "shop": "furniture", "neighbourhood": "Sparkbrook", "opening_hours": "Mo-Sa 08:00-21:00"}, "geometry": {"type": "Point", "coordinates": [-1.870083, 52.460352]}}, {"type": "Feature", "properties": {"id": "store-1276", "name": "Costcutter", "shop": "convenience", "neighbourhood": "Sparkbrook", "opening_hours": "Mo-Su 07:00-22:00"}, "geometry": {"type": "Point", "coordinates": [-1.87993, 52.46068]}}, {"type": "Feature", "properties": {"id": "store-1277", "name": "Costcutter", "shop": "convenience", "neighbourhood": "Sparkbrook", "opening_hours": "Mo-Fr 09:00-18:00"}, "geometry": {"type": "Point", "coordinates": [-1.870537, 52.463954]}}, {"type": "Feature", "properties": {"id": "store-1278", "name": "Carphone Warehouse", "shop": "electronics", "neighbourhood": "Sparkbrook", "opening_hours": "Mo-Sa 08:00-21:00"}, "geometry": {"type": "Point", "coordinates": [-1.864088, 52.458765]}}, {"type": "Feature", "properties": {"id": "store-1279", "name": "O2", "shop": "electronics", "neighbourhood": "Sparkbrook", "opening_hours": "Mo-Fr 09:00-18:00"}, "geometry": {"type": "Point", "coordinates": [-1.878834, 52.465171]}}, {"type": "Feature", "properties": {"id": "store-1280", "name": "Spar", "shop": "convenience", "neighbourhood": "Sparkbrook", "opening_hours": "Mo-Sa 08:00-21:00"}, "geometry": {"type": "Point", "coordinates": [-1.863313, 52.466749]}}, {"type": "Feature", "properties": {"id": "store-1281", "name": "Co-op", "shop": "convenience", "neighbourhood": "Sparkbrook", "opening_hours": "Mo-Su 07:00-22:00"}, "geometry": {"type": "Point", "coordinates": [-1.869836, 52.458211]}}, {"type": "Feature", "properties": {"id": "store-1282", "name": "Family Shopper", "shop": "convenience", "neighbourhood": "Sparkbrook", "opening_hours": "Mo-Su 00:00-24:00"}, "geometry": {"type": "Point", "coordinates": [-1.866895, 52.460989]}}, {"type": "Feature", "properties": {"id": "store-1283", "name": "Best-one", "shop": "convenience", "neighbourhood": "Sparkbrook", "opening_hours": "Mo-Su 00:00-24:00"}, "geometry": {"type": "Point", "coordinates": [-1.878759, 52.459772]}}, {"type": "Feature", "properties": {"id": "store-1284", "name": "Salvation Army", "shop": "charity", "neighbourhood": "Sparkbrook", "opening_hours": "Mo-Su 00:00-24:00"}, "geometry": {"type": "Point", "coordinates": [-1.870639, 52.466107]}}, {"type": "Feature", "properties": {"id": "store-1285", "name": "Boots", "shop": "pharmacy", "neighbourhood": "Sparkbrook", "opening_hours": "Mo-Fr 09:00-18:00"}, "geometry": {"type": "Point", "coordinates": [-1.86066, 52.464709]}}, {"type": "Feature", "properties": {"id": "store-1286", "name": "Tesco Express", "shop": "supermarket", "neighbourhood": "Sparkbrook", "opening_hours": "Mo-Fr 09:00-18:00"}, "geometry": {"type": "Point", "coordinates": [-1.866813, 52.457265]}}, {"type": "Feature", "properties": {"id": "store-1287", "name": "Tesco Express", "shop": "supermarket", "neighbourhood": "Sparkbrook", "opening_hours": "Mo-Su 07:00-22:00"}, "geometry": {"type": "Point", "coordinates": [-1.86535, 52.458068]}}, {"type": "Feature", "properties": {"id": "store-1288", "name": "Barnardo's", "shop": "charity", "neighbourhood": "Sparkhill", "opening_hours": "Mo-Su 07:00-22:00"}, "geometry": {"type": "Point", "coordinates": [-1.865604, 52.452887]}}, {"type": "Feature", "properties": {"id": "store-1289", "name": "Peak Pharmacy", "shop": "pharmacy", "neighbourhood": "Sparkhill", "opening_hours": "Mo-Su 00:00-24:00"}, "geometry": {"type": "Point", "coordinates": [-1.863295, 52.452441]}}, {"type": "Feature", "properties": {"id": "store-1290", "name": "Bargain Buys", "shop": "general", "neighbourhood": "Sparkhill", "opening_hours": "Mo-Fr 09:00-18:00"}, "geometry": {"type": "Point", "coordinates": [-1.879254, 52.452223]}}, {"type": "Feature", "properties": {"id": "store-1291", "name": "B&M", "shop": "general", "neighbourhood": "Sparkhill", "opening_hours": "Mo-Sa 08:00-21:00"}, "geometry": {"type": "Point", "coordinates": [-1.878736, 52.448927]}}, {"type": "Feature", "properties": {"id": "store-1292", "name": "McColl's", "shop": "convenience", "neighbourhood": "Sparkhill", "opening_hours": "Mo-Sa 08:00-21:00"}, "geometry": {"type": "Point", "coordinates": [-1.87338, 52.452234]}}, {"type": "Feature", "properties": {"id": "store-1293", "name": "Tesco", "shop": "supermarket", "neighbourhood": "Sparkhill", "opening_hours": "Mo-Su 07:00-22:00"}, "geometry": {"type": "Point", "coordinates": [-1.872741, 52.450399]}}, {"type": "Feature", "properties": {"id": "store-1294", "name": "Family Shopper", "shop": "convenience", "neighbourhood": "Sparkhill", "opening_hours": "Mo-Su 00:00-24:00"}, "geometry": {"type": "Point", "coordinates": [-1.86998, 52.450969]}}, {"type": "Feature", "properties": {"id": "store-1295", "name": "Tesco Extra", "shop": "supermarket", "neighbourhood": "Sparkhill", "opening_hours": "Mo-Fr 09:00-18:00"}, "geometry": {"type": "Point", "coordinates": [-1.863316, 52.454854]}}, {"type": "Feature", "properties": {"id": "store-1296", "name": "The Butcher", "shop": "butcher", "neighbourhood": "Sparkhill", "opening_hours": "Mo-Su 00:00-24:00"}, "geometry": {"type": "Point", "coordinates": [-1.874483, 52.452752]}}, {"type": "Feature", "properties": {"id": "store-1297", "name": "Salon", "shop": "beauty", "neighbourhood": "Sparkhill", "opening_hours": "Mo-Su 07:00-22:00"}, "geometry": {"type": "Point", "coordinates": [-1.872453, 52.446527]}}, {"type": "Feature", "properties": {"id": "store-1298", "name": "Morrisons", "shop": "supermarket", "neighbourhood": "Sparkhill", "opening_hours": "Mo-Su 00:00-24:00"}, "geometry": {"type": "Point", "coordinates": [-1.870566, 52.457906]}}, {"type": "Feature", "properties": {"id": "store-1299", "name": "Tesco Express", "shop": "supermarket", "neighbourhood": "Sparkhill", "opening_hours": "Mo-Su 00:00-24:00"}, "geometry": {"type": "Point", "coordinates": [-1.875495, 52.454527]}}, {"type": "Feature", "properties": {"id": "store-1300", "name": "Vodafone", "shop": "electronics", "neighbourhood": "Sparkhill", "opening_hours": "Mo-Fr 09:00-18:00"}, "geometry": {"type": "Point", "coordinates": [-1.872778, 52.453913]}}, {"type": "Feature", "properties": {"id": "store-1301", "name": "The Butcher", "shop": "butcher", "neighbourhood": "Sparkhill", "opening_hours": "Mo-Fr 09:00-18:00"}, "geometry": {"type": "Point", "coordinates": [-1.869731, 52.449921]}}, {"type": "Feature", "properties": {"id": "store-1302", "name": "Sainsbury's Local", "shop": "supermarket", "neighbourhood": "Sparkhill", "opening_hours": "Mo-Fr 09:00-18:00"}, "geometry": {"type": "Point", "coordinates": [-1.87156, 52.449695]}}, {"type": "Feature", "properties": {"id": "store-1303", "name": "Fresh Meat", "shop": "butcher", "neighbourhood": "Sparkhill", "opening_hours": "Mo-Su 00:00-24:00"}, "geometry": {"type": "Point", "coordinates": [-1.873443, 52.448741]}}, {"type": "Feature", "properties": {"id": "store-1304", "name": "Londis", "shop": "convenience", "neighbourhood": "Sparkhill", "opening_hours": "Mo-Su 00:00-24:00"}, "geometry": {"type": "Point", "coordinates": [-1.867007, 52.456489]}}, {"type": "Feature", "properties": {"id": "store-1305", "name": "Toolstation", "shop": "hardware", "neighbourhood": "Sparkhill", "opening_hours": "Mo-Fr 09:00-18:00"}, "geometry": {"type": "Point", "coordinates": [-1.877361, 52.453761]}}, {"type": "Feature", "properties": {"id": "store-1306", "name": "Peacocks", "shop": "clothes", "neighbourhood": "Sparkhill", "opening_hours": "Mo-Su 07:00-22:00"}, "geometry": {"type": "Point", "coordinates": [-1.866509, 52.455033]}}, {"type": "Feature", "properties": {"id": "store-1307", "name": "Bakers", "shop": "bakery", "neighbourhood": "Sparkhill", "opening_hours": "Mo-Su 07:00-22:00"}, "geometry": {"type": "Point", "coordinates": [-1.874369, 52.450339]}}, {"type": "Feature", "properties": {"id": "store-1308", "name": "Londis", "shop": "convenience", "neighbourhood": "Sparkhill", "opening_hours": "Mo-Sa 08:00-21:00"}, "geometry": {"type": "Point", "coordinates": [-1.871414, 52.453365]}}, {"type": "Feature", "properties": {"id": "store-1309", "name": "iSmash", "shop": "electronics", "neighbourhood": "Sparkhill", "opening_hours": "Mo-Fr 09:00-18:00"}, "geometry": {"type": "Point", "coordinates": [-1.86927, 52.455574]}}, {"type": "Feature", "properties": {"id": "store-1310", "name": "Nail Studio", "shop": "beauty", "neighbourhood": "Sparkhill", "opening_hours": "Mo-Fr 09:00-18:00"}, "geometry": {"type": "Point", "coordinates": [-1.861414, 52.451452]}}, {"type": "Feature", "properties": {"id": "store-1311", "name": "Morrisons", "shop": "supermarket", "neighbourhood": "Sparkhill", "opening_hours": "Mo-Su 07:00-22:00"}, "geometry": {"type": "Point", "coordinates": [-1.872514, 52.448763]}}, {"type": "Feature", "properties": {"id": "store-1312", "name": "Peak Pharmacy", "shop": "pharmacy", "neighbourhood": "Sparkhill", "opening_hours": "Mo-Su 00:00-24:00"}, "geometry": {"type": "Point", "coordinates": [-1.874375, 52.450961]}}, {"type": "Feature", "properties": {"id": "store-1313", "name": "Home Bargains", "shop": "general", "neighbourhood": "Sparkhill", "opening_hours": "Mo-Fr 09:00-18:00"}, "geometry": {"type": "Point", "coordinates": [-1.865096, 52.453726]}}, {"type": "Feature", "properties": {"id": "store-1314", "name": "Farmfoods", "shop": "supermarket", "neighbourhood": "Sparkhill", "opening_hours": "Mo-Sa 08:00-21:00"}, "geometry": {"type": "Point", "coordinates": [-1.87768, 52.447897]}}, {"type": "Feature", "properties": {"id": "store-1315", "name": "Card Factory", "shop": "general", "neighbourhood": "Sparkhill", "opening_hours": "Mo-Sa 08:00-21:00"}, "geometry": {"type": "Point", "coordinates": [-1.867806, 52.45168]}}, {"type": "Feature", "properties": {"id": "store-1316", "name": "Post Office", "shop": "newsagent", "neighbourhood": "Sparkhill", "opening_hours": "Mo-Su 07:00-22:00"}, "geometry": {"type": "Point", "coordinates": [-1.877142, 52.447624]}}, {"type": "Feature", "properties": {"id": "store-1317", "name": "The Beauty Room", "shop": "beauty", "neighbourhood": "Sparkhill", "opening_hours": "Mo-Fr 09:00-18:00"}, "geometry": {"type": "Point", "coordinates": [-1.872952, 52.449237]}}, {"type": "Feature", "properties": {"id": "store-1318", "name": "Farmfoods", "shop": "supermarket", "neighbourhood": "Sparkhill", "opening_hours": "Mo-Su 00:00-24:00"}, "geometry": {"type": "Point", "coordinates": [-1.867304, 52.448667]}}, {"type": "Feature", "properties": {"id": "store-1319", "name": "Fresh Meat", "shop": "butcher", "neighbourhood": "Sparkhill", "opening_hours": "Mo-Sa 08:00-21:00"}, "geometry": {"type": "Point", "coordinates": [-1.870165, 52.448548]}}, {"type": "Feature", "properties": {"id": "store-1320", "name": "Rowlands Pharmacy", "shop": "pharmacy", "neighbourhood": "Sparkhill", "opening_hours": "Mo-Sa 08:00-21:00"}, "geometry": {"type": "Point", "coordinates": [-1.86734, 52.449286]}}, {"type": "Feature", "properties": {"id": "store-1321", "name": "Lloyds Pharmacy", "shop": "pharmacy", "neighbourhood": "Sparkhill", "opening_hours": "Mo-Fr 09:00-18:00"}, "geometry": {"type": "Point", "coordinates": [-1.875579, 52.455662]}}, {"type": "Feature", "properties": {"id": "store-1322", "name": "Corner Shop", "shop": "newsagent", "neighbourhood": "Sparkhill", "opening_hours": "Mo-Su 00:00-24:00"}, "geometry": {"type": "Point", "coordinates": [-1.860124, 52.453427]}}, {"type": "Feature", "properties": {"id": "store-1323", "name": "Breadshop", "shop": "bakery", "neighbourhood": "Sparkhill", "opening_hours": "Mo-Fr 09:00-18:00"}, "geometry": {"type": "Point", "coordinates": [-1.872905, 52.456249]}}, {"type": "Feature", "properties": {"id": "store-1324", "name": "Sainsbury's", "shop": "supermarket", "neighbourhood": "Sparkhill", "opening_hours": "Mo-Su 00:00-24:00"}, "geometry": {"type": "Point", "coordinates": [-1.873522, 52.456929]}}, {"type": "Feature", "properties": {"id": "store-1325", "name": "Newsagent", "shop": "newsagent", "neighbourhood": "Sparkhill", "opening_hours": "Mo-Fr 09:00-18:00"}, "geometry": {"type": "Point", "coordinates": [-1.868815, 52.448994]}}, {"type": "Feature", "properties": {"id": "store-1326", "name": "Home Bargains", "shop": "general", "neighbourhood": "Sparkhill", "opening_hours": "Mo-Fr 09:00-18:00"}, "geometry": {"type": "Point", "coordinates": [-1.864871, 52.447057]}}, {"type": "Feature", "properties": {"id": "store-1327", "name": "Bargain Booze", "shop": "convenience", "neighbourhood": "Sparkhill", "opening_hours": "Mo-Sa 08:00-21:00"}, "geometry": {"type": "Point", "coordinates": [-1.864487, 52.451641]}}, {"type": "Feature", "properties": {"id": "store-1328", "name": "One Stop", "shop": "convenience", "neighbourhood": "Sparkhill", "opening_hours": "Mo-Su 00:00-24:00"}, "geometry": {"type": "Point", "coordinates": [-1.868056, 52.450236]}}, {"type": "Feature", "properties": {"id": "store-1329", "name": "Currys", "shop": "electronics", "neighbourhood": "Sparkhill", "opening_hours": "Mo-Sa 08:00-21:00"}, "geometry": {"type": "Point", "coordinates": [-1.868271, 52.447401]}}, {"type": "Feature", "properties": {"id": "store-1330", "name": "Premier", "shop": "convenience", "neighbourhood": "Sparkhill", "opening_hours": "Mo-Sa 08:00-21:00"}, "geometry": {"type": "Point", "coordinates": [-1.866781, 52.453256]}}, {"type": "Feature", "properties": {"id": "store-1331", "name": "WHSmith", "shop": "newsagent", "neighbourhood": "Sparkhill", "opening_hours": "Mo-Su 07:00-22:00"}, "geometry": {"type": "Point", "coordinates": [-1.871675, 52.451201]}}, {"type": "Feature", "properties": {"id": "store-1332", "name": "Breadshop", "shop": "bakery", "neighbourhood": "Sparkhill", "opening_hours": "Mo-Su 07:00-22:00"}, "geometry": {"type": "Point", "coordinates": [-1.872315, 52.453161]}}, {"type": "Feature", "properties": {"id": "store-1333", "name": "H&M", "shop": "clothes", "neighbourhood": "Sparkhill", "opening_hours": "Mo-Fr 09:00-18:00"}, "geometry": {"type": "Point", "coordinates": [-1.873861, 52.455263]}}, {"type": "Feature", "properties": {"id": "store-1334", "name": "Spar", "shop": "convenience", "neighbourhood": "Sparkhill", "opening_hours": "Mo-Su 07:00-22:00"}, "geometry": {"type": "Point", "coordinates": [-1.873079, 52.457028]}}, {"type": "Feature", "properties": {"id": "store-1335", "name": "B&M", "shop": "general", "neighbourhood": "Sparkhill", "opening_hours": "Mo-Fr 09:00-18:00"}, "geometry": {"type": "Point", "coordinates": [-1.871296, 52.446313]}}, {"type": "Feature", "properties": {"id": "store-1336", "name": "Londis", "shop": "convenience", "neighbourhood": "Sparkhill", "opening_hours": "Mo-Su 00:00-24:00"}, "geometry": {"type": "Point", "coordinates": [-1.873349, 52.454303]}}, {"type": "Feature", "properties": {"id": "store-1337", "name": "The Range", "shop": "furniture", "neighbourhood": "Sparkhill", "opening_hours": "Mo-Sa 08:00-21:00"}, "geometry": {"type": "Point", "coordinates": [-1.877722, 52.454678]}}, {"type": "Feature", "properties": {"id": "store-1338", "name": "Sainsbury's", "shop": "supermarket", "neighbourhood": "Sparkhill", "opening_hours": "Mo-Su 00:00-24:00"}, "geometry": {"type": "Point", "coordinates": [-1.871905, 52.454706]}}, {"type": "Feature", "properties": {"id": "store-1339", "name": "Beauty Bar", "shop": "beauty", "neighbourhood": "Sparkhill", "opening_hours": "Mo-Su 00:00-24:00"}, "geometry": {"type": "Point", "coordinates": [-1.868063, 52.449047]}}, {"type": "Feature", "properties": {"id": "store-1340", "name": "Beauty Bar", "shop": "beauty", "neighbourhood": "Sparkhill", "opening_hours": "Mo-Sa 08:00-21:00"}, "geometry": {"type": "Point", "coordinates": [-1.873305, 52.45134]}}, {"type": "Feature", "properties": {"id": "store-1341", "name": "Bargain Buys", "shop": "general", "neighbourhood": "Sparkhill", "opening_hours": "Mo-Fr 09:00-18:00"}, "geometry": {"type": "Point", "coordinates": [-1.872217, 52.457758]}}, {"type": "Feature", "properties": {"id": "store-1342", "name": "Aldi", "shop": "supermarket", "neighbourhood": "Sparkhill", "opening_hours": "Mo-Su 07:00-22:00"}, "geometry": {"type": "Point", "coordinates": [-1.879161, 52.450777]}}, {"type": "Feature", "properties": {"id": "store-1343", "name": "Home Bargains", "shop": "general", "neighbourhood": "Sparkhill", "opening_hours": "Mo-Su 00:00-24:00"}, "geometry": {"type": "Point", "coordinates": [-1.877068, 52.45479]}}, {"type": "Feature", "properties": {"id": "store-1344", "name": "Bargain Buys", "shop": "general", "neighbourhood": "Sparkhill", "opening_hours": "Mo-Su 07:00-22:00"}, "geometry": {"type": "Point", "coordinates": [-1.871872, 52.448684]}}, {"type": "Feature", "properties": {"id": "store-1345", "name": "Currys", "shop": "electronics", "neighbourhood": "Sparkhill", "opening_hours": "Mo-Fr 09:00-18:00"}, "geometry": {"type": "Point", "coordinates": [-1.871095, 52.449007]}}, {"type": "Feature", "properties": {"id": "store-1346", "name": "One Stop", "shop": "convenience", "neighbourhood": "Sparkhill", "opening_hours": "Mo-Su 00:00-24:00"}, "geometry": {"type": "Point", "coordinates": [-1.874361, 52.457426]}}, {"type": "Feature", "properties": {"id": "store-1347", "name": "Bargain Buys", "shop": "general", "neighbourhood": "Sparkhill", "opening_hours": "Mo-Fr 09:00-18:00"}, "geometry": {"type": "Point", "coordinates": [-1.860537, 52.453466]}}, {"type": "Feature", "properties": {"id": "store-1348", "name": "Iceland", "shop": "supermarket", "neighbourhood": "Sparkhill", "opening_hours": "Mo-Fr 09:00-18:00"}, "geometry": {"type": "Point", "coordinates": [-1.875253, 52.452807]}}, {"type": "Feature", "properties": {"id": "store-1349", "name": "Barnardo's", "shop": "charity", "neighbourhood": "Sparkhill", "opening_hours": "Mo-Su 07:00-22:00"}, "geometry": {"type": "Point", "coordinates": [-1.868799, 52.448014]}}, {"type": "Feature", "properties": {"id": "store-1350", "name": "Superdrug", "shop": "pharmacy", "neighbourhood": "Sparkhill", "opening_hours": "Mo-Fr 09:00-18:00"}, "geometry": {"type": "Point", "coordinates": [-1.87772, 52.454375]}}, {"type": "Feature", "properties": {"id": "store-1351", "name": "Corner Shop", "shop": "newsagent", "neighbourhood": "Sparkhill", "opening_hours": "Mo-Su 07:00-22:00"}, "geometry": {"type": "Point", "coordinates": [-1.875586, 52.447443]}}, {"type": "Feature", "properties": {"id": "store-1352", "name": "McColl's", "shop": "convenience", "neighbourhood": "Sparkhill", "opening_hours": "Mo-Sa 08:00-21:00"}, "geometry": {"type": "Point", "coordinates": [-1.878264, 52.45238]}}, {"type": "Feature", "properties": {"id": "store-1353", "name": "Family Shopper", "shop": "convenience", "neighbourhood": "Sparkhill", "opening_hours": "Mo-Su 07:00-22:00"}, "geometry": {"type": "Point", "coordinates": [-1.869911, 52.45482]}}, {"type": "Feature", "properties": {"id": "store-1354", "name": "Martin McColl", "shop": "newsagent", "neighbourhood": "Sparkhill", "opening_hours": "Mo-Fr 09:00-18:00"}, "geometry": {"type": "Point", "coordinates": [-1.866684, 52.454417]}}, {"type": "Feature", "properties": {"id": "store-1355", "name": "Rowlands Pharmacy", "shop": "pharmacy", "neighbourhood": "Sparkhill", "opening_hours": "Mo-Sa 08:00-21:00"}, "geometry": {"type": "Point", "coordinates": [-1.87564, 52.452944]}}, {"type": "Feature", "properties": {"id": "store-1356", "name": "Scope", "shop": "charity", "neighbourhood": "Sparkhill", "opening_hours": "Mo-Sa 08:00-21:00"}, "geometry": {"type": "Point", "coordinates": [-1.861439, 52.451649]}}, {"type": "Feature", "properties": {"id": "store-1357", "name": "Matalan", "shop": "clothes", "neighbourhood": "Sparkhill", "opening_hours": "Mo-Sa 08:00-21:00"}, "geometry": {"type": "Point", "coordinates": [-1.866827, 52.455298]}}, {"type": "Feature", "properties": {"id": "store-1358", "name": "The Beauty Room", "shop": "beauty", "neighbourhood": "Sparkhill", "opening_hours": "Mo-Sa 08:00-21:00"}, "geometry": {"type": "Point", "coordinates": [-1.869796, 52.452948]}}, {"type": "Feature", "properties": {"id": "store-1359", "name": "Nisa Local", "shop": "convenience", "neighbourhood": "Sparkhill", "opening_hours": "Mo-Su 07:00-22:00"}, "geometry": {"type": "Point", "coordinates": [-1.875642, 52.457188]}}, {"type": "Feature", "properties": {"id": "store-1360", "name": "Spar", "shop": "convenience", "neighbourhood": "Sparkhill", "opening_hours": "Mo-Su 00:00-24:00"}, "geometry": {"type": "Point", "coordinates": [-1.866052, 52.448643]}}, {"type": "Feature", "properties": {"id": "store-1361", "name": "Lidl", "shop": "supermarket", "neighbourhood": "Sparkhill", "opening_hours": "Mo-Fr 09:00-18:00"}, "geometry": {"type": "Point", "coordinates": [-1.863168, 52.454285]}}, {"type": "Feature", "properties": {"id": "store-1362", "name": "Salvation Army", "shop": "charity", "neighbourhood": "Sparkhill", "opening_hours": "Mo-Su 07:00-22:00"}, "geometry": {"type": "Point", "coordinates": [-1.879863, 52.452889]}}, {"type": "Feature", "properties": {"id": "store-1363", "name": "B&M", "shop": "general", "neighbourhood": "Sparkhill", "opening_hours": "Mo-Su 00:00-24:00"}, "geometry": {"type": "Point", "coordinates": [-1.865396, 52.452454]}}, {"type": "Feature", "properties": {"id": "store-1364", "name": "O2", "shop": "electronics", "neighbourhood": "Sparkhill", "opening_hours": "Mo-Sa 08:00-21:00"}, "geometry": {"type": "Point", "coordinates": [-1.876395, 52.451913]}}, {"type": "Feature", "properties": {"id": "store-1365", "name": "The Butcher", "shop": "butcher", "neighbourhood": "Sparkhill", "opening_hours": "Mo-Sa 08:00-21:00"}, "geometry": {"type": "Point", "coordinates": [-1.870166, 52.455353]}}, {"type": "Feature", "properties": {"id": "store-1366", "name": "Premier", "shop": "convenience", "neighbourhood": "Sparkhill", "opening_hours": "Mo-Sa 08:00-21:00"}, "geometry": {"type": "Point", "coordinates": [-1.867851, 52.449978]}}, {"type": "Feature", "properties": {"id": "store-1367", "name": "The Butcher", "shop": "butcher", "neighbourhood": "Hall Green", "opening_hours": "Mo-Su 07:00-22:00"}, "geometry": {"type": "Point", "coordinates": [-1.864941, 52.442575]}}, {"type": "Feature", "properties": {"id": "store-1368", "name": "Matalan", "shop": "clothes", "neighbourhood": "Hall Green", "opening_hours": "Mo-Sa 08:00-21:00"}, "geometry": {"type": "Point", "coordinates": [-1.859651, 52.441281]}}, {"type": "Feature", "properties": {"id": "store-1369", "name": "Newsagent", "shop": "newsagent", "neighbourhood": "Hall Green", "opening_hours": "Mo-Su 07:00-22:00"}, "geometry": {"type": "Point", "coordinates": [-1.87211, 52.436269]}}, {"type": "Feature", "properties": {"id": "store-1370", "name": "New Look", "shop": "clothes", "neighbourhood": "Hall Green", "opening_hours": "Mo-Fr 09:00-18:00"}, "geometry": {"type": "Point", "coordinates": [-1.857981, 52.439804]}}, {"type": "Feature", "properties": {"id": "store-1371", "name": "Poundland", "shop": "general", "neighbourhood": "Hall Green", "opening_hours": "Mo-Su 07:00-22:00"}, "geometry": {"type": "Point", "coordinates": [-1.868044, 52.44554]}}, {"type": "Feature", "properties": {"id": "store-1372", "name": "Best-one", "shop": "convenience", "neighbourhood": "Hall Green", "opening_hours": "Mo-Su 00:00-24:00"}, "geometry": {"type": "Point", "coordinates": [-1.84837, 52.437837]}}, {"type": "Feature", "properties": {"id": "store-1373", "name": "Tesco Express", "shop": "supermarket", "neighbourhood": "Hall Green", "opening_hours": "Mo-Su 00:00-24:00"}, "geometry": {"type": "Point", "coordinates": [-1.849691, 52.443737]}}, {"type": "Feature", "properties": {"id": "store-1374", "name": "TK Maxx", "shop": "clothes", "neighbourhood": "Hall Green", "opening_hours": "Mo-Sa 08:00-21:00"}, "geometry": {"type": "Point", "coordinates": [-1.850913, 52.441052]}}, {"type": "Feature", "properties": {"id": "store-1375", "name": "Vodafone", "shop": "electronics", "neighbourhood": "Hall Green", "opening_hours": "Mo-Su 07:00-22:00"}, "geometry": {"type": "Point", "coordinates": [-1.85335, 52.44442]}}, {"type": "Feature", "properties": {"id": "store-1376", "name": "Peak Pharmacy", "shop": "pharmacy", "neighbourhood": "Hall Green", "opening_hours": "Mo-Su 00:00-24:00"}, "geometry": {"type": "Point", "coordinates": [-1.846521, 52.43455]}}, {"type": "Feature", "properties": {"id": "store-1377", "name": "Premier", "shop": "convenience", "neighbourhood": "Hall Green", "opening_hours": "Mo-Su 00:00-24:00"}, "geometry": {"type": "Point", "coordinates": [-1.874221, 52.437881]}}, {"type": "Feature", "properties": {"id": "store-1378", "name": "McColl's", "shop": "convenience", "neighbourhood": "Hall Green", "opening_hours": "Mo-Sa 08:00-21:00"}, "geometry": {"type": "Point", "coordinates": [-1.861038, 52.432087]}}, {"type": "Feature", "properties": {"id": "store-1379", "name": "Greggs", "shop": "bakery", "neighbourhood": "Hall Green", "opening_hours": "Mo-Su 07:00-22:00"}, "geometry": {"type": "Point", "coordinates": [-1.864866, 52.42987]}}, {"type": "Feature", "properties": {"id": "store-1380", "name": "McColl's", "shop": "convenience", "neighbourhood": "Hall Green", "opening_hours": "Mo-Su 00:00-24:00"}, "geometry": {"type": "Point", "coordinates": [-1.856799, 52.438788]}}, {"type": "Feature", "properties": {"id": "store-1381", "name": "Morrisons", "shop": "supermarket", "neighbourhood": "Hall Green", "opening_hours": "Mo-Su 07:00-22:00"}, "geometry": {"type": "Point", "coordinates": [-1.851353, 52.441182]}}, {"type": "Feature", "properties": {"id": "store-1382", "name": "Beauty Bar", "shop": "beauty", "neighbourhood": "Hall Green", "opening_hours": "Mo-Fr 09:00-18:00"}, "geometry": {"type": "Point", "coordinates": [-1.854721, 52.429639]}}, {"type": "Feature", "properties": {"id": "store-1383", "name": "Londis", "shop": "convenience", "neighbourhood": "Hall Green", "opening_hours": "Mo-Su 07:00-22:00"}, "geometry": {"type": "Point", "coordinates": [-1.851858, 52.443812]}}, {"type": "Feature", "properties": {"id": "store-1384", "name": "Scope", "shop": "charity", "neighbourhood": "Hall Green", "opening_hours": "Mo-Sa 08:00-21:00"}, "geometry": {"type": "Point", "coordinates": [-1.852453, 52.439376]}}, {"type": "Feature", "properties": {"id": "store-1385", "name": "Day Lewis", "shop": "pharmacy", "neighbourhood": "Hall Green", "opening_hours": "Mo-Sa 08:00-21:00"}, "geometry": {"type": "Point", "coordinates": [-1.8673, 52.430315]}}, {"type": "Feature", "properties": {"id": "store-1386", "name": "Screwfix", "shop": "hardware", "neighbourhood": "Hall Green", "opening_hours": "Mo-Su 00:00-24:00"}, "geometry": {"type": "Point", "coordinates": [-1.857946, 52.435839]}}, {"type": "Feature", "properties": {"id": "store-1387", "name": "The Butcher", "shop": "butcher", "neighbourhood": "Hall Green", "opening_hours": "Mo-Su 00:00-24:00"}, "geometry": {"type": "Point", "coordinates": [-1.858019, 52.445337]}}, {"type": "Feature", "properties": {"id": "store-1388", "name": "Cancer Research UK", "shop": "charity", "neighbourhood": "Hall Green", "opening_hours": "Mo-Su 07:00-22:00"}, "geometry": {"type": "Point", "coordinates": [-1.867749, 52.430591]}}, {"type": "Feature", "properties": {"id": "store-1389", "name": "The Butcher", "shop": "butcher", "neighbourhood": "Hall Green", "opening_hours": "Mo-Su 00:00-24:00"}, "geometry": {"type": "Point", "coordinates": [-1.853432, 52.445169]}}, {"type": "Feature", "properties": {"id": "store-1390", "name": "WHSmith", "shop": "general", "neighbourhood": "Hall Green", "opening_hours": "Mo-Su 00:00-24:00"}, "geometry": {"type": "Point", "coordinates": [-1.860628, 52.43743]}}, {"type": "Feature", "properties": {"id": "store-1391", "name": "Poundworld", "shop": "general", "neighbourhood": "Hall Green", "opening_hours": "Mo-Sa 08:00-21:00"}, "geometry": {"type": "Point", "coordinates": [-1.864794, 52.446521]}}, {"type": "Feature", "properties": {"id": "store-1392", "name": "Co-op", "shop": "convenience", "neighbourhood": "Hall Green", "opening_hours": "Mo-Su 07:00-22:00"}, "geometry": {"type": "Point", "coordinates": [-1.870019, 52.443268]}}, {"type": "Feature", "properties": {"id": "store-1393", "name": "Sainsbury's Local", "shop": "supermarket", "neighbourhood": "Hall Green", "opening_hours": "Mo-Sa 08:00-21:00"}, "geometry": {"type": "Point", "coordinates": [-1.863349, 52.431313]}}, {"type": "Feature", "properties": {"id": "store-1394", "name": "Primark", "shop": "clothes", "neighbourhood": "Hall Green", "opening_hours": "Mo-Sa 08:00-21:00"}, "geometry": {"type": "Point", "coordinates": [-1.84705, 52.438493]}}, {"type": "Feature", "properties": {"id": "store-1395", "name": "Bargain Booze", "shop": "convenience", "neighbourhood": "Hall Green", "opening_hours": "Mo-Sa 08:00-21:00"}, "geometry": {"type": "Point", "coordinates": [-1.848856, 52.442137]}}, {"type": "Feature", "properties": {"id": "store-1396", "name": "Vodafone", "shop": "electronics", "neighbourhood": "Hall Green", "opening_hours": "Mo-Sa 08:00-21:00"}, "geometry": {"type": "Point", "coordinates": [-1.852884, 52.442585]}}, {"type": "Feature", "properties": {"id": "store-1397", "name": "New Look", "shop": "clothes", "neighbourhood": "Hall Green", "opening_hours": "Mo-Fr 09:00-18:00"}, "geometry": {"type": "Point", "coordinates": [-1.856452, 52.436233]}}, {"type": "Feature", "properties": {"id": "store-1398", "name": "Family Shopper", "shop": "convenience", "neighbourhood": "Hall Green", "opening_hours": "Mo-Fr 09:00-18:00"}, "geometry": {"type": "Point", "coordinates": [-1.856906, 52.432714]}}, {"type": "Feature", "properties": {"id": "store-1399", "name": "Next", "shop": "clothes", "neighbourhood": "Hall Green", "opening_hours": "Mo-Fr 09:00-18:00"}, "geometry": {"type": "Point", "coordinates": [-1.854841, 52.44294]}}, {"type": "Feature", "properties": {"id": "store-1400", "name": "Well Pharmacy", "shop": "pharmacy", "neighbourhood": "Hall Green", "opening_hours": "Mo-Sa 08:00-21:00"}, "geometry": {"type": "Point", "coordinates": [-1.863298, 52.436128]}}, {"type": "Feature", "properties": {"id": "store-1401", "name": "Pound Bakery", "shop": "general", "neighbourhood": "Hall Green", "opening_hours": "Mo-Su 00:00-24:00"}, "geometry": {"type": "Point", "coordinates": [-1.869989, 52.433435]}}, {"type": "Feature", "properties": {"id": "store-1402", "name": "SCS", "shop": "furniture", "neighbourhood": "Hall Green", "opening_hours": "Mo-Sa 08:00-21:00"}, "geometry": {"type": "Point", "coordinates": [-1.859175, 52.435515]}}, {"type": "Feature", "properties": {"id": "store-1403", "name": "One Stop", "shop": "convenience", "neighbourhood": "Hall Green", "opening_hours": "Mo-Fr 09:00-18:00"}, "geometry": {"type": "Point", "coordinates": [-1.861213, 52.445416]}}, {"type": "Feature", "properties": {"id": "store-1404", "name": "Tesco", "shop": "supermarket", "neighbourhood": "Hall Green", "opening_hours": "Mo-Su 07:00-22:00"}, "geometry": {"type": "Point", "coordinates": [-1.856902, 52.437445]}}, {"type": "Feature", "properties": {"id": "store-1405", "name": "Vodafone", "shop": "electronics", "neighbourhood": "Hall Green", "opening_hours": "Mo-Su 00:00-24:00"}, "geometry": {"type": "Point", "coordinates": [-1.860635, 52.432223]}}, {"type": "Feature", "properties": {"id": "store-1406", "name": "Boots", "shop": "pharmacy", "neighbourhood": "Hall Green", "opening_hours": "Mo-Fr 09:00-18:00"}, "geometry": {"type": "Point", "coordinates": [-1.855776, 52.437921]}}, {"type": "Feature", "properties": {"id": "store-1407", "name": "H&M", "shop": "clothes", "neighbourhood": "Hall Green", "opening_hours": "Mo-Fr 09:00-18:00"}, "geometry": {"type": "Point", "coordinates": [-1.8543, 52.439647]}}, {"type": "Feature", "properties": {"id": "store-1408", "name": "Beauty Bar", "shop": "beauty", "neighbourhood": "Hall Green", "opening_hours": "Mo-Fr 09:00-18:00"}, "geometry": {"type": "Point", "coordinates": [-1.865638, 52.441514]}}, {"type": "Feature", "properties": {"id": "store-1409", "name": "Poundworld", "shop": "general", "neighbourhood": "Hall Green", "opening_hours": "Mo-Sa 08:00-21:00"}, "geometry": {"type": "Point", "coordinates": [-1.86534, 52.434696]}}, {"type": "Feature", "properties": {"id": "store-1410", "name": "Breadshop", "shop": "bakery", "neighbourhood": "Hall Green", "opening_hours": "Mo-Su 07:00-22:00"}, "geometry": {"type": "Point", "coordinates": [-1.848275, 52.441088]}}, {"type": "Feature", "properties": {"id": "store-1411", "name": "Primark", "shop": "clothes", "neighbourhood": "Hall Green", "opening_hours": "Mo-Sa 08:00-21:00"}, "geometry": {"type": "Point", "coordinates": [-1.859201, 52.436897]}}, {"type": "Feature", "properties": {"id": "store-1412", "name": "Select", "shop": "clothes", "neighbourhood": "Hall Green", "opening_hours": "Mo-Fr 09:00-18:00"}, "geometry": {"type": "Point", "coordinates": [-1.86832, 52.43459]}}, {"type": "Feature", "properties": {"id": "store-1413", "name": "Patisserie", "shop": "bakery", "neighbourhood": "Hall Green", "opening_hours": "Mo-Fr 09:00-18:00"}, "geometry": {"type": "Point", "coordinates": [-1.847401, 52.435354]}}, {"type": "Feature", "properties": {"id": "store-1414", "name": "One Stop", "shop": "convenience", "neighbourhood": "Hall Green", "opening_hours": "Mo-Su 07:00-22:00"}, "geometry": {"type": "Point", "coordinates": [-1.864119, 52.438898]}}, {"type": "Feature", "properties": {"id": "store-1415", "name": "Co-op", "shop": "convenience", "neighbourhood": "Hall Green", "opening_hours": "Mo-Sa 08:00-21:00"}, "geometry": {"type": "Point", "coordinates": [-1.871285, 52.441027]}}, {"type": "Feature", "properties": {"id": "store-1416", "name": "Bargain Booze", "shop": "convenience", "neighbourhood": "Hall Green", "opening_hours": "Mo-Sa 08:00-21:00"}, "geometry": {"type": "Point", "coordinates": [-1.859334, 52.434592]}}, {"type": "Feature", "properties": {"id": "store-1417", "name": "Best-one", "shop": "convenience", "neighbourhood": "Hall Green", "opening_hours": "Mo-Su 07:00-22:00"}, "geometry": {"type": "Point", "coordinates": [-1.853324, 52.444775]}}, {"type": "Feature", "properties": {"id": "store-1418", "name": "Corner Shop", "shop": "newsagent", "neighbourhood": "Hall Green", "opening_hours": "Mo-Fr 09:00-18:00"}, "geometry": {"type": "Point", "coordinates": [-1.85062, 52.444367]}}, {"type": "Feature", "properties": {"id": "store-1419", "name": "Hair & Beauty", "shop": "beauty", "neighbourhood": "Hall Green", "opening_hours": "Mo-Su 00:00-24:00"}, "geometry": {"type": "Point", "coordinates": [-1.857558, 52.42978]}}, {"type": "Feature", "properties": {"id": "store-1420", "name": "Tesco", "shop": "supermarket", "neighbourhood": "Hall Green", "opening_hours": "Mo-Su 07:00-22:00"}, "geometry": {"type": "Point", "coordinates": [-1.865702, 52.430544]}}, {"type": "Feature", "properties": {"id": "store-1421", "name": "WHSmith", "shop": "general", "neighbourhood": "Hall Green", "opening_hours": "Mo-Su 00:00-24:00"}, "geometry": {"type": "Point", "coordinates": [-1.869119, 52.432807]}}, {"type": "Feature", "properties": {"id": "store-1422", "name": "Rowlands Pharmacy", "shop": "pharmacy", "neighbourhood": "Hall Green", "opening_hours": "Mo-Fr 09:00-18:00"}, "geometry": {"type": "Point", "coordinates": [-1.857847, 52.443542]}}, {"type": "Feature", "properties": {"id": "store-1423", "name": "Aldi", "shop": "supermarket", "neighbourhood": "Hall Green", "opening_hours": "Mo-Su 00:00-24:00"}, "geometry": {"type": "Point", "coordinates": [-1.856382, 52.438252]}}, {"type": "Feature", "properties": {"id": "store-1424", "name": "Greggs", "shop": "bakery", "neighbourhood": "Hall Green", "opening_hours": "Mo-Su 07:00-22:00"}, "geometry": {"type": "Point", "coordinates": [-1.862512, 52.433596]}}, {"type": "Feature", "properties": {"id": "store-1425", "name": "Matalan", "shop": "clothes", "neighbourhood": "Hall Green", "opening_hours": "Mo-Su 07:00-22:00"}, "geometry": {"type": "Point", "coordinates": [-1.859531, 52.429275]}}, {"type": "Feature", "properties": {"id": "store-1426", "name": "Laptop Direct", "shop": "electronics", "neighbourhood": "Hall Green", "opening_hours": "Mo-Sa 08:00-21:00"}, "geometry": {"type": "Point", "coordinates": [-1.849311, 52.442059]}}, {"type": "Feature", "properties": {"id": "store-1427", "name": "The Butcher", "shop": "butcher", "neighbourhood": "Hall Green", "opening_hours": "Mo-Sa 08:00-21:00"}, "geometry": {"type": "Point", "coordinates": [-1.860543, 52.431102]}}, {"type": "Feature", "properties": {"id": "store-1428", "name": "Matalan", "shop": "clothes", "neighbourhood": "Hall Green", "opening_hours": "Mo-Su 00:00-24:00"}, "geometry": {"type": "Point", "coordinates": [-1.868417, 52.443688]}}, {"type": "Feature", "properties": {"id": "store-1429", "name": "Age UK", "shop": "charity", "neighbourhood": "Hall Green", "opening_hours": "Mo-Su 00:00-24:00"}, "geometry": {"type": "Point", "coordinates": [-1.872668, 52.440295]}}, {"type": "Feature", "properties": {"id": "store-1430", "name": "Lloyds Pharmacy", "shop": "pharmacy", "neighbourhood": "Hall Green", "opening_hours": "Mo-Sa 08:00-21:00"}, "geometry": {"type": "Point", "coordinates": [-1.864041, 52.437037]}}, {"type": "Feature", "properties": {"id": "store-1431", "name": "Dreams", "shop": "furniture", "neighbourhood": "Hall Green", "opening_hours": "Mo-Su 00:00-24:00"}, "geometry": {"type": "Point", "coordinates": [-1.851377, 52.441509]}}, {"type": "Feature", "properties": {"id": "store-1432", "name": "Bargain Buys", "shop": "general", "neighbourhood": "Hall Green", "opening_hours": "Mo-Su 00:00-24:00"}, "geometry": {"type": "Point", "coordinates": [-1.849023, 52.438644]}}, {"type": "Feature", "properties": {"id": "store-1433", "name": "Oxfam", "shop": "charity", "neighbourhood": "Hall Green", "opening_hours": "Mo-Su 07:00-22:00"}, "geometry": {"type": "Point", "coordinates": [-1.855396, 52.435765]}}, {"type": "Feature", "properties": {"id": "store-1434", "name": "Costcutter", "shop": "convenience", "neighbourhood": "Hall Green", "opening_hours": "Mo-Sa 08:00-21:00"}, "geometry": {"type": "Point", "coordinates": [-1.85575, 52.436407]}}, {"type": "Feature", "properties": {"id": "store-1435", "name": "Screwfix", "shop": "hardware", "neighbourhood": "Hall Green", "opening_hours": "Mo-Su 00:00-24:00"}, "geometry": {"type": "Point", "coordinates": [-1.85874, 52.429053]}}, {"type": "Feature", "properties": {"id": "store-1436", "name": "British Heart Foundation", "shop": "charity", "neighbourhood": "Hall Green", "opening_hours": "Mo-Su 07:00-22:00"}, "geometry": {"type": "Point", "coordinates": [-1.868278, 52.444618]}}, {"type": "Feature", "properties": {"id": "store-1437", "name": "British Heart Foundation", "shop": "charity", "neighbourhood": "Moseley", "opening_hours": "Mo-Su 07:00-22:00"}, "geometry": {"type": "Point", "coordinates": [-1.887336, 52.446057]}}, {"type": "Feature", "properties": {"id": "store-1438", "name": "British Heart Foundation", "shop": "charity", "neighbourhood": "Moseley", "opening_hours": "Mo-Su 07:00-22:00"}, "geometry": {"type": "Point", "coordinates": [-1.89792, 52.450973]}}, {"type": "Feature", "properties": {"id": "store-1439", "name": "Sainsbury's", "shop": "supermarket", "neighbourhood": "Moseley", "opening_hours": "Mo-Su 00:00-24:00"}, "geometry": {"type": "Point", "coordinates": [-1.890194, 52.447425]}}, {"type": "Feature", "properties": {"id": "store-1440", "name": "Laptop Direct", "shop": "electronics", "neighbourhood": "Moseley", "opening_hours": "Mo-Su 07:00-22:00"}, "geometry": {"type": "Point", "coordinates": [-1.885335, 52.45188]}}, {"type": "Feature", "properties": {"id": "store-1441", "name": "IKEA", "shop": "furniture", "neighbourhood": "Moseley", "opening_hours": "Mo-Sa 08:00-21:00"}, "geometry": {"type": "Point", "coordinates": [-1.884854, 52.452152]}}, {"type": "Feature", "properties": {"id": "store-1442", "name": "B&Q", "shop": "hardware", "neighbourhood": "Moseley", "opening_hours": "Mo-Fr 09:00-18:00"}, "geometry": {"type": "Point", "coordinates": [-1.887509, 52.446228]}}, {"type": "Feature", "properties": {"id": "store-1443", "name": "ASDA", "shop": "supermarket", "neighbourhood": "Moseley", "opening_hours": "Mo-Fr 09:00-18:00"}, "geometry": {"type": "Point", "coordinates": [-1.883824, 52.447567]}}, {"type": "Feature", "properties": {"id": "store-1444", "name": "Costcutter", "shop": "convenience", "neighbourhood": "Moseley", "opening_hours": "Mo-Fr 09:00-18:00"}, "geometry": {"type": "Point", "coordinates": [-1.88352, 52.446706]}}, {"type": "Feature", "properties": {"id": "store-1445", "name": "iSmash", "shop": "electronics", "neighbourhood": "Moseley", "opening_hours": "Mo-Fr 09:00-18:00"}, "geometry": {"type": "Point", "coordinates": [-1.893739, 52.450543]}}, {"type": "Feature", "properties": {"id": "store-1446", "name": "Halal Butchers", "shop": "butcher", "neighbourhood": "Moseley", "opening_hours": "Mo-Fr 09:00-18:00"}, "geometry": {"type": "Point", "coordinates": [-1.892215, 52.454325]}}, {"type": "Feature", "properties": {"id": "store-1447", "name": "IKEA", "shop": "furniture", "neighbourhood": "Moseley", "opening_hours": "Mo-Su 07:00-22:00"}, "geometry": {"type": "Point", "coordinates": [-1.889182, 52.450384]}}, {"type": "Feature", "properties": {"id": "store-1448", "name": "Robert Dyas", "shop": "hardware", "neighbourhood": "Moseley", "opening_hours": "Mo-Su 07:00-22:00"}, "geometry": {"type": "Point", "coordinates": [-1.884426, 52.447895]}}, {"type": "Feature", "properties": {"id": "store-1449", "name": "Poundworld", "shop": "general", "neighbourhood": "Moseley", "opening_hours": "Mo-Su 07:00-22:00"}, "geometry": {"type": "Point", "coordinates": [-1.888761, 52.449048]}}, {"type": "Feature", "properties": {"id": "store-1450", "name": "Oak Furnitureland", "shop": "furniture", "neighbourhood": "Moseley", "opening_hours": "Mo-Su 00:00-24:00"}, "geometry": {"type": "Point", "coordinates": [-1.891429, 52.456182]}}, {"type": "Feature", "properties": {"id": "store-1451", "name": "Newsagent", "shop": "newsagent", "neighbourhood": "Moseley", "opening_hours": "Mo-Su 00:00-24:00"}, "geometry": {"type": "Point", "coordinates": [-1.885271, 52.444811]}}, {"type": "Feature", "properties": {"id": "store-1452", "name": "Costcutter", "shop": "convenience", "neighbourhood": "Moseley", "opening_hours": "Mo-Sa 08:00-21:00"}, "geometry": {"type": "Point", "coordinates": [-1.890497, 52.450472]}}, {"type": "Feature", "properties": {"id": "store-1453", "name": "Costcutter", "shop": "convenience", "neighbourhood": "Moseley", "opening_hours": "Mo-Fr 09:00-18:00"}, "geometry": {"type": "Point", "coordinates": [-1.896578, 52.448706]}}, {"type": "Feature", "properties": {"id": "store-1454", "name": "Robert Dyas", "shop": "hardware", "neighbourhood": "Moseley", "opening_hours": "Mo-Sa 08:00-21:00"}, "geometry": {"type": "Point", "coordinates": [-1.899223, 52.448074]}}, {"type": "Feature", "properties": {"id": "store-1455", "name": "Well Pharmacy", "shop": "pharmacy", "neighbourhood": "Moseley", "opening_hours": "Mo-Sa 08:00-21:00"}, "geometry": {"type": "Point", "coordinates": [-1.892043, 52.451342]}}, {"type": "Feature", "properties": {"id": "store-1456", "name": "Costcutter", "shop": "convenience", "neighbourhood": "Moseley", "opening_hours": "Mo-Su 00:00-24:00"}, "geometry": {"type": "Point", "coordinates": [-1.890976, 52.445401]}}, {"type": "Feature", "properties": {"id": "store-1457", "name": "Co-op", "shop": "convenience", "neighbourhood": "Moseley", "opening_hours": "Mo-Su 00:00-24:00"}, "geometry": {"type": "Point", "coordinates": [-1.891203, 52.444562]}}, {"type": "Feature", "properties": {"id": "store-1458", "name": "Post Office", "shop": "newsagent", "neighbourhood": "Moseley", "opening_hours": "Mo-Su 07:00-22:00"}, "geometry": {"type": "Point", "coordinates": [-1.880909, 52.450302]}}, {"type": "Feature", "properties": {"id": "store-1459", "name": "Costcutter", "shop": "convenience", "neighbourhood": "Moseley", "opening_hours": "Mo-Su 00:00-24:00"}, "geometry": {"type": "Point", "coordinates": [-1.899432, 52.449347]}}, {"type": "Feature", "properties": {"id": "store-1460", "name": "WHSmith", "shop": "general", "neighbourhood": "Moseley", "opening_hours": "Mo-Su 00:00-24:00"}, "geometry": {"type": "Point", "coordinates": [-1.883683, 52.453907]}}, {"type": "Feature", "properties": {"id": "store-1461", "name": "New Look", "shop": "clothes", "neighbourhood": "Moseley", "opening_hours": "Mo-Sa 08:00-21:00"}, "geometry": {"type": "Point", "coordinates": [-1.890328, 52.449591]}}, {"type": "Feature", "properties": {"id": "store-1462", "name": "Wilko", "shop": "hardware", "neighbourhood": "Moseley", "opening_hours": "Mo-Sa 08:00-21:00"}, "geometry": {"type": "Point", "coordinates": [-1.885541, 52.448017]}}, {"type": "Feature", "properties": {"id": "store-1463", "name": "Londis", "shop": "convenience", "neighbourhood": "Moseley", "opening_hours": "Mo-Sa 08:00-21:00"}, "geometry": {"type": "Point", "coordinates": [-1.897273, 52.44899]}}, {"type": "Feature", "properties": {"id": "store-1464", "name": "Waitrose", "shop": "supermarket", "neighbourhood": "Moseley", "opening_hours": "Mo-Fr 09:00-18:00"}, "geometry": {"type": "Point", "coordinates": [-1.895579, 52.451675]}}, {"type": "Feature", "properties": {"id": "store-1465", "name": "Tesco Express", "shop": "supermarket", "neighbourhood": "Moseley", "opening_hours": "Mo-Fr 09:00-18:00"}, "geometry": {"type": "Point", "coordinates": [-1.89261, 52.450854]}}, {"type": "Feature", "properties": {"id": "store-1466", "name": "The Butcher", "shop": "butcher", "neighbourhood": "Moseley", "opening_hours": "Mo-Fr 09:00-18:00"}, "geometry": {"type": "Point", "coordinates": [-1.887179, 52.450387]}}, {"type": "Feature", "properties": {"id": "store-1467", "name": "Greggs", "shop": "bakery", "neighbourhood": "Moseley", "opening_hours": "Mo-Fr 09:00-18:00"}, "geometry": {"type": "Point", "coordinates": [-1.895697, 52.453344]}}, {"type": "Feature", "properties": {"id": "store-1468", "name": "Costcutter", "shop": "convenience", "neighbourhood": "Moseley", "opening_hours": "Mo-Sa 08:00-21:00"}, "geometry": {"type": "Point", "coordinates": [-1.896637, 52.449533]}}, {"type": "Feature", "properties": {"id": "store-1469", "name": "Pound Bakery", "shop": "general", "neighbourhood": "Moseley", "opening_hours": "Mo-Sa 08:00-21:00"}, "geometry": {"type": "Point", "coordinates": [-1.889331, 52.445753]}}, {"type": "Feature", "properties": {"id": "store-1470", "name": "Costcutter", "shop": "convenience", "neighbourhood": "Moseley", "opening_hours": "Mo-Su 00:00-24:00"}, "geometry": {"type": "Point", "coordinates": [-1.889484, 52.448906]}}, {"type": "Feature", "properties": {"id": "store-1471", "name": "British Heart Foundation", "shop": "charity", "neighbourhood": "Moseley", "opening_hours": "Mo-Su 07:00-22:00"}, "geometry": {"type": "Point", "coordinates": [-1.891685, 52.451916]}}, {"type": "Feature", "properties": {"id": "store-1472", "name": "Boots", "shop": "pharmacy", "neighbourhood": "Moseley", "opening_hours": "Mo-Su 00:00-24:00"}, "geometry": {"type": "Point", "coordinates": [-1.885931, 52.447683]}}, {"type": "Feature", "properties": {"id": "store-1473", "name": "Co-op", "shop": "convenience", "neighbourhood": "Moseley", "opening_hours": "Mo-Sa 08:00-21:00"}, "geometry": {"type": "Point", "coordinates": [-1.884041, 52.448695]}}, {"type": "Feature", "properties": {"id": "store-1474", "name": "Sainsbury's Local", "shop": "supermarket", "neighbourhood": "Moseley", "opening_hours": "Mo-Su 00:00-24:00"}, "geometry": {"type": "Point", "coordinates": [-1.88381, 52.453036]}}, {"type": "Feature", "properties": {"id": "store-1475", "name": "Boots", "shop": "pharmacy", "neighbourhood": "Moseley", "opening_hours": "Mo-Su 00:00-24:00"}, "geometry": {"type": "Point", "coordinates": [-1.880853, 52.451225]}}, {"type": "Feature", "properties": {"id": "store-1476", "name": "Superdrug", "shop": "pharmacy", "neighbourhood": "Moseley", "opening_hours": "Mo-Fr 09:00-18:00"}, "geometry": {"type": "Point", "coordinates": [-1.889099, 52.451215]}}, {"type": "Feature", "properties": {"id": "store-1477", "name": "Rowlands Pharmacy", "shop": "pharmacy", "neighbourhood": "Moseley", "opening_hours": "Mo-Sa 08:00-21:00"}, "geometry": {"type": "Point", "coordinates": [-1.895363, 52.454516]}}, {"type": "Feature", "properties": {"id": "store-1478", "name": "Laptop Direct", "shop": "electronics", "neighbourhood": "Moseley", "opening_hours": "Mo-Fr 09:00-18:00"}, "geometry": {"type": "Point", "coordinates": [-1.897331, 52.450336]}}, {"type": "Feature", "properties": {"id": "store-1479", "name": "Aldi", "shop": "supermarket", "neighbourhood": "Moseley", "opening_hours": "Mo-Fr 09:00-18:00"}, "geometry": {"type": "Point", "coordinates": [-1.882891, 52.45319]}}, {"type": "Feature", "properties": {"id": "store-1480", "name": "Primark", "shop": "clothes", "neighbourhood": "Moseley", "opening_hours": "Mo-Fr 09:00-18:00"}, "geometry": {"type": "Point", "coordinates": [-1.883611, 52.445457]}}, {"type": "Feature", "properties": {"id": "store-1481", "name": "Oxfam", "shop": "charity", "neighbourhood": "Moseley", "opening_hours": "Mo-Su 00:00-24:00"}, "geometry": {"type": "Point", "coordinates": [-1.898284, 52.449552]}}, {"type": "Feature", "properties": {"id": "store-1482", "name": "Hair & Beauty", "shop": "beauty", "neighbourhood": "Moseley", "opening_hours": "Mo-Su 07:00-22:00"}, "geometry": {"type": "Point", "coordinates": [-1.891362, 52.447942]}}, {"type": "Feature", "properties": {"id": "store-1483", "name": "Wilko", "shop": "hardware", "neighbourhood": "Moseley", "opening_hours": "Mo-Su 07:00-22:00"}, "geometry": {"type": "Point", "coordinates": [-1.891982, 52.454392]}}, {"type": "Feature", "properties": {"id": "store-1484", "name": "Co-op", "shop": "convenience", "neighbourhood": "Moseley", "opening_hours": "Mo-Su 00:00-24:00"}, "geometry": {"type": "Point", "coordinates": [-1.883133, 52.454441]}}, {"type": "Feature", "properties": {"id": "store-1485", "name": "Post Office", "shop": "newsagent", "neighbourhood": "Moseley", "opening_hours": "Mo-Fr 09:00-18:00"}, "geometry": {"type": "Point", "coordinates": [-1.894989, 52.450715]}}, {"type": "Feature", "properties": {"id": "store-1486", "name": "Select", "shop": "clothes", "neighbourhood": "Moseley", "opening_hours": "Mo-Su 07:00-22:00"}, "geometry": {"type": "Point", "coordinates": [-1.886167, 52.45397]}}, {"type": "Feature", "properties": {"id": "store-1487", "name": "Next", "shop": "clothes", "neighbourhood": "Moseley", "opening_hours": "Mo-Fr 09:00-18:00"}, "geometry": {"type": "Point", "coordinates": [-1.889465, 52.443915]}}, {"type": "Feature", "properties": {"id": "store-1488", "name": "H&M", "shop": "clothes", "neighbourhood": "Moseley", "opening_hours": "Mo-Su 07:00-22:00"}, "geometry": {"type": "Point", "coordinates": [-1.888868, 52.45453]}}, {"type": "Feature", "properties": {"id": "store-1489", "name": "Nisa Local", "shop": "convenience", "neighbourhood": "Moseley", "opening_hours": "Mo-Su 00:00-24:00"}, "geometry": {"type": "Point", "coordinates": [-1.890965, 52.454604]}}, {"type": "Feature", "properties": {"id": "store-1490", "name": "Poundworld", "shop": "general", "neighbourhood": "Moseley", "opening_hours": "Mo-Su 07:00-22:00"}, "geometry": {"type": "Point", "coordinates": [-1.894037, 52.450284]}}, {"type": "Feature", "properties": {"id": "store-1491", "name": "Tesco", "shop": "supermarket", "neighbourhood": "Moseley", "opening_hours": "Mo-Su 00:00-24:00"}, "geometry": {"type": "Point", "coordinates": [-1.893888, 52.447294]}}, {"type": "Feature", "properties": {"id": "store-1492", "name": "Peacocks", "shop": "clothes", "neighbourhood": "Moseley", "opening_hours": "Mo-Su 00:00-24:00"}, "geometry": {"type": "Point", "coordinates": [-1.886267, 52.447252]}}, {"type": "Feature", "properties": {"id": "store-1493", "name": "One Stop", "shop": "convenience", "neighbourhood": "Moseley", "opening_hours": "Mo-Sa 08:00-21:00"}, "geometry": {"type": "Point", "coordinates": [-1.883365, 52.44593]}}, {"type": "Feature", "properties": {"id": "store-1494", "name": "Peak Pharmacy", "shop": "pharmacy", "neighbourhood": "Moseley", "opening_hours": "Mo-Fr 09:00-18:00"}, "geometry": {"type": "Point", "coordinates": [-1.897921, 52.450065]}}, {"type": "Feature", "properties": {"id": "store-1495", "name": "Costcutter", "shop": "convenience", "neighbourhood": "Moseley", "opening_hours": "Mo-Fr 09:00-18:00"}, "geometry": {"type": "Point", "coordinates": [-1.89168, 52.453108]}}, {"type": "Feature", "properties": {"id": "store-1496", "name": "Greggs", "shop": "bakery", "neighbourhood": "Moseley", "opening_hours": "Mo-Su 00:00-24:00"}, "geometry": {"type": "Point", "coordinates": [-1.889297, 52.450983]}}, {"type": "Feature", "properties": {"id": "store-1497", "name": "Iceland", "shop": "supermarket", "neighbourhood": "Moseley", "opening_hours": "Mo-Sa 08:00-21:00"}, "geometry": {"type": "Point", "coordinates": [-1.89264, 52.445448]}}, {"type": "Feature", "properties": {"id": "store-1498", "name": "M&S Food", "shop": "supermarket", "neighbourhood": "Moseley", "opening_hours": "Mo-Sa 08:00-21:00"}, "geometry": {"type": "Point", "coordinates": [-1.883785, 52.448647]}}, {"type": "Feature", "properties": {"id": "store-1499", "name": "Hair & Beauty", "shop": "beauty", "neighbourhood": "Moseley", "opening_hours": "Mo-Sa 08:00-21:00"}, "geometry": {"type": "Point", "coordinates": [-1.893821, 52.450488]}}, {"type": "Feature", "properties": {"id": "store-1500", "name": "WHSmith", "shop": "general", "neighbourhood": "Moseley", "opening_hours": "Mo-Su 07:00-22:00"}, "geometry": {"type": "Point", "coordinates": [-1.891574, 52.446008]}}, {"type": "Feature", "properties": {"id": "store-1501", "name": "Scope", "shop": "charity", "neighbourhood": "Moseley", "opening_hours": "Mo-Sa 08:00-21:00"}, "geometry": {"type": "Point", "coordinates": [-1.889956, 52.454299]}}, {"type": "Feature", "properties": {"id": "store-1502", "name": "Day Lewis", "shop": "pharmacy", "neighbourhood": "Moseley", "opening_hours": "Mo-Su 00:00-24:00"}, "geometry": {"type": "Point", "coordinates": [-1.889966, 52.456093]}}, {"type": "Feature", "properties": {"id": "store-1503", "name": "New Look", "shop": "clothes", "neighbourhood": "Moseley", "opening_hours": "Mo-Su 00:00-24:00"}, "geometry": {"type": "Point", "coordinates": [-1.895398, 52.452073]}}, {"type": "Feature", "properties": {"id": "store-1504", "name": "Nail Studio", "shop": "beauty", "neighbourhood": "Moseley", "opening_hours": "Mo-Su 07:00-22:00"}, "geometry": {"type": "Point", "coordinates": [-1.887492, 52.455202]}}, {"type": "Feature", "properties": {"id": "store-1505", "name": "Costcutter", "shop": "convenience", "neighbourhood": "Moseley", "opening_hours": "Mo-Su 00:00-24:00"}, "geometry": {"type": "Point", "coordinates": [-1.887781, 52.44825]}}, {"type": "Feature", "properties": {"id": "store-1506", "name": "Peak Pharmacy", "shop": "pharmacy", "neighbourhood": "Moseley", "opening_hours": "Mo-Su 00:00-24:00"}, "geometry": {"type": "Point", "coordinates": [-1.89329, 52.452089]}}, {"type": "Feature", "properties": {"id": "store-1507", "name": "Breadshop", "shop": "bakery", "neighbourhood": "Moseley", "opening_hours": "Mo-Fr 09:00-18:00"}, "geometry": {"type": "Point", "coordinates": [-1.896704, 52.454572]}}, {"type": "Feature", "properties": {"id": "store-1508", "name": "New Look", "shop": "clothes", "neighbourhood": "Moseley", "opening_hours": "Mo-Fr 09:00-18:00"}, "geometry": {"type": "Point", "coordinates": [-1.881667, 52.449261]}}, {"type": "Feature", "properties": {"id": "store-1509", "name": "Poundworld", "shop": "general", "neighbourhood": "Moseley", "opening_hours": "Mo-Su 07:00-22:00"}, "geometry": {"type": "Point", "coordinates": [-1.891511, 52.453495]}}, {"type": "Feature", "properties": {"id": "store-1510", "name": "Tesco Express", "shop": "supermarket", "neighbourhood": "Moseley", "opening_hours": "Mo-Fr 09:00-18:00"}, "geometry": {"type": "Point", "coordinates": [-1.890427, 52.44968]}}, {"type": "Feature", "properties": {"id": "store-1511", "name": "Well Pharmacy", "shop": "pharmacy", "neighbourhood": "Moseley", "opening_hours": "Mo-Su 07:00-22:00"}, "geometry": {"type": "Point", "coordinates": [-1.892966, 52.445057]}}, {"type": "Feature", "properties": {"id": "store-1512", "name": "Tesco", "shop": "supermarket", "neighbourhood": "Moseley", "opening_hours": "Mo-Fr 09:00-18:00"}, "geometry": {"type": "Point", "coordinates": [-1.898109, 52.45118]}}, {"type": "Feature", "properties": {"id": "store-1513", "name": "Oak Furnitureland", "shop": "furniture", "neighbourhood": "Moseley", "opening_hours": "Mo-Su 00:00-24:00"}, "geometry": {"type": "Point", "coordinates": [-1.895429, 52.448241]}}, {"type": "Feature", "properties": {"id": "store-1514", "name": "IKEA", "shop": "furniture", "neighbourhood": "Moseley", "opening_hours": "Mo-Su 07:00-22:00"}, "geometry": {"type": "Point", "coordinates": [-1.88381, 52.445625]}}, {"type": "Feature", "properties": {"id": "store-1515", "name": "O2", "shop": "electronics", "neighbourhood": "Moseley", "opening_hours": "Mo-Su 07:00-22:00"}, "geometry": {"type": "Point", "coordinates": [-1.887674, 52.444065]}}, {"type": "Feature", "properties": {"id": "store-1516", "name": "Martin McColl", "shop": "newsagent", "neighbourhood": "Moseley", "opening_hours": "Mo-Su 07:00-22:00"}, "geometry": {"type": "Point", "coordinates": [-1.898524, 52.450275]}}, {"type": "Feature", "properties": {"id": "store-1517", "name": "Harveys", "shop": "furniture", "neighbourhood": "Moseley", "opening_hours": "Mo-Sa 08:00-21:00"}, "geometry": {"type": "Point", "coordinates": [-1.897483, 52.452017]}}, {"type": "Feature", "properties": {"id": "store-1518", "name": "Morrisons", "shop": "supermarket", "neighbourhood": "Moseley", "opening_hours": "Mo-Sa 08:00-21:00"}, "geometry": {"type": "Point", "coordinates": [-1.891268, 52.456154]}}, {"type": "Feature", "properties": {"id": "store-1519", "name": "Greggs", "shop": "bakery", "neighbourhood": "Moseley", "opening_hours": "Mo-Su 00:00-24:00"}, "geometry": {"type": "Point", "coordinates": [-1.88954, 52.45625]}}, {"type": "Feature", "properties": {"id": "store-1520", "name": "Family Butchers", "shop": "butcher", "neighbourhood": "Kings Heath", "opening_hours": "Mo-Su 07:00-22:00"}, "geometry": {"type": "Point", "coordinates": [-1.89467, 52.43165]}}, {"type": "Feature", "properties": {"id": "store-1521", "name": "Family Shopper", "shop": "convenience", "neighbourhood": "Kings Heath", "opening_hours": "Mo-Sa 08:00-21:00"}, "geometry": {"type": "Point", "coordinates": [-1.900371, 52.431706]}}, {"type": "Feature", "properties": {"id": "store-1522", "name": "Bargain Booze", "shop": "convenience", "neighbourhood": "Kings Heath", "opening_hours": "Mo-Su 07:00-22:00"}, "geometry": {"type": "Point", "coordinates": [-1.901863, 52.441512]}}, {"type": "Feature", "properties": {"id": "store-1523", "name": "Superdrug", "shop": "pharmacy", "neighbourhood": "Kings Heath", "opening_hours": "Mo-Fr 09:00-18:00"}, "geometry": {"type": "Point", "coordinates": [-1.895497, 52.442992]}}, {"type": "Feature", "properties": {"id": "store-1524", "name": "Halal Butchers", "shop": "butcher", "neighbourhood": "Kings Heath", "opening_hours": "Mo-Su 00:00-24:00"}, "geometry": {"type": "Point", "coordinates": [-1.894905, 52.44171]}}, {"type": "Feature", "properties": {"id": "store-1525", "name": "Bargain Booze", "shop": "convenience", "neighbourhood": "Kings Heath", "opening_hours": "Mo-Fr 09:00-18:00"}, "geometry": {"type": "Point", "coordinates": [-1.89015, 52.430447]}}, {"type": "Feature", "properties": {"id": "store-1526", "name": "Waitrose", "shop": "supermarket", "neighbourhood": "Kings Heath", "opening_hours": "Mo-Sa 08:00-21:00"}, "geometry": {"type": "Point", "coordinates": [-1.894764, 52.431819]}}, {"type": "Feature", "properties": {"id": "store-1527", "name": "Superdrug", "shop": "pharmacy", "neighbourhood": "Kings Heath", "opening_hours": "Mo-Su 07:00-22:00"}, "geometry": {"type": "Point", "coordinates": [-1.891705, 52.443608]}}, {"type": "Feature", "properties": {"id": "store-1528", "name": "Oxfam", "shop": "charity", "neighbourhood": "Kings Heath", "opening_hours": "Mo-Sa 08:00-21:00"}, "geometry": {"type": "Point", "coordinates": [-1.890702, 52.433756]}}, {"type": "Feature", "properties": {"id": "store-1529", "name": "Sainsbury's", "shop": "supermarket", "neighbourhood": "Kings Heath", "opening_hours": "Mo-Sa 08:00-21:00"}, "geometry": {"type": "Point", "coordinates": [-1.896056, 52.441648]}}, {"type": "Feature", "properties": {"id": "store-1530", "name": "Greggs", "shop": "bakery", "neighbourhood": "Kings Heath", "opening_hours": "Mo-Su 07:00-22:00"}, "geometry": {"type": "Point", "coordinates": [-1.889338, 52.439057]}}, {"type": "Feature", "properties": {"id": "store-1531", "name": "Nail Studio", "shop": "beauty", "neighbourhood": "Kings Heath", "opening_hours": "Mo-Su 00:00-24:00"}, "geometry": {"type": "Point", "coordinates": [-1.893666, 52.430573]}}, {"type": "Feature", "properties": {"id": "store-1532", "name": "Poundland", "shop": "general", "neighbourhood": "Kings Heath", "opening_hours": "Mo-Su 00:00-24:00"}, "geometry": {"type": "Point", "coordinates": [-1.886866, 52.437089]}}, {"type": "Feature", "properties": {"id": "store-1533", "name": "Aldi", "shop": "supermarket", "neighbourhood": "Kings Heath", "opening_hours": "Mo-Fr 09:00-18:00"}, "geometry": {"type": "Point", "coordinates": [-1.895709, 52.43352]}}, {"type": "Feature", "properties": {"id": "store-1534", "name": "Salon", "shop": "beauty", "neighbourhood": "Kings Heath", "opening_hours": "Mo-Su 07:00-22:00"}, "geometry": {"type": "Point", "coordinates": [-1.904312, 52.437504]}}, {"type": "Feature", "properties": {"id": "store-1535", "name": "British Heart Foundation", "shop": "charity", "neighbourhood": "Kings Heath", "opening_hours": "Mo-Sa 08:00-21:00"}, "geometry": {"type": "Point", "coordinates": [-1.898629, 52.440835]}}, {"type": "Feature", "properties": {"id": "store-1536", "name": "Aldi", "shop": "supermarket", "neighbourhood": "Kings Heath", "opening_hours": "Mo-Fr 09:00-18:00"}, "geometry": {"type": "Point", "coordinates": [-1.890978, 52.442972]}}, {"type": "Feature", "properties": {"id": "store-1537", "name": "Nail Studio", "shop": "beauty", "neighbourhood": "Kings Heath", "opening_hours": "Mo-Fr 09:00-18:00"}, "geometry": {"type": "Point", "coordinates": [-1.891091, 52.442433]}}, {"type": "Feature", "properties": {"id": "store-1538", "name": "Select", "shop": "clothes", "neighbourhood": "Kings Heath", "opening_hours": "Mo-Su 07:00-22:00"}, "geometry": {"type": "Point", "coordinates": [-1.88962, 52.432384]}}, {"type": "Feature", "properties": {"id": "store-1539", "name": "Carphone Warehouse", "shop": "electronics", "neighbourhood": "Kings Heath", "opening_hours": "Mo-Su 00:00-24:00"}, "geometry": {"type": "Point", "coordinates": [-1.892676, 52.432298]}}, {"type": "Feature", "properties": {"id": "store-1540", "name": "Lidl", "shop": "supermarket", "neighbourhood": "Kings Heath", "opening_hours": "Mo-Su 00:00-24:00"}, "geometry": {"type": "Point", "coordinates": [-1.902895, 52.433545]}}, {"type": "Feature", "properties": {"id": "store-1541", "name": "Waitrose", "shop": "supermarket", "neighbourhood": "Kings Heath", "opening_hours": "Mo-Su 07:00-22:00"}, "geometry": {"type": "Point", "coordinates": [-1.897037, 52.434983]}}, {"type": "Feature", "properties": {"id": "store-1542", "name": "Poundworld", "shop": "general", "neighbourhood": "Kings Heath", "opening_hours": "Mo-Su 00:00-24:00"}, "geometry": {"type": "Point", "coordinates": [-1.900974, 52.431485]}}, {"type": "Feature", "properties": {"id": "store-1543", "name": "Greggs", "shop": "bakery", "neighbourhood": "Kings Heath", "opening_hours": "Mo-Sa 08:00-21:00"}, "geometry": {"type": "Point", "coordinates": [-1.888531, 52.433925]}}, {"type": "Feature", "properties": {"id": "store-1544", "name": "Family Shopper", "shop": "convenience", "neighbourhood": "Kings Heath", "opening_hours": "Mo-Fr 09:00-18:00"}, "geometry": {"type": "Point", "coordinates": [-1.893111, 52.437981]}}, {"type": "Feature", "properties": {"id": "store-1545", "name": "Select", "shop": "clothes", "neighbourhood": "Kings Heath", "opening_hours": "Mo-Sa 08:00-21:00"}, "geometry": {"type": "Point", "coordinates": [-1.895786, 52.431202]}}, {"type": "Feature", "properties": {"id": "store-1546", "name": "Peacocks", "shop": "clothes", "neighbourhood": "Kings Heath", "opening_hours": "Mo-Su 07:00-22:00"}, "geometry": {"type": "Point", "coordinates": [-1.88975, 52.439406]}}, {"type": "Feature", "properties": {"id": "store-1547", "name": "One Stop", "shop": "convenience", "neighbourhood": "Kings Heath", "opening_hours": "Mo-Su 07:00-22:00"}, "geometry": {"type": "Point", "coordinates": [-1.896063, 52.431191]}}, {"type": "Feature", "properties": {"id": "store-1548", "name": "One Stop", "shop": "convenience", "neighbourhood": "Kings Heath", "opening_hours": "Mo-Su 07:00-22:00"}, "geometry": {"type": "Point", "coordinates": [-1.892542, 52.434188]}}, {"type": "Feature", "properties": {"id": "store-1549", "name": "Corner Shop", "shop": "newsagent", "neighbourhood": "Kings Heath", "opening_hours": "Mo-Su 00:00-24:00"}, "geometry": {"type": "Point", "coordinates": [-1.886893, 52.433796]}}, {"type": "Feature", "properties": {"id": "store-1550", "name": "River Island", "shop": "clothes", "neighbourhood": "Kings Heath", "opening_hours": "Mo-Fr 09:00-18:00"}, "geometry": {"type": "Point", "coordinates": [-1.90213, 52.440242]}}, {"type": "Feature", "properties": {"id": "store-1551", "name": "Oxfam", "shop": "charity", "neighbourhood": "Kings Heath", "opening_hours": "Mo-Fr 09:00-18:00"}, "geometry": {"type": "Point", "coordinates": [-1.89163, 52.435894]}}, {"type": "Feature", "properties": {"id": "store-1552", "name": "One Stop", "shop": "convenience", "neighbourhood": "Kings Heath", "opening_hours": "Mo-Fr 09:00-18:00"}, "geometry": {"type": "Point", "coordinates": [-1.894294, 52.437084]}}, {"type": "Feature", "properties": {"id": "store-1553", "name": "Newsagent", "shop": "newsagent", "neighbourhood": "Kings Heath", "opening_hours": "Mo-Fr 09:00-18:00"}, "geometry": {"type": "Point", "coordinates": [-1.899059, 52.434492]}}, {"type": "Feature", "properties": {"id": "store-1554", "name": "Bargain Buys", "shop": "general", "neighbourhood": "Kings Heath", "opening_hours": "Mo-Su 07:00-22:00"}, "geometry": {"type": "Point", "coordinates": [-1.890124, 52.437857]}}, {"type": "Feature", "properties": {"id": "store-1555", "name": "Sainsbury's Local", "shop": "supermarket", "neighbourhood": "Kings Heath", "opening_hours": "Mo-Fr 09:00-18:00"}, "geometry": {"type": "Point", "coordinates": [-1.894085, 52.438117]}}, {"type": "Feature", "properties": {"id": "store-1556", "name": "Screwfix", "shop": "hardware", "neighbourhood": "Kings Heath", "opening_hours": "Mo-Su 07:00-22:00"}, "geometry": {"type": "Point", "coordinates": [-1.886499, 52.438888]}}, {"type": "Feature", "properties": {"id": "store-1557", "name": "Premier", "shop": "convenience", "neighbourhood": "Kings Heath", "opening_hours": "Mo-Sa 08:00-21:00"}, "geometry": {"type": "Point", "coordinates": [-1.889018, 52.438207]}}, {"type": "Feature", "properties": {"id": "store-1558", "name": "Co-op", "shop": "convenience", "neighbourhood": "Kings Heath", "opening_hours": "Mo-Sa 08:00-21:00"}, "geometry": {"type": "Point", "coordinates": [-1.887562, 52.434129]}}, {"type": "Feature", "properties": {"id": "store-1559", "name": "M&S Food", "shop": "supermarket", "neighbourhood": "Kings Heath", "opening_hours": "Mo-Sa 08:00-21:00"}, "geometry": {"type": "Point", "coordinates": [-1.904414, 52.44079]}}, {"type": "Feature", "properties": {"id": "store-1560", "name": "Sainsbury's", "shop": "supermarket", "neighbourhood": "Kings Heath", "opening_hours": "Mo-Su 00:00-24:00"}, "geometry": {"type": "Point", "coordinates": [-1.887767, 52.432368]}}, {"type": "Feature", "properties": {"id": "store-1561", "name": "Next", "shop": "clothes", "neighbourhood": "Kings Heath", "opening_hours": "Mo-Fr 09:00-18:00"}, "geometry": {"type": "Point", "coordinates": [-1.893047, 52.432783]}}, {"type": "Feature", "properties": {"id": "store-1562", "name": "Nisa Local", "shop": "convenience", "neighbourhood": "Kings Heath", "opening_hours": "Mo-Sa 08:00-21:00"}, "geometry": {"type": "Point", "coordinates": [-1.897091, 52.438331]}}, {"type": "Feature", "properties": {"id": "store-1563", "name": "Select", "shop": "clothes", "neighbourhood": "Kings Heath", "opening_hours": "Mo-Fr 09:00-18:00"}, "geometry": {"type": "Point", "coordinates": [-1.888212, 52.438588]}}, {"type": "Feature", "properties": {"id": "store-1564", "name": "Aldi", "shop": "supermarket", "neighbourhood": "Kings Heath", "opening_hours": "Mo-Sa 08:00-21:00"}, "geometry": {"type": "Point", "coordinates": [-1.895843, 52.440527]}}, {"type": "Feature", "properties": {"id": "store-1565", "name": "One Stop", "shop": "convenience", "neighbourhood": "Kings Heath", "opening_hours": "Mo-Su 07:00-22:00"}, "geometry": {"type": "Point", "coordinates": [-1.900081, 52.439385]}}, {"type": "Feature", "properties": {"id": "store-1566", "name": "Costcutter", "shop": "convenience", "neighbourhood": "Kings Heath", "opening_hours": "Mo-Fr 09:00-18:00"}, "geometry": {"type": "Point", "coordinates": [-1.899546, 52.43438]}}, {"type": "Feature", "properties": {"id": "store-1567", "name": "Rowlands Pharmacy", "shop": "pharmacy", "neighbourhood": "Kings Heath", "opening_hours": "Mo-Su 07:00-22:00"}, "geometry": {"type": "Point", "coordinates": [-1.891737, 52.437521]}}, {"type": "Feature", "properties": {"id": "store-1568", "name": "Sue Ryder", "shop": "charity", "neighbourhood": "Kings Heath", "opening_hours": "Mo-Fr 09:00-18:00"}, "geometry": {"type": "Point", "coordinates": [-1.888604, 52.439226]}}, {"type": "Feature", "properties": {"id": "store-1569", "name": "Post Office", "shop": "newsagent", "neighbourhood": "Kings Heath", "opening_hours": "Mo-Fr 09:00-18:00"}, "geometry": {"type": "Point", "coordinates": [-1.895592, 52.433972]}}, {"type": "Feature", "properties": {"id": "store-1570", "name": "Best-one", "shop": "convenience", "neighbourhood": "Kings Heath", "opening_hours": "Mo-Su 07:00-22:00"}, "geometry": {"type": "Point", "coordinates": [-1.903123, 52.435914]}}, {"type": "Feature", "properties": {"id": "store-1571", "name": "O2", "shop": "electronics", "neighbourhood": "Kings Heath", "opening_hours": "Mo-Fr 09:00-18:00"}, "geometry": {"type": "Point", "coordinates": [-1.884218, 52.438811]}}, {"type": "Feature", "properties": {"id": "store-1572", "name": "Next", "shop": "clothes", "neighbourhood": "Kings Heath", "opening_hours": "Mo-Su 00:00-24:00"}, "geometry": {"type": "Point", "coordinates": [-1.887442, 52.437921]}}, {"type": "Feature", "properties": {"id": "store-1573", "name": "Toolstation", "shop": "hardware", "neighbourhood": "Kings Heath", "opening_hours": "Mo-Fr 09:00-18:00"}, "geometry": {"type": "Point", "coordinates": [-1.89156, 52.43694]}}, {"type": "Feature", "properties": {"id": "store-1574", "name": "Lidl", "shop": "supermarket", "neighbourhood": "Kings Heath", "opening_hours": "Mo-Su 00:00-24:00"}, "geometry": {"type": "Point", "coordinates": [-1.895669, 52.433566]}}, {"type": "Feature", "properties": {"id": "store-1575", "name": "TK Maxx", "shop": "clothes", "neighbourhood": "Kings Heath", "opening_hours": "Mo-Su 00:00-24:00"}, "geometry": {"type": "Point", "coordinates": [-1.89138, 52.432594]}}, {"type": "Feature", "properties": {"id": "store-1576", "name": "Vodafone", "shop": "electronics", "neighbourhood": "Kings Heath", "opening_hours": "Mo-Su 07:00-22:00"}, "geometry": {"type": "Point", "coordinates": [-1.893161, 52.436837]}}, {"type": "Feature", "properties": {"id": "store-1577", "name": "British Heart Foundation", "shop": "charity", "neighbourhood": "Kings Heath", "opening_hours": "Mo-Su 00:00-24:00"}, "geometry": {"type": "Point", "coordinates": [-1.892373, 52.43569]}}, {"type": "Feature", "properties": {"id": "store-1578", "name": "Tesco", "shop": "supermarket", "neighbourhood": "Kings Heath", "opening_hours": "Mo-Sa 08:00-21:00"}, "geometry": {"type": "Point", "coordinates": [-1.89665, 52.439025]}}, {"type": "Feature", "properties": {"id": "store-1579", "name": "Bargain Booze", "shop": "convenience", "neighbourhood": "Kings Heath", "opening_hours": "Mo-Su 00:00-24:00"}, "geometry": {"type": "Point", "coordinates": [-1.886601, 52.434025]}}, {"type": "Feature", "properties": {"id": "store-1580", "name": "Costcutter", "shop": "convenience", "neighbourhood": "Kings Heath", "opening_hours": "Mo-Su 00:00-24:00"}, "geometry": {"type": "Point", "coordinates": [-1.886443, 52.439041]}}, {"type": "Feature", "properties": {"id": "store-1581", "name": "Barnardo's", "shop": "charity", "neighbourhood": "Kings Heath", "opening_hours": "Mo-Fr 09:00-18:00"}, "geometry": {"type": "Point", "coordinates": [-1.894653, 52.440938]}}, {"type": "Feature", "properties": {"id": "store-1582", "name": "M&S Food", "shop": "supermarket", "neighbourhood": "Kings Heath", "opening_hours": "Mo-Sa 08:00-21:00"}, "geometry": {"type": "Point", "coordinates": [-1.90426, 52.439738]}}, {"type": "Feature", "properties": {"id": "store-1583", "name": "Martin McColl", "shop": "newsagent", "neighbourhood": "Kings Heath", "opening_hours": "Mo-Fr 09:00-18:00"}, "geometry": {"type": "Point", "coordinates": [-1.89922, 52.439281]}}, {"type": "Feature", "properties": {"id": "store-1584", "name": "Beauty Bar", "shop": "beauty", "neighbourhood": "Kings Heath", "opening_hours": "Mo-Fr 09:00-18:00"}, "geometry": {"type": "Point", "coordinates": [-1.88599, 52.437564]}}, {"type": "Feature", "properties": {"id": "store-1585", "name": "Barnardo's", "shop": "charity", "neighbourhood": "Kings Heath", "opening_hours": "Mo-Fr 09:00-18:00"}, "geometry": {"type": "Point", "coordinates": [-1.892083, 52.435861]}}, {"type": "Feature", "properties": {"id": "store-1586", "name": "Nail Studio", "shop": "beauty", "neighbourhood": "Kings Heath", "opening_hours": "Mo-Sa 08:00-21:00"}, "geometry": {"type": "Point", "coordinates": [-1.887324, 52.438215]}}, {"type": "Feature", "properties": {"id": "store-1587", "name": "Poundland", "shop": "general", "neighbourhood": "Kings Heath", "opening_hours": "Mo-Fr 09:00-18:00"}, "geometry": {"type": "Point", "coordinates": [-1.896982, 52.434718]}}, {"type": "Feature", "properties": {"id": "store-1588", "name": "Matalan", "shop": "clothes", "neighbourhood": "Kings Heath", "opening_hours": "Mo-Fr 09:00-18:00"}, "geometry": {"type": "Point", "coordinates": [-1.90503, 52.439439]}}, {"type": "Feature", "properties": {"id": "store-1589", "name": "Wilko", "shop": "hardware", "neighbourhood": "Kings Heath", "opening_hours": "Mo-Su 00:00-24:00"}, "geometry": {"type": "Point", "coordinates": [-1.901905, 52.435202]}}, {"type": "Feature", "properties": {"id": "store-1590", "name": "B&Q", "shop": "hardware", "neighbourhood": "Kings Heath", "opening_hours": "Mo-Sa 08:00-21:00"}, "geometry": {"type": "Point", "coordinates": [-1.8934, 52.436495]}}, {"type": "Feature", "properties": {"id": "store-1591", "name": "The Beauty Room", "shop": "beauty", "neighbourhood": "Kings Heath", "opening_hours": "Mo-Fr 09:00-18:00"}, "geometry": {"type": "Point", "coordinates": [-1.89668, 52.444113]}}, {"type": "Feature", "properties": {"id": "store-1592", "name": "Bonmarch\u00e9", "shop": "clothes", "neighbourhood": "Kings Heath", "opening_hours": "Mo-Fr 09:00-18:00"}, "geometry": {"type": "Point", "coordinates": [-1.895664, 52.440232]}}, {"type": "Feature", "properties": {"id": "store-1593", "name": "Beauty Bar", "shop": "beauty", "neighbourhood": "Kings Heath", "opening_hours": "Mo-Su 00:00-24:00"}, "geometry": {"type": "Point", "coordinates": [-1.891392, 52.437897]}}, {"type": "Feature", "properties": {"id": "store-1594", "name": "Salon", "shop": "beauty", "neighbourhood": "Kings Heath", "opening_hours": "Mo-Fr 09:00-18:00"}, "geometry": {"type": "Point", "coordinates": [-1.892889, 52.43894]}}, {"type": "Feature", "properties": {"id": "store-1595", "name": "Card Factory", "shop": "general", "neighbourhood": "Kings Heath", "opening_hours": "Mo-Su 00:00-24:00"}, "geometry": {"type": "Point", "coordinates": [-1.894115, 52.440169]}}, {"type": "Feature", "properties": {"id": "store-1596", "name": "Three", "shop": "electronics", "neighbourhood": "Yardley", "opening_hours": "Mo-Su 07:00-22:00"}, "geometry": {"type": "Point", "coordinates": [-1.799645, 52.473334]}}, {"type": "Feature", "properties": {"id": "store-1597", "name": "Next", "shop": "clothes", "neighbourhood": "Yardley", "opening_hours": "Mo-Su 07:00-22:00"}, "geometry": {"type": "Point", "coordinates": [-1.797907, 52.47894]}}, {"type": "Feature", "properties": {"id": "store-1598", "name": "Corner Shop", "shop": "newsagent", "neighbourhood": "Yardley", "opening_hours": "Mo-Sa 08:00-21:00"}, "geometry": {"type": "Point", "coordinates": [-1.803061, 52.479012]}}, {"type": "Feature", "properties": {"id": "store-1599", "name": "Laptop Direct", "shop": "electronics", "neighbourhood": "Yardley", "opening_hours": "Mo-Sa 08:00-21:00"}, "geometry": {"type": "Point", "coordinates": [-1.805112, 52.477798]}}, {"type": "Feature", "properties": {"id": "store-1600", "name": "The Beauty Room", "shop": "beauty", "neighbourhood": "Yardley", "opening_hours": "Mo-Fr 09:00-18:00"}, "geometry": {"type": "Point", "coordinates": [-1.818693, 52.468058]}}, {"type": "Feature", "properties": {"id": "store-1601", "name": "Spar", "shop": "convenience", "neighbourhood": "Yardley", "opening_hours": "Mo-Fr 09:00-18:00"}, "geometry": {"type": "Point", "coordinates": [-1.80874, 52.474876]}}, {"type": "Feature", "properties": {"id": "store-1602", "name": "Select", "shop": "clothes", "neighbourhood": "Yardley", "opening_hours": "Mo-Fr 09:00-18:00"}, "geometry": {"type": "Point", "coordinates": [-1.814498, 52.471461]}}, {"type": "Feature", "properties": {"id": "store-1603", "name": "Newsagent", "shop": "newsagent", "neighbourhood": "Yardley", "opening_hours": "Mo-Fr 09:00-18:00"}, "geometry": {"type": "Point", "coordinates": [-1.807222, 52.468375]}}, {"type": "Feature", "properties": {"id": "store-1604", "name": "Dreams", "shop": "furniture", "neighbourhood": "Yardley", "opening_hours": "Mo-Sa 08:00-21:00"}, "geometry": {"type": "Point", "coordinates": [-1.798857, 52.470275]}}, {"type": "Feature", "properties": {"id": "store-1605", "name": "Greggs", "shop": "bakery", "neighbourhood": "Yardley", "opening_hours": "Mo-Fr 09:00-18:00"}, "geometry": {"type": "Point", "coordinates": [-1.806811, 52.471713]}}, {"type": "Feature", "properties": {"id": "store-1606", "name": "WHSmith", "shop": "newsagent", "neighbourhood": "Yardley", "opening_hours": "Mo-Fr 09:00-18:00"}, "geometry": {"type": "Point", "coordinates": [-1.80204, 52.469524]}}, {"type": "Feature", "properties": {"id": "store-1607", "name": "Cancer Research UK", "shop": "charity", "neighbourhood": "Yardley", "opening_hours": "Mo-Su 00:00-24:00"}, "geometry": {"type": "Point", "coordinates": [-1.812931, 52.474403]}}, {"type": "Feature", "properties": {"id": "store-1608", "name": "Halal Butchers", "shop": "butcher", "neighbourhood": "Yardley", "opening_hours": "Mo-Sa 08:00-21:00"}, "geometry": {"type": "Point", "coordinates": [-1.817297, 52.479888]}}, {"type": "Feature", "properties": {"id": "store-1609", "name": "Screwfix", "shop": "hardware", "neighbourhood": "Yardley", "opening_hours": "Mo-Su 00:00-24:00"}, "geometry": {"type": "Point", "coordinates": [-1.815146, 52.479853]}}, {"type": "Feature", "properties": {"id": "store-1610", "name": "Toolstation", "shop": "hardware", "neighbourhood": "Yardley", "opening_hours": "Mo-Fr 09:00-18:00"}, "geometry": {"type": "Point", "coordinates": [-1.807781, 52.477591]}}, {"type": "Feature", "properties": {"id": "store-1611", "name": "Well Pharmacy", "shop": "pharmacy", "neighbourhood": "Yardley", "opening_hours": "Mo-Su 07:00-22:00"}, "geometry": {"type": "Point", "coordinates": [-1.807744, 52.470684]}}, {"type": "Feature", "properties": {"id": "store-1612", "name": "Corner Shop", "shop": "newsagent", "neighbourhood": "Yardley", "opening_hours": "Mo-Su 00:00-24:00"}, "geometry": {"type": "Point", "coordinates": [-1.804529, 52.481728]}}, {"type": "Feature", "properties": {"id": "store-1613", "name": "Primark", "shop": "clothes", "neighbourhood": "Yardley", "opening_hours": "Mo-Su 00:00-24:00"}, "geometry": {"type": "Point", "coordinates": [-1.823678, 52.474788]}}, {"type": "Feature", "properties": {"id": "store-1614", "name": "TK Maxx", "shop": "clothes", "neighbourhood": "Yardley", "opening_hours": "Mo-Fr 09:00-18:00"}, "geometry": {"type": "Point", "coordinates": [-1.800654, 52.481483]}}, {"type": "Feature", "properties": {"id": "store-1615", "name": "The Butcher", "shop": "butcher", "neighbourhood": "Yardley", "opening_hours": "Mo-Sa 08:00-21:00"}, "geometry": {"type": "Point", "coordinates": [-1.808978, 52.472488]}}, {"type": "Feature", "properties": {"id": "store-1616", "name": "Co-op", "shop": "convenience", "neighbourhood": "Yardley", "opening_hours": "Mo-Su 07:00-22:00"}, "geometry": {"type": "Point", "coordinates": [-1.808574, 52.47032]}}, {"type": "Feature", "properties": {"id": "store-1617", "name": "Martin McColl", "shop": "newsagent", "neighbourhood": "Yardley", "opening_hours": "Mo-Su 07:00-22:00"}, "geometry": {"type": "Point", "coordinates": [-1.805324, 52.476401]}}, {"type": "Feature", "properties": {"id": "store-1618", "name": "McColl's", "shop": "convenience", "neighbourhood": "Yardley", "opening_hours": "Mo-Su 00:00-24:00"}, "geometry": {"type": "Point", "coordinates": [-1.811379, 52.474548]}}, {"type": "Feature", "properties": {"id": "store-1619", "name": "Age UK", "shop": "charity", "neighbourhood": "Yardley", "opening_hours": "Mo-Fr 09:00-18:00"}, "geometry": {"type": "Point", "coordinates": [-1.798758, 52.478331]}}, {"type": "Feature", "properties": {"id": "store-1620", "name": "The Range", "shop": "furniture", "neighbourhood": "Yardley", "opening_hours": "Mo-Su 07:00-22:00"}, "geometry": {"type": "Point", "coordinates": [-1.822777, 52.472294]}}, {"type": "Feature", "properties": {"id": "store-1621", "name": "Tesco", "shop": "supermarket", "neighbourhood": "Yardley", "opening_hours": "Mo-Su 07:00-22:00"}, "geometry": {"type": "Point", "coordinates": [-1.80479, 52.471133]}}, {"type": "Feature", "properties": {"id": "store-1622", "name": "Bargain Buys", "shop": "general", "neighbourhood": "Yardley", "opening_hours": "Mo-Sa 08:00-21:00"}, "geometry": {"type": "Point", "coordinates": [-1.822826, 52.476107]}}, {"type": "Feature", "properties": {"id": "store-1623", "name": "Tesco", "shop": "supermarket", "neighbourhood": "Yardley", "opening_hours": "Mo-Su 00:00-24:00"}, "geometry": {"type": "Point", "coordinates": [-1.808219, 52.475353]}}, {"type": "Feature", "properties": {"id": "store-1624", "name": "Tesco Extra", "shop": "supermarket", "neighbourhood": "Yardley", "opening_hours": "Mo-Sa 08:00-21:00"}, "geometry": {"type": "Point", "coordinates": [-1.821018, 52.478185]}}, {"type": "Feature", "properties": {"id": "store-1625", "name": "Peak Pharmacy", "shop": "pharmacy", "neighbourhood": "Yardley", "opening_hours": "Mo-Su 00:00-24:00"}, "geometry": {"type": "Point", "coordinates": [-1.813062, 52.474693]}}, {"type": "Feature", "properties": {"id": "store-1626", "name": "Bakers", "shop": "bakery", "neighbourhood": "Yardley", "opening_hours": "Mo-Fr 09:00-18:00"}, "geometry": {"type": "Point", "coordinates": [-1.79949, 52.471855]}}, {"type": "Feature", "properties": {"id": "store-1627", "name": "Londis", "shop": "convenience", "neighbourhood": "Yardley", "opening_hours": "Mo-Su 00:00-24:00"}, "geometry": {"type": "Point", "coordinates": [-1.811925, 52.477903]}}, {"type": "Feature", "properties": {"id": "store-1628", "name": "Best-one", "shop": "convenience", "neighbourhood": "Yardley", "opening_hours": "Mo-Sa 08:00-21:00"}, "geometry": {"type": "Point", "coordinates": [-1.80168, 52.477638]}}, {"type": "Feature", "properties": {"id": "store-1629", "name": "The Range", "shop": "furniture", "neighbourhood": "Yardley", "opening_hours": "Mo-Su 00:00-24:00"}, "geometry": {"type": "Point", "coordinates": [-1.809027, 52.472762]}}, {"type": "Feature", "properties": {"id": "store-1630", "name": "Select", "shop": "clothes", "neighbourhood": "Yardley", "opening_hours": "Mo-Fr 09:00-18:00"}, "geometry": {"type": "Point", "coordinates": [-1.806206, 52.483156]}}, {"type": "Feature", "properties": {"id": "store-1631", "name": "Peak Pharmacy", "shop": "pharmacy", "neighbourhood": "Yardley", "opening_hours": "Mo-Sa 08:00-21:00"}, "geometry": {"type": "Point", "coordinates": [-1.8105, 52.477858]}}, {"type": "Feature", "properties": {"id": "store-1632", "name": "Matalan", "shop": "clothes", "neighbourhood": "Yardley", "opening_hours": "Mo-Sa 08:00-21:00"}, "geometry": {"type": "Point", "coordinates": [-1.805448, 52.474966]}}, {"type": "Feature", "properties": {"id": "store-1633", "name": "Sue Ryder", "shop": "charity", "neighbourhood": "Yardley", "opening_hours": "Mo-Fr 09:00-18:00"}, "geometry": {"type": "Point", "coordinates": [-1.799743, 52.47146]}}, {"type": "Feature", "properties": {"id": "store-1634", "name": "WHSmith", "shop": "general", "neighbourhood": "Yardley", "opening_hours": "Mo-Fr 09:00-18:00"}, "geometry": {"type": "Point", "coordinates": [-1.809191, 52.476091]}}, {"type": "Feature", "properties": {"id": "store-1635", "name": "Rowlands Pharmacy", "shop": "pharmacy", "neighbourhood": "Yardley", "opening_hours": "Mo-Su 07:00-22:00"}, "geometry": {"type": "Point", "coordinates": [-1.810882, 52.467259]}}, {"type": "Feature", "properties": {"id": "store-1636", "name": "Scope", "shop": "charity", "neighbourhood": "Yardley", "opening_hours": "Mo-Sa 08:00-21:00"}, "geometry": {"type": "Point", "coordinates": [-1.798458, 52.475771]}}, {"type": "Feature", "properties": {"id": "store-1637", "name": "Greggs", "shop": "bakery", "neighbourhood": "Yardley", "opening_hours": "Mo-Sa 08:00-21:00"}, "geometry": {"type": "Point", "coordinates": [-1.822834, 52.474405]}}, {"type": "Feature", "properties": {"id": "store-1638", "name": "One Stop", "shop": "convenience", "neighbourhood": "Yardley", "opening_hours": "Mo-Su 07:00-22:00"}, "geometry": {"type": "Point", "coordinates": [-1.804287, 52.471541]}}, {"type": "Feature", "properties": {"id": "store-1639", "name": "WHSmith", "shop": "general", "neighbourhood": "Yardley", "opening_hours": "Mo-Su 00:00-24:00"}, "geometry": {"type": "Point", "coordinates": [-1.797439, 52.475575]}}, {"type": "Feature", "properties": {"id": "store-1640", "name": "Screwfix", "shop": "hardware", "neighbourhood": "Yardley", "opening_hours": "Mo-Fr 09:00-18:00"}, "geometry": {"type": "Point", "coordinates": [-1.803774, 52.478375]}}, {"type": "Feature", "properties": {"id": "store-1641", "name": "Farmfoods", "shop": "supermarket", "neighbourhood": "Yardley", "opening_hours": "Mo-Su 00:00-24:00"}, "geometry": {"type": "Point", "coordinates": [-1.816369, 52.472108]}}, {"type": "Feature", "properties": {"id": "store-1642", "name": "M&S Food", "shop": "supermarket", "neighbourhood": "Yardley", "opening_hours": "Mo-Sa 08:00-21:00"}, "geometry": {"type": "Point", "coordinates": [-1.804397, 52.472751]}}, {"type": "Feature", "properties": {"id": "store-1643", "name": "Best-one", "shop": "convenience", "neighbourhood": "Yardley", "opening_hours": "Mo-Su 00:00-24:00"}, "geometry": {"type": "Point", "coordinates": [-1.821702, 52.477388]}}, {"type": "Feature", "properties": {"id": "store-1644", "name": "Morrisons", "shop": "supermarket", "neighbourhood": "Yardley", "opening_hours": "Mo-Su 07:00-22:00"}, "geometry": {"type": "Point", "coordinates": [-1.799271, 52.477899]}}, {"type": "Feature", "properties": {"id": "store-1645", "name": "Home Bargains", "shop": "general", "neighbourhood": "Yardley", "opening_hours": "Mo-Sa 08:00-21:00"}, "geometry": {"type": "Point", "coordinates": [-1.810969, 52.47697]}}, {"type": "Feature", "properties": {"id": "store-1646", "name": "Age UK", "shop": "charity", "neighbourhood": "Yardley", "opening_hours": "Mo-Sa 08:00-21:00"}, "geometry": {"type": "Point", "coordinates": [-1.803793, 52.480814]}}, {"type": "Feature", "properties": {"id": "store-1647", "name": "EE", "shop": "electronics", "neighbourhood": "Yardley", "opening_hours": "Mo-Sa 08:00-21:00"}, "geometry": {"type": "Point", "coordinates": [-1.81045, 52.469125]}}, {"type": "Feature", "properties": {"id": "store-1648", "name": "Premier", "shop": "convenience", "neighbourhood": "Yardley", "opening_hours": "Mo-Fr 09:00-18:00"}, "geometry": {"type": "Point", "coordinates": [-1.803791, 52.475121]}}, {"type": "Feature", "properties": {"id": "store-1649", "name": "Salvation Army", "shop": "charity", "neighbourhood": "Yardley", "opening_hours": "Mo-Su 07:00-22:00"}, "geometry": {"type": "Point", "coordinates": [-1.811337, 52.47896]}}, {"type": "Feature", "properties": {"id": "store-1650", "name": "TK Maxx", "shop": "clothes", "neighbourhood": "Yardley", "opening_hours": "Mo-Fr 09:00-18:00"}, "geometry": {"type": "Point", "coordinates": [-1.812687, 52.480148]}}, {"type": "Feature", "properties": {"id": "store-1651", "name": "EE", "shop": "electronics", "neighbourhood": "Yardley", "opening_hours": "Mo-Fr 09:00-18:00"}, "geometry": {"type": "Point", "coordinates": [-1.80461, 52.468781]}}, {"type": "Feature", "properties": {"id": "store-1652", "name": "Scope", "shop": "charity", "neighbourhood": "Yardley", "opening_hours": "Mo-Sa 08:00-21:00"}, "geometry": {"type": "Point", "coordinates": [-1.808866, 52.480521]}}, {"type": "Feature", "properties": {"id": "store-1653", "name": "River Island", "shop": "clothes", "neighbourhood": "Yardley", "opening_hours": "Mo-Fr 09:00-18:00"}, "geometry": {"type": "Point", "coordinates": [-1.812021, 52.47143]}}, {"type": "Feature", "properties": {"id": "store-1654", "name": "Superdrug", "shop": "pharmacy", "neighbourhood": "Yardley", "opening_hours": "Mo-Sa 08:00-21:00"}, "geometry": {"type": "Point", "coordinates": [-1.799151, 52.4736]}}, {"type": "Feature", "properties": {"id": "store-1655", "name": "Poundland", "shop": "general", "neighbourhood": "Yardley", "opening_hours": "Mo-Su 07:00-22:00"}, "geometry": {"type": "Point", "coordinates": [-1.816384, 52.474127]}}, {"type": "Feature", "properties": {"id": "store-1656", "name": "Matalan", "shop": "clothes", "neighbourhood": "Yardley", "opening_hours": "Mo-Fr 09:00-18:00"}, "geometry": {"type": "Point", "coordinates": [-1.819655, 52.479969]}}, {"type": "Feature", "properties": {"id": "store-1657", "name": "TK Maxx", "shop": "clothes", "neighbourhood": "Yardley", "opening_hours": "Mo-Su 00:00-24:00"}, "geometry": {"type": "Point", "coordinates": [-1.81534, 52.483258]}}, {"type": "Feature", "properties": {"id": "store-1658", "name": "Tesco Extra", "shop": "supermarket", "neighbourhood": "Stechford", "opening_hours": "Mo-Fr 09:00-18:00"}, "geometry": {"type": "Point", "coordinates": [-1.801986, 52.479083]}}, {"type": "Feature", "properties": {"id": "store-1659", "name": "Toolstation", "shop": "hardware", "neighbourhood": "Stechford", "opening_hours": "Mo-Su 00:00-24:00"}, "geometry": {"type": "Point", "coordinates": [-1.799972, 52.485644]}}, {"type": "Feature", "properties": {"id": "store-1660", "name": "Halal Butchers", "shop": "butcher", "neighbourhood": "Stechford", "opening_hours": "Mo-Fr 09:00-18:00"}, "geometry": {"type": "Point", "coordinates": [-1.798499, 52.477971]}}, {"type": "Feature", "properties": {"id": "store-1661", "name": "Co-op", "shop": "convenience", "neighbourhood": "Stechford", "opening_hours": "Mo-Su 00:00-24:00"}, "geometry": {"type": "Point", "coordinates": [-1.802522, 52.488534]}}, {"type": "Feature", "properties": {"id": "store-1662", "name": "Martin McColl", "shop": "newsagent", "neighbourhood": "Stechford", "opening_hours": "Mo-Su 00:00-24:00"}, "geometry": {"type": "Point", "coordinates": [-1.805135, 52.478968]}}, {"type": "Feature", "properties": {"id": "store-1663", "name": "One Stop", "shop": "convenience", "neighbourhood": "Stechford", "opening_hours": "Mo-Sa 08:00-21:00"}, "geometry": {"type": "Point", "coordinates": [-1.805073, 52.477478]}}, {"type": "Feature", "properties": {"id": "store-1664", "name": "Greggs", "shop": "bakery", "neighbourhood": "Stechford", "opening_hours": "Mo-Fr 09:00-18:00"}, "geometry": {"type": "Point", "coordinates": [-1.797195, 52.489309]}}, {"type": "Feature", "properties": {"id": "store-1665", "name": "Sainsbury's", "shop": "supermarket", "neighbourhood": "Stechford", "opening_hours": "Mo-Fr 09:00-18:00"}, "geometry": {"type": "Point", "coordinates": [-1.809238, 52.481061]}}, {"type": "Feature", "properties": {"id": "store-1666", "name": "Post Office", "shop": "newsagent", "neighbourhood": "Stechford", "opening_hours": "Mo-Fr 09:00-18:00"}, "geometry": {"type": "Point", "coordinates": [-1.791324, 52.485376]}}, {"type": "Feature", "properties": {"id": "store-1667", "name": "Screwfix", "shop": "hardware", "neighbourhood": "Stechford", "opening_hours": "Mo-Su 07:00-22:00"}, "geometry": {"type": "Point", "coordinates": [-1.80322, 52.477707]}}, {"type": "Feature", "properties": {"id": "store-1668", "name": "Next", "shop": "clothes", "neighbourhood": "Stechford", "opening_hours": "Mo-Su 00:00-24:00"}, "geometry": {"type": "Point", "coordinates": [-1.805874, 52.478835]}}, {"type": "Feature", "properties": {"id": "store-1669", "name": "River Island", "shop": "clothes", "neighbourhood": "Stechford", "opening_hours": "Mo-Su 07:00-22:00"}, "geometry": {"type": "Point", "coordinates": [-1.809413, 52.482945]}}, {"type": "Feature", "properties": {"id": "store-1670", "name": "Tesco Extra", "shop": "supermarket", "neighbourhood": "Stechford", "opening_hours": "Mo-Fr 09:00-18:00"}, "geometry": {"type": "Point", "coordinates": [-1.798871, 52.48949]}}, {"type": "Feature", "properties": {"id": "store-1671", "name": "Martin McColl", "shop": "newsagent", "neighbourhood": "Stechford", "opening_hours": "Mo-Sa 08:00-21:00"}, "geometry": {"type": "Point", "coordinates": [-1.799496, 52.477241]}}, {"type": "Feature", "properties": {"id": "store-1672", "name": "Nisa Local", "shop": "convenience", "neighbourhood": "Stechford", "opening_hours": "Mo-Su 07:00-22:00"}, "geometry": {"type": "Point", "coordinates": [-1.790963, 52.478733]}}, {"type": "Feature", "properties": {"id": "store-1673", "name": "Co-op", "shop": "convenience", "neighbourhood": "Stechford", "opening_hours": "Mo-Sa 08:00-21:00"}, "geometry": {"type": "Point", "coordinates": [-1.794742, 52.476806]}}, {"type": "Feature", "properties": {"id": "store-1674", "name": "Card Factory", "shop": "general", "neighbourhood": "Stechford", "opening_hours": "Mo-Fr 09:00-18:00"}, "geometry": {"type": "Point", "coordinates": [-1.80283, 52.484147]}}, {"type": "Feature", "properties": {"id": "store-1675", "name": "Cancer Research UK", "shop": "charity", "neighbourhood": "Stechford", "opening_hours": "Mo-Su 07:00-22:00"}, "geometry": {"type": "Point", "coordinates": [-1.804689, 52.47902]}}, {"type": "Feature", "properties": {"id": "store-1676", "name": "Londis", "shop": "convenience", "neighbourhood": "Stechford", "opening_hours": "Mo-Su 07:00-22:00"}, "geometry": {"type": "Point", "coordinates": [-1.790992, 52.481814]}}, {"type": "Feature", "properties": {"id": "store-1677", "name": "Halal Butchers", "shop": "butcher", "neighbourhood": "Stechford", "opening_hours": "Mo-Su 07:00-22:00"}, "geometry": {"type": "Point", "coordinates": [-1.802193, 52.478722]}}, {"type": "Feature", "properties": {"id": "store-1678", "name": "Aldi", "shop": "supermarket", "neighbourhood": "Stechford", "opening_hours": "Mo-Su 07:00-22:00"}, "geometry": {"type": "Point", "coordinates": [-1.794159, 52.488795]}}, {"type": "Feature", "properties": {"id": "store-1679", "name": "Aldi", "shop": "supermarket", "neighbourhood": "Stechford", "opening_hours": "Mo-Su 00:00-24:00"}, "geometry": {"type": "Point", "coordinates": [-1.793111, 52.487274]}}, {"type": "Feature", "properties": {"id": "store-1680", "name": "Matalan", "shop": "clothes", "neighbourhood": "Stechford", "opening_hours": "Mo-Su 00:00-24:00"}, "geometry": {"type": "Point", "coordinates": [-1.801368, 52.487514]}}, {"type": "Feature", "properties": {"id": "store-1681", "name": "Home Bargains", "shop": "general", "neighbourhood": "Stechford", "opening_hours": "Mo-Su 00:00-24:00"}, "geometry": {"type": "Point", "coordinates": [-1.789898, 52.478321]}}, {"type": "Feature", "properties": {"id": "store-1682", "name": "ASDA", "shop": "supermarket", "neighbourhood": "Stechford", "opening_hours": "Mo-Su 00:00-24:00"}, "geometry": {"type": "Point", "coordinates": [-1.804268, 52.480745]}}, {"type": "Feature", "properties": {"id": "store-1683", "name": "Barnardo's", "shop": "charity", "neighbourhood": "Stechford", "opening_hours": "Mo-Sa 08:00-21:00"}, "geometry": {"type": "Point", "coordinates": [-1.798617, 52.483139]}}, {"type": "Feature", "properties": {"id": "store-1684", "name": "Rowlands Pharmacy", "shop": "pharmacy", "neighbourhood": "Stechford", "opening_hours": "Mo-Sa 08:00-21:00"}, "geometry": {"type": "Point", "coordinates": [-1.797333, 52.485494]}}, {"type": "Feature", "properties": {"id": "store-1685", "name": "The Butcher", "shop": "butcher", "neighbourhood": "Stechford", "opening_hours": "Mo-Fr 09:00-18:00"}, "geometry": {"type": "Point", "coordinates": [-1.791154, 52.479161]}}, {"type": "Feature", "properties": {"id": "store-1686", "name": "Breadshop", "shop": "bakery", "neighbourhood": "Stechford", "opening_hours": "Mo-Su 00:00-24:00"}, "geometry": {"type": "Point", "coordinates": [-1.798559, 52.482784]}}, {"type": "Feature", "properties": {"id": "store-1687", "name": "Iceland", "shop": "supermarket", "neighbourhood": "Stechford", "opening_hours": "Mo-Su 00:00-24:00"}, "geometry": {"type": "Point", "coordinates": [-1.797259, 52.487302]}}, {"type": "Feature", "properties": {"id": "store-1688", "name": "Rowlands Pharmacy", "shop": "pharmacy", "neighbourhood": "Stechford", "opening_hours": "Mo-Su 07:00-22:00"}, "geometry": {"type": "Point", "coordinates": [-1.803143, 52.481476]}}, {"type": "Feature", "properties": {"id": "store-1689", "name": "WHSmith", "shop": "general", "neighbourhood": "Stechford", "opening_hours": "Mo-Su 07:00-22:00"}, "geometry": {"type": "Point", "coordinates": [-1.788652, 52.478954]}}, {"type": "Feature", "properties": {"id": "store-1690", "name": "Nisa Local", "shop": "convenience", "neighbourhood": "Stechford", "opening_hours": "Mo-Su 07:00-22:00"}, "geometry": {"type": "Point", "coordinates": [-1.804384, 52.482615]}}, {"type": "Feature", "properties": {"id": "store-1691", "name": "Bargain Booze", "shop": "convenience", "neighbourhood": "Stechford", "opening_hours": "Mo-Fr 09:00-18:00"}, "geometry": {"type": "Point", "coordinates": [-1.790397, 52.487467]}}, {"type": "Feature", "properties": {"id": "store-1692", "name": "M&S Food", "shop": "supermarket", "neighbourhood": "Stechford", "opening_hours": "Mo-Sa 08:00-21:00"}, "geometry": {"type": "Point", "coordinates": [-1.791119, 52.485371]}}, {"type": "Feature", "properties": {"id": "store-1693", "name": "Pound Bakery", "shop": "general", "neighbourhood": "Stechford", "opening_hours": "Mo-Su 07:00-22:00"}, "geometry": {"type": "Point", "coordinates": [-1.793119, 52.483124]}}, {"type": "Feature", "properties": {"id": "store-1694", "name": "Londis", "shop": "convenience", "neighbourhood": "Stechford", "opening_hours": "Mo-Fr 09:00-18:00"}, "geometry": {"type": "Point", "coordinates": [-1.794017, 52.477406]}}, {"type": "Feature", "properties": {"id": "store-1695", "name": "McColl's", "shop": "convenience", "neighbourhood": "Stechford", "opening_hours": "Mo-Su 07:00-22:00"}, "geometry": {"type": "Point", "coordinates": [-1.803526, 52.483346]}}, {"type": "Feature", "properties": {"id": "store-1696", "name": "Greggs", "shop": "bakery", "neighbourhood": "Stechford", "opening_hours": "Mo-Su 07:00-22:00"}, "geometry": {"type": "Point", "coordinates": [-1.807802, 52.479494]}}, {"type": "Feature", "properties": {"id": "store-1697", "name": "Family Shopper", "shop": "convenience", "neighbourhood": "Stechford", "opening_hours": "Mo-Su 07:00-22:00"}, "geometry": {"type": "Point", "coordinates": [-1.80455, 52.484174]}}, {"type": "Feature", "properties": {"id": "store-1698", "name": "Corner Shop", "shop": "newsagent", "neighbourhood": "Stechford", "opening_hours": "Mo-Fr 09:00-18:00"}, "geometry": {"type": "Point", "coordinates": [-1.803713, 52.480265]}}, {"type": "Feature", "properties": {"id": "store-1699", "name": "Tesco Extra", "shop": "supermarket", "neighbourhood": "Stechford", "opening_hours": "Mo-Su 07:00-22:00"}, "geometry": {"type": "Point", "coordinates": [-1.803222, 52.484223]}}, {"type": "Feature", "properties": {"id": "store-1700", "name": "Pound Bakery", "shop": "general", "neighbourhood": "Stechford", "opening_hours": "Mo-Su 00:00-24:00"}, "geometry": {"type": "Point", "coordinates": [-1.792589, 52.488255]}}, {"type": "Feature", "properties": {"id": "store-1701", "name": "Primark", "shop": "clothes", "neighbourhood": "Stechford", "opening_hours": "Mo-Su 00:00-24:00"}, "geometry": {"type": "Point", "coordinates": [-1.793245, 52.485809]}}, {"type": "Feature", "properties": {"id": "store-1702", "name": "Barnardo's", "shop": "charity", "neighbourhood": "Stechford", "opening_hours": "Mo-Su 00:00-24:00"}, "geometry": {"type": "Point", "coordinates": [-1.794716, 52.487881]}}, {"type": "Feature", "properties": {"id": "store-1703", "name": "Poundworld", "shop": "general", "neighbourhood": "Stechford", "opening_hours": "Mo-Sa 08:00-21:00"}, "geometry": {"type": "Point", "coordinates": [-1.808474, 52.483858]}}, {"type": "Feature", "properties": {"id": "store-1704", "name": "Sue Ryder", "shop": "charity", "neighbourhood": "Stechford", "opening_hours": "Mo-Sa 08:00-21:00"}, "geometry": {"type": "Point", "coordinates": [-1.797296, 52.483542]}}, {"type": "Feature", "properties": {"id": "store-1705", "name": "Bargain Booze", "shop": "convenience", "neighbourhood": "Stechford", "opening_hours": "Mo-Fr 09:00-18:00"}, "geometry": {"type": "Point", "coordinates": [-1.803899, 52.484585]}}, {"type": "Feature", "properties": {"id": "store-1706", "name": "WHSmith", "shop": "newsagent", "neighbourhood": "Stechford", "opening_hours": "Mo-Su 00:00-24:00"}, "geometry": {"type": "Point", "coordinates": [-1.792964, 52.485305]}}, {"type": "Feature", "properties": {"id": "store-1707", "name": "Family Shopper", "shop": "convenience", "neighbourhood": "Stechford", "opening_hours": "Mo-Fr 09:00-18:00"}, "geometry": {"type": "Point", "coordinates": [-1.78702, 52.480406]}}, {"type": "Feature", "properties": {"id": "store-1708", "name": "Best-one", "shop": "convenience", "neighbourhood": "Stechford", "opening_hours": "Mo-Su 07:00-22:00"}, "geometry": {"type": "Point", "coordinates": [-1.802032, 52.480725]}}, {"type": "Feature", "properties": {"id": "store-1709", "name": "Age UK", "shop": "charity", "neighbourhood": "Stechford", "opening_hours": "Mo-Sa 08:00-21:00"}, "geometry": {"type": "Point", "coordinates": [-1.798807, 52.487131]}}, {"type": "Feature", "properties": {"id": "store-1710", "name": "Cancer Research UK", "shop": "charity", "neighbourhood": "Stechford", "opening_hours": "Mo-Fr 09:00-18:00"}, "geometry": {"type": "Point", "coordinates": [-1.800583, 52.482493]}}, {"type": "Feature", "properties": {"id": "store-1711", "name": "Harveys", "shop": "furniture", "neighbourhood": "Stechford", "opening_hours": "Mo-Su 07:00-22:00"}, "geometry": {"type": "Point", "coordinates": [-1.804407, 52.482442]}}, {"type": "Feature", "properties": {"id": "store-1712", "name": "Fresh Meat", "shop": "butcher", "neighbourhood": "Stechford", "opening_hours": "Mo-Fr 09:00-18:00"}, "geometry": {"type": "Point", "coordinates": [-1.80004, 52.479002]}}, {"type": "Feature", "properties": {"id": "store-1713", "name": "One Stop", "shop": "convenience", "neighbourhood": "Stechford", "opening_hours": "Mo-Fr 09:00-18:00"}, "geometry": {"type": "Point", "coordinates": [-1.792564, 52.478943]}}, {"type": "Feature", "properties": {"id": "store-1714", "name": "IKEA", "shop": "furniture", "neighbourhood": "Stechford", "opening_hours": "Mo-Su 00:00-24:00"}, "geometry": {"type": "Point", "coordinates": [-1.794136, 52.486356]}}, {"type": "Feature", "properties": {"id": "store-1715", "name": "McColl's", "shop": "convenience", "neighbourhood": "Stechford", "opening_hours": "Mo-Su 00:00-24:00"}, "geometry": {"type": "Point", "coordinates": [-1.796737, 52.480187]}}, {"type": "Feature", "properties": {"id": "store-1716", "name": "Harveys", "shop": "furniture", "neighbourhood": "Stechford", "opening_hours": "Mo-Su 07:00-22:00"}, "geometry": {"type": "Point", "coordinates": [-1.801262, 52.485636]}}, {"type": "Feature", "properties": {"id": "store-1717", "name": "Iceland", "shop": "supermarket", "neighbourhood": "Stechford", "opening_hours": "Mo-Sa 08:00-21:00"}, "geometry": {"type": "Point", "coordinates": [-1.789661, 52.478678]}}, {"type": "Feature", "properties": {"id": "store-1718", "name": "Family Butchers", "shop": "butcher", "neighbourhood": "Stechford", "opening_hours": "Mo-Su 07:00-22:00"}, "geometry": {"type": "Point", "coordinates": [-1.789786, 52.477899]}}, {"type": "Feature", "properties": {"id": "store-1719", "name": "Co-op", "shop": "convenience", "neighbourhood": "Stechford", "opening_hours": "Mo-Su 07:00-22:00"}, "geometry": {"type": "Point", "coordinates": [-1.791371, 52.488857]}}, {"type": "Feature", "properties": {"id": "store-1720", "name": "Hair & Beauty", "shop": "beauty", "neighbourhood": "Stechford", "opening_hours": "Mo-Fr 09:00-18:00"}, "geometry": {"type": "Point", "coordinates": [-1.799179, 52.488767]}}, {"type": "Feature", "properties": {"id": "store-1721", "name": "Family Shopper", "shop": "convenience", "neighbourhood": "Acocks Green", "opening_hours": "Mo-Sa 08:00-21:00"}, "geometry": {"type": "Point", "coordinates": [-1.81431, 52.458749]}}, {"type": "Feature", "properties": {"id": "store-1722", "name": "WHSmith", "shop": "newsagent", "neighbourhood": "Acocks Green", "opening_hours": "Mo-Fr 09:00-18:00"}, "geometry": {"type": "Point", "coordinates": [-1.826678, 52.452151]}}, {"type": "Feature", "properties": {"id": "store-1723", "name": "Bargain Booze", "shop": "convenience", "neighbourhood": "Acocks Green", "opening_hours": "Mo-Fr 09:00-18:00"}, "geometry": {"type": "Point", "coordinates": [-1.828053, 52.459321]}}, {"type": "Feature", "properties": {"id": "store-1724", "name": "Morrisons", "shop": "supermarket", "neighbourhood": "Acocks Green", "opening_hours": "Mo-Sa 08:00-21:00"}, "geometry": {"type": "Point", "coordinates": [-1.816587, 52.453112]}}, {"type": "Feature", "properties": {"id": "store-1725", "name": "Nail Studio", "shop": "beauty", "neighbourhood": "Acocks Green", "opening_hours": "Mo-Su 07:00-22:00"}, "geometry": {"type": "Point", "coordinates": [-1.818548, 52.461073]}}, {"type": "Feature", "properties": {"id": "store-1726", "name": "Rowlands Pharmacy", "shop": "pharmacy", "neighbourhood": "Acocks Green", "opening_hours": "Mo-Fr 09:00-18:00"}, "geometry": {"type": "Point", "coordinates": [-1.825444, 52.455949]}}, {"type": "Feature", "properties": {"id": "store-1727", "name": "Bonmarch\u00e9", "shop": "clothes", "neighbourhood": "Acocks Green", "opening_hours": "Mo-Sa 08:00-21:00"}, "geometry": {"type": "Point", "coordinates": [-1.815507, 52.454141]}}, {"type": "Feature", "properties": {"id": "store-1728", "name": "Bonmarch\u00e9", "shop": "clothes", "neighbourhood": "Acocks Green", "opening_hours": "Mo-Fr 09:00-18:00"}, "geometry": {"type": "Point", "coordinates": [-1.813759, 52.449378]}}, {"type": "Feature", "properties": {"id": "store-1729", "name": "Peak Pharmacy", "shop": "pharmacy", "neighbourhood": "Acocks Green", "opening_hours": "Mo-Su 07:00-22:00"}, "geometry": {"type": "Point", "coordinates": [-1.81524, 52.461828]}}, {"type": "Feature", "properties": {"id": "store-1730", "name": "Halal Butchers", "shop": "butcher", "neighbourhood": "Acocks Green", "opening_hours": "Mo-Sa 08:00-21:00"}, "geometry": {"type": "Point", "coordinates": [-1.826059, 52.455081]}}, {"type": "Feature", "properties": {"id": "store-1731", "name": "Morrisons", "shop": "supermarket", "neighbourhood": "Acocks Green", "opening_hours": "Mo-Su 00:00-24:00"}, "geometry": {"type": "Point", "coordinates": [-1.828458, 52.459375]}}, {"type": "Feature", "properties": {"id": "store-1732", "name": "Nisa Local", "shop": "convenience", "neighbourhood": "Acocks Green", "opening_hours": "Mo-Su 07:00-22:00"}, "geometry": {"type": "Point", "coordinates": [-1.816665, 52.457083]}}, {"type": "Feature", "properties": {"id": "store-1733", "name": "Tesco Extra", "shop": "supermarket", "neighbourhood": "Acocks Green", "opening_hours": "Mo-Su 00:00-24:00"}, "geometry": {"type": "Point", "coordinates": [-1.824698, 52.448088]}}, {"type": "Feature", "properties": {"id": "store-1734", "name": "Currys", "shop": "electronics", "neighbourhood": "Acocks Green", "opening_hours": "Mo-Sa 08:00-21:00"}, "geometry": {"type": "Point", "coordinates": [-1.812577, 52.451084]}}, {"type": "Feature", "properties": {"id": "store-1735", "name": "Peak Pharmacy", "shop": "pharmacy", "neighbourhood": "Acocks Green", "opening_hours": "Mo-Su 00:00-24:00"}, "geometry": {"type": "Point", "coordinates": [-1.807706, 52.452535]}}, {"type": "Feature", "properties": {"id": "store-1736", "name": "Nail Studio", "shop": "beauty", "neighbourhood": "Acocks Green", "opening_hours": "Mo-Su 00:00-24:00"}, "geometry": {"type": "Point", "coordinates": [-1.827468, 52.452078]}}, {"type": "Feature", "properties": {"id": "store-1737", "name": "Halal Butchers", "shop": "butcher", "neighbourhood": "Acocks Green", "opening_hours": "Mo-Sa 08:00-21:00"}, "geometry": {"type": "Point", "coordinates": [-1.825882, 52.450448]}}, {"type": "Feature", "properties": {"id": "store-1738", "name": "Age UK", "shop": "charity", "neighbourhood": "Acocks Green", "opening_hours": "Mo-Sa 08:00-21:00"}, "geometry": {"type": "Point", "coordinates": [-1.818854, 52.457971]}}, {"type": "Feature", "properties": {"id": "store-1739", "name": "Next", "shop": "clothes", "neighbourhood": "Acocks Green", "opening_hours": "Mo-Fr 09:00-18:00"}, "geometry": {"type": "Point", "coordinates": [-1.823702, 52.451981]}}, {"type": "Feature", "properties": {"id": "store-1740", "name": "Next", "shop": "clothes", "neighbourhood": "Acocks Green", "opening_hours": "Mo-Fr 09:00-18:00"}, "geometry": {"type": "Point", "coordinates": [-1.816974, 52.458655]}}, {"type": "Feature", "properties": {"id": "store-1741", "name": "Family Butchers", "shop": "butcher", "neighbourhood": "Acocks Green", "opening_hours": "Mo-Sa 08:00-21:00"}, "geometry": {"type": "Point", "coordinates": [-1.816475, 52.447417]}}, {"type": "Feature", "properties": {"id": "store-1742", "name": "Home Bargains", "shop": "general", "neighbourhood": "Acocks Green", "opening_hours": "Mo-Su 00:00-24:00"}, "geometry": {"type": "Point", "coordinates": [-1.815115, 52.461269]}}, {"type": "Feature", "properties": {"id": "store-1743", "name": "Lloyds Pharmacy", "shop": "pharmacy", "neighbourhood": "Acocks Green", "opening_hours": "Mo-Fr 09:00-18:00"}, "geometry": {"type": "Point", "coordinates": [-1.824169, 52.448989]}}, {"type": "Feature", "properties": {"id": "store-1744", "name": "Robert Dyas", "shop": "hardware", "neighbourhood": "Acocks Green", "opening_hours": "Mo-Su 07:00-22:00"}, "geometry": {"type": "Point", "coordinates": [-1.82674, 52.456982]}}, {"type": "Feature", "properties": {"id": "store-1745", "name": "Costcutter", "shop": "convenience", "neighbourhood": "Acocks Green", "opening_hours": "Mo-Su 07:00-22:00"}, "geometry": {"type": "Point", "coordinates": [-1.821484, 52.458931]}}, {"type": "Feature", "properties": {"id": "store-1746", "name": "H&M", "shop": "clothes", "neighbourhood": "Acocks Green", "opening_hours": "Mo-Su 00:00-24:00"}, "geometry": {"type": "Point", "coordinates": [-1.827766, 52.452916]}}, {"type": "Feature", "properties": {"id": "store-1747", "name": "One Stop", "shop": "convenience", "neighbourhood": "Acocks Green", "opening_hours": "Mo-Su 00:00-24:00"}, "geometry": {"type": "Point", "coordinates": [-1.826336, 52.46102]}}, {"type": "Feature", "properties": {"id": "store-1748", "name": "Card Factory", "shop": "general", "neighbourhood": "Acocks Green", "opening_hours": "Mo-Su 07:00-22:00"}, "geometry": {"type": "Point", "coordinates": [-1.819494, 52.45997]}}, {"type": "Feature", "properties": {"id": "store-1749", "name": "Superdrug", "shop": "pharmacy", "neighbourhood": "Acocks Green", "opening_hours": "Mo-Fr 09:00-18:00"}, "geometry": {"type": "Point", "coordinates": [-1.824577, 52.455582]}}, {"type": "Feature", "properties": {"id": "store-1750", "name": "Nail Studio", "shop": "beauty", "neighbourhood": "Acocks Green", "opening_hours": "Mo-Su 00:00-24:00"}, "geometry": {"type": "Point", "coordinates": [-1.81556, 52.458952]}}, {"type": "Feature", "properties": {"id": "store-1751", "name": "Best-one", "shop": "convenience", "neighbourhood": "Acocks Green", "opening_hours": "Mo-Sa 08:00-21:00"}, "geometry": {"type": "Point", "coordinates": [-1.827875, 52.449007]}}, {"type": "Feature", "properties": {"id": "store-1752", "name": "Card Factory", "shop": "general", "neighbourhood": "Acocks Green", "opening_hours": "Mo-Fr 09:00-18:00"}, "geometry": {"type": "Point", "coordinates": [-1.810532, 52.45107]}}, {"type": "Feature", "properties": {"id": "store-1753", "name": "Family Butchers", "shop": "butcher", "neighbourhood": "Acocks Green", "opening_hours": "Mo-Sa 08:00-21:00"}, "geometry": {"type": "Point", "coordinates": [-1.823711, 52.451548]}}, {"type": "Feature", "properties": {"id": "store-1754", "name": "Bargain Booze", "shop": "convenience", "neighbourhood": "Acocks Green", "opening_hours": "Mo-Su 00:00-24:00"}, "geometry": {"type": "Point", "coordinates": [-1.81217, 52.458814]}}, {"type": "Feature", "properties": {"id": "store-1755", "name": "Patisserie", "shop": "bakery", "neighbourhood": "Acocks Green", "opening_hours": "Mo-Fr 09:00-18:00"}, "geometry": {"type": "Point", "coordinates": [-1.826406, 52.453932]}}, {"type": "Feature", "properties": {"id": "store-1756", "name": "Oak Furnitureland", "shop": "furniture", "neighbourhood": "Acocks Green", "opening_hours": "Mo-Su 00:00-24:00"}, "geometry": {"type": "Point", "coordinates": [-1.807937, 52.458286]}}, {"type": "Feature", "properties": {"id": "store-1757", "name": "Home Bargains", "shop": "general", "neighbourhood": "Acocks Green", "opening_hours": "Mo-Su 00:00-24:00"}, "geometry": {"type": "Point", "coordinates": [-1.811412, 52.454143]}}, {"type": "Feature", "properties": {"id": "store-1758", "name": "Londis", "shop": "convenience", "neighbourhood": "Acocks Green", "opening_hours": "Mo-Su 07:00-22:00"}, "geometry": {"type": "Point", "coordinates": [-1.822953, 52.453426]}}, {"type": "Feature", "properties": {"id": "store-1759", "name": "Spar", "shop": "convenience", "neighbourhood": "Acocks Green", "opening_hours": "Mo-Sa 08:00-21:00"}, "geometry": {"type": "Point", "coordinates": [-1.822759, 52.453512]}}, {"type": "Feature", "properties": {"id": "store-1760", "name": "McColl's", "shop": "convenience", "neighbourhood": "Acocks Green", "opening_hours": "Mo-Su 07:00-22:00"}, "geometry": {"type": "Point", "coordinates": [-1.821764, 52.452901]}}, {"type": "Feature", "properties": {"id": "store-1761", "name": "Rowlands Pharmacy", "shop": "pharmacy", "neighbourhood": "Acocks Green", "opening_hours": "Mo-Sa 08:00-21:00"}, "geometry": {"type": "Point", "coordinates": [-1.82204, 52.460131]}}, {"type": "Feature", "properties": {"id": "store-1762", "name": "Pound Bakery", "shop": "general", "neighbourhood": "Acocks Green", "opening_hours": "Mo-Fr 09:00-18:00"}, "geometry": {"type": "Point", "coordinates": [-1.818783, 52.449229]}}, {"type": "Feature", "properties": {"id": "store-1763", "name": "Oxfam", "shop": "charity", "neighbourhood": "Acocks Green", "opening_hours": "Mo-Fr 09:00-18:00"}, "geometry": {"type": "Point", "coordinates": [-1.819494, 52.458522]}}, {"type": "Feature", "properties": {"id": "store-1764", "name": "Bargain Booze", "shop": "convenience", "neighbourhood": "Acocks Green", "opening_hours": "Mo-Su 07:00-22:00"}, "geometry": {"type": "Point", "coordinates": [-1.831013, 52.45294]}}, {"type": "Feature", "properties": {"id": "store-1765", "name": "Family Butchers", "shop": "butcher", "neighbourhood": "Acocks Green", "opening_hours": "Mo-Sa 08:00-21:00"}, "geometry": {"type": "Point", "coordinates": [-1.828163, 52.448781]}}, {"type": "Feature", "properties": {"id": "store-1766", "name": "Boots", "shop": "pharmacy", "neighbourhood": "Acocks Green", "opening_hours": "Mo-Fr 09:00-18:00"}, "geometry": {"type": "Point", "coordinates": [-1.814457, 52.461616]}}, {"type": "Feature", "properties": {"id": "store-1767", "name": "Bargain Buys", "shop": "general", "neighbourhood": "Acocks Green", "opening_hours": "Mo-Sa 08:00-21:00"}, "geometry": {"type": "Point", "coordinates": [-1.819845, 52.451654]}}, {"type": "Feature", "properties": {"id": "store-1768", "name": "Scope", "shop": "charity", "neighbourhood": "Acocks Green", "opening_hours": "Mo-Su 00:00-24:00"}, "geometry": {"type": "Point", "coordinates": [-1.83069, 52.458674]}}, {"type": "Feature", "properties": {"id": "store-1769", "name": "M&S Food", "shop": "supermarket", "neighbourhood": "Acocks Green", "opening_hours": "Mo-Fr 09:00-18:00"}, "geometry": {"type": "Point", "coordinates": [-1.819275, 52.450851]}}, {"type": "Feature", "properties": {"id": "store-1770", "name": "Poundland", "shop": "general", "neighbourhood": "Acocks Green", "opening_hours": "Mo-Fr 09:00-18:00"}, "geometry": {"type": "Point", "coordinates": [-1.812807, 52.455909]}}, {"type": "Feature", "properties": {"id": "store-1771", "name": "Tesco", "shop": "supermarket", "neighbourhood": "Acocks Green", "opening_hours": "Mo-Fr 09:00-18:00"}, "geometry": {"type": "Point", "coordinates": [-1.827663, 52.460828]}}, {"type": "Feature", "properties": {"id": "store-1772", "name": "Waitrose", "shop": "supermarket", "neighbourhood": "Acocks Green", "opening_hours": "Mo-Sa 08:00-21:00"}, "geometry": {"type": "Point", "coordinates": [-1.813029, 52.452715]}}, {"type": "Feature", "properties": {"id": "store-1773", "name": "O2", "shop": "electronics", "neighbourhood": "Acocks Green", "opening_hours": "Mo-Su 07:00-22:00"}, "geometry": {"type": "Point", "coordinates": [-1.819277, 52.454377]}}, {"type": "Feature", "properties": {"id": "store-1774", "name": "TK Maxx", "shop": "clothes", "neighbourhood": "Acocks Green", "opening_hours": "Mo-Su 07:00-22:00"}, "geometry": {"type": "Point", "coordinates": [-1.822293, 52.447442]}}, {"type": "Feature", "properties": {"id": "store-1775", "name": "Best-one", "shop": "convenience", "neighbourhood": "Acocks Green", "opening_hours": "Mo-Su 00:00-24:00"}, "geometry": {"type": "Point", "coordinates": [-1.811059, 52.458671]}}, {"type": "Feature", "properties": {"id": "store-1776", "name": "Premier", "shop": "convenience", "neighbourhood": "Acocks Green", "opening_hours": "Mo-Su 07:00-22:00"}, "geometry": {"type": "Point", "coordinates": [-1.811706, 52.453383]}}, {"type": "Feature", "properties": {"id": "store-1777", "name": "EE", "shop": "electronics", "neighbourhood": "Acocks Green", "opening_hours": "Mo-Su 00:00-24:00"}, "geometry": {"type": "Point", "coordinates": [-1.820719, 52.461554]}}, {"type": "Feature", "properties": {"id": "store-1778", "name": "Age UK", "shop": "charity", "neighbourhood": "Acocks Green", "opening_hours": "Mo-Su 07:00-22:00"}, "geometry": {"type": "Point", "coordinates": [-1.821014, 52.454989]}}, {"type": "Feature", "properties": {"id": "store-1779", "name": "Peacocks", "shop": "clothes", "neighbourhood": "Acocks Green", "opening_hours": "Mo-Su 07:00-22:00"}, "geometry": {"type": "Point", "coordinates": [-1.817521, 52.455603]}}, {"type": "Feature", "properties": {"id": "store-1780", "name": "Rowlands Pharmacy", "shop": "pharmacy", "neighbourhood": "Acocks Green", "opening_hours": "Mo-Su 00:00-24:00"}, "geometry": {"type": "Point", "coordinates": [-1.814982, 52.456932]}}, {"type": "Feature", "properties": {"id": "store-1781", "name": "Rowlands Pharmacy", "shop": "pharmacy", "neighbourhood": "Acocks Green", "opening_hours": "Mo-Sa 08:00-21:00"}, "geometry": {"type": "Point", "coordinates": [-1.813682, 52.459163]}}, {"type": "Feature", "properties": {"id": "store-1782", "name": "Barnardo's", "shop": "charity", "neighbourhood": "Acocks Green", "opening_hours": "Mo-Sa 08:00-21:00"}, "geometry": {"type": "Point", "coordinates": [-1.809631, 52.451786]}}, {"type": "Feature", "properties": {"id": "store-1783", "name": "Costcutter", "shop": "convenience", "neighbourhood": "Solihull border", "opening_hours": "Mo-Su 07:00-22:00"}, "geometry": {"type": "Point", "coordinates": [-1.788653, 52.421021]}}, {"type": "Feature", "properties": {"id": "store-1784", "name": "Fresh Meat", "shop": "butcher", "neighbourhood": "Solihull border", "opening_hours": "Mo-Fr 09:00-18:00"}, "geometry": {"type": "Point", "coordinates": [-1.797141, 52.420478]}}, {"type": "Feature", "properties": {"id": "store-1785", "name": "Vodafone", "shop": "electronics", "neighbourhood": "Solihull border", "opening_hours": "Mo-Su 00:00-24:00"}, "geometry": {"type": "Point", "coordinates": [-1.791871, 52.427652]}}, {"type": "Feature", "properties": {"id": "store-1786", "name": "Nisa Local", "shop": "convenience", "neighbourhood": "Solihull border", "opening_hours": "Mo-Sa 08:00-21:00"}, "geometry": {"type": "Point", "coordinates": [-1.788862, 52.412172]}}, {"type": "Feature", "properties": {"id": "store-1787", "name": "Age UK", "shop": "charity", "neighbourhood": "Solihull border", "opening_hours": "Mo-Fr 09:00-18:00"}, "geometry": {"type": "Point", "coordinates": [-1.777065, 52.420026]}}, {"type": "Feature", "properties": {"id": "store-1788", "name": "The Range", "shop": "furniture", "neighbourhood": "Solihull border", "opening_hours": "Mo-Sa 08:00-21:00"}, "geometry": {"type": "Point", "coordinates": [-1.77823, 52.422412]}}, {"type": "Feature", "properties": {"id": "store-1789", "name": "Greggs", "shop": "bakery", "neighbourhood": "Solihull border", "opening_hours": "Mo-Sa 08:00-21:00"}, "geometry": {"type": "Point", "coordinates": [-1.777343, 52.423131]}}, {"type": "Feature", "properties": {"id": "store-1790", "name": "One Stop", "shop": "convenience", "neighbourhood": "Solihull border", "opening_hours": "Mo-Sa 08:00-21:00"}, "geometry": {"type": "Point", "coordinates": [-1.783575, 52.424149]}}, {"type": "Feature", "properties": {"id": "store-1791", "name": "Tesco", "shop": "supermarket", "neighbourhood": "Solihull border", "opening_hours": "Mo-Fr 09:00-18:00"}, "geometry": {"type": "Point", "coordinates": [-1.784819, 52.413671]}}, {"type": "Feature", "properties": {"id": "store-1792", "name": "Greggs", "shop": "bakery", "neighbourhood": "Solihull border", "opening_hours": "Mo-Sa 08:00-21:00"}, "geometry": {"type": "Point", "coordinates": [-1.785502, 52.415835]}}, {"type": "Feature", "properties": {"id": "store-1793", "name": "Rowlands Pharmacy", "shop": "pharmacy", "neighbourhood": "Solihull border", "opening_hours": "Mo-Su 07:00-22:00"}, "geometry": {"type": "Point", "coordinates": [-1.781237, 52.416786]}}, {"type": "Feature", "properties": {"id": "store-1794", "name": "Londis", "shop": "convenience", "neighbourhood": "Solihull border", "opening_hours": "Mo-Fr 09:00-18:00"}, "geometry": {"type": "Point", "coordinates": [-1.782777, 52.418436]}}, {"type": "Feature", "properties": {"id": "store-1795", "name": "Co-op", "shop": "convenience", "neighbourhood": "Solihull border", "opening_hours": "Mo-Su 07:00-22:00"}, "geometry": {"type": "Point", "coordinates": [-1.776027, 52.420162]}}, {"type": "Feature", "properties": {"id": "store-1796", "name": "Premier", "shop": "convenience", "neighbourhood": "Solihull border", "opening_hours": "Mo-Su 07:00-22:00"}, "geometry": {"type": "Point", "coordinates": [-1.797086, 52.417274]}}, {"type": "Feature", "properties": {"id": "store-1797", "name": "Superdrug", "shop": "pharmacy", "neighbourhood": "Solihull border", "opening_hours": "Mo-Su 00:00-24:00"}, "geometry": {"type": "Point", "coordinates": [-1.786879, 52.415895]}}, {"type": "Feature", "properties": {"id": "store-1798", "name": "Family Butchers", "shop": "butcher", "neighbourhood": "Solihull border", "opening_hours": "Mo-Su 00:00-24:00"}, "geometry": {"type": "Point", "coordinates": [-1.78221, 52.425632]}}, {"type": "Feature", "properties": {"id": "store-1799", "name": "Post Office", "shop": "newsagent", "neighbourhood": "Solihull border", "opening_hours": "Mo-Su 00:00-24:00"}, "geometry": {"type": "Point", "coordinates": [-1.779786, 52.414809]}}, {"type": "Feature", "properties": {"id": "store-1800", "name": "Salon", "shop": "beauty", "neighbourhood": "Solihull border", "opening_hours": "Mo-Su 07:00-22:00"}, "geometry": {"type": "Point", "coordinates": [-1.782261, 52.420349]}}, {"type": "Feature", "properties": {"id": "store-1801", "name": "Family Shopper", "shop": "convenience", "neighbourhood": "Solihull border", "opening_hours": "Mo-Sa 08:00-21:00"}, "geometry": {"type": "Point", "coordinates": [-1.780694, 52.425297]}}, {"type": "Feature", "properties": {"id": "store-1802", "name": "Lidl", "shop": "supermarket", "neighbourhood": "Solihull border", "opening_hours": "Mo-Su 00:00-24:00"}, "geometry": {"type": "Point", "coordinates": [-1.780765, 52.422111]}}, {"type": "Feature", "properties": {"id": "store-1803", "name": "Wilko", "shop": "hardware", "neighbourhood": "Solihull border", "opening_hours": "Mo-Sa 08:00-21:00"}, "geometry": {"type": "Point", "coordinates": [-1.780355, 52.418028]}}, {"type": "Feature", "properties": {"id": "store-1804", "name": "Nail Studio", "shop": "beauty", "neighbourhood": "Solihull border", "opening_hours": "Mo-Su 00:00-24:00"}, "geometry": {"type": "Point", "coordinates": [-1.788242, 52.423796]}}, {"type": "Feature", "properties": {"id": "store-1805", "name": "Corner Shop", "shop": "newsagent", "neighbourhood": "Solihull border", "opening_hours": "Mo-Su 07:00-22:00"}, "geometry": {"type": "Point", "coordinates": [-1.796068, 52.424765]}}, {"type": "Feature", "properties": {"id": "store-1806", "name": "Poundland", "shop": "general", "neighbourhood": "Solihull border", "opening_hours": "Mo-Sa 08:00-21:00"}, "geometry": {"type": "Point", "coordinates": [-1.788848, 52.413518]}}, {"type": "Feature", "properties": {"id": "store-1807", "name": "Co-op", "shop": "convenience", "neighbourhood": "Solihull border", "opening_hours": "Mo-Su 07:00-22:00"}, "geometry": {"type": "Point", "coordinates": [-1.797194, 52.413893]}}, {"type": "Feature", "properties": {"id": "store-1808", "name": "Corner Shop", "shop": "newsagent", "neighbourhood": "Solihull border", "opening_hours": "Mo-Fr 09:00-18:00"}, "geometry": {"type": "Point", "coordinates": [-1.801829, 52.422066]}}, {"type": "Feature", "properties": {"id": "store-1809", "name": "Poundworld", "shop": "general", "neighbourhood": "Solihull border", "opening_hours": "Mo-Fr 09:00-18:00"}, "geometry": {"type": "Point", "coordinates": [-1.802637, 52.416647]}}, {"type": "Feature", "properties": {"id": "store-1810", "name": "Robert Dyas", "shop": "hardware", "neighbourhood": "Solihull border", "opening_hours": "Mo-Su 00:00-24:00"}, "geometry": {"type": "Point", "coordinates": [-1.799156, 52.420026]}}, {"type": "Feature", "properties": {"id": "store-1811", "name": "The Beauty Room", "shop": "beauty", "neighbourhood": "Solihull border", "opening_hours": "Mo-Su 07:00-22:00"}, "geometry": {"type": "Point", "coordinates": [-1.789146, 52.420145]}}, {"type": "Feature", "properties": {"id": "store-1812", "name": "Vodafone", "shop": "electronics", "neighbourhood": "Solihull border", "opening_hours": "Mo-Su 00:00-24:00"}, "geometry": {"type": "Point", "coordinates": [-1.799042, 52.42581]}}, {"type": "Feature", "properties": {"id": "store-1813", "name": "Spar", "shop": "convenience", "neighbourhood": "Solihull border", "opening_hours": "Mo-Sa 08:00-21:00"}, "geometry": {"type": "Point", "coordinates": [-1.796432, 52.422944]}}, {"type": "Feature", "properties": {"id": "store-1814", "name": "Bargain Booze", "shop": "convenience", "neighbourhood": "Solihull border", "opening_hours": "Mo-Sa 08:00-21:00"}, "geometry": {"type": "Point", "coordinates": [-1.779354, 52.421073]}}, {"type": "Feature", "properties": {"id": "store-1815", "name": "Co-op", "shop": "convenience", "neighbourhood": "Solihull border", "opening_hours": "Mo-Sa 08:00-21:00"}, "geometry": {"type": "Point", "coordinates": [-1.792773, 52.424437]}}, {"type": "Feature", "properties": {"id": "store-1816", "name": "M&S Food", "shop": "supermarket", "neighbourhood": "Solihull border", "opening_hours": "Mo-Su 00:00-24:00"}, "geometry": {"type": "Point", "coordinates": [-1.790445, 52.424119]}}, {"type": "Feature", "properties": {"id": "store-1817", "name": "Bonmarch\u00e9", "shop": "clothes", "neighbourhood": "Solihull border", "opening_hours": "Mo-Su 00:00-24:00"}, "geometry": {"type": "Point", "coordinates": [-1.800784, 52.414029]}}, {"type": "Feature", "properties": {"id": "store-1818", "name": "Greggs", "shop": "bakery", "neighbourhood": "Solihull border", "opening_hours": "Mo-Su 07:00-22:00"}, "geometry": {"type": "Point", "coordinates": [-1.799295, 52.418995]}}, {"type": "Feature", "properties": {"id": "store-1819", "name": "River Island", "shop": "clothes", "neighbourhood": "Solihull border", "opening_hours": "Mo-Sa 08:00-21:00"}, "geometry": {"type": "Point", "coordinates": [-1.791072, 52.419354]}}, {"type": "Feature", "properties": {"id": "store-1820", "name": "Halal Butchers", "shop": "butcher", "neighbourhood": "Solihull border", "opening_hours": "Mo-Fr 09:00-18:00"}, "geometry": {"type": "Point", "coordinates": [-1.788154, 52.419958]}}, {"type": "Feature", "properties": {"id": "store-1821", "name": "Bakers", "shop": "bakery", "neighbourhood": "Solihull border", "opening_hours": "Mo-Sa 08:00-21:00"}, "geometry": {"type": "Point", "coordinates": [-1.792509, 52.424306]}}, {"type": "Feature", "properties": {"id": "store-1822", "name": "Family Shopper", "shop": "convenience", "neighbourhood": "Solihull border", "opening_hours": "Mo-Fr 09:00-18:00"}, "geometry": {"type": "Point", "coordinates": [-1.796336, 52.421726]}}, {"type": "Feature", "properties": {"id": "store-1823", "name": "Newsagent", "shop": "newsagent", "neighbourhood": "Solihull border", "opening_hours": "Mo-Sa 08:00-21:00"}, "geometry": {"type": "Point", "coordinates": [-1.784103, 52.422423]}}, {"type": "Feature", "properties": {"id": "store-1824", "name": "Nisa Local", "shop": "convenience", "neighbourhood": "Solihull border", "opening_hours": "Mo-Sa 08:00-21:00"}, "geometry": {"type": "Point", "coordinates": [-1.792608, 52.422253]}}, {"type": "Feature", "properties": {"id": "store-1825", "name": "Newsagent", "shop": "newsagent", "neighbourhood": "Solihull border", "opening_hours": "Mo-Su 07:00-22:00"}, "geometry": {"type": "Point", "coordinates": [-1.780408, 52.422365]}}, {"type": "Feature", "properties": {"id": "store-1826", "name": "The Range", "shop": "furniture", "neighbourhood": "Solihull border", "opening_hours": "Mo-Sa 08:00-21:00"}, "geometry": {"type": "Point", "coordinates": [-1.777082, 52.416872]}}, {"type": "Feature", "properties": {"id": "store-1827", "name": "Bargain Booze", "shop": "convenience", "neighbourhood": "Solihull border", "opening_hours": "Mo-Fr 09:00-18:00"}, "geometry": {"type": "Point", "coordinates": [-1.788324, 52.422192]}}, {"type": "Feature", "properties": {"id": "store-1828", "name": "WHSmith", "shop": "newsagent", "neighbourhood": "Solihull border", "opening_hours": "Mo-Su 07:00-22:00"}, "geometry": {"type": "Point", "coordinates": [-1.783685, 52.425284]}}, {"type": "Feature", "properties": {"id": "store-1829", "name": "Oxfam", "shop": "charity", "neighbourhood": "Solihull border", "opening_hours": "Mo-Sa 08:00-21:00"}, "geometry": {"type": "Point", "coordinates": [-1.788524, 52.419067]}}, {"type": "Feature", "properties": {"id": "store-1830", "name": "Bargain Booze", "shop": "convenience", "neighbourhood": "Solihull border", "opening_hours": "Mo-Su 07:00-22:00"}, "geometry": {"type": "Point", "coordinates": [-1.785729, 52.420027]}}, {"type": "Feature", "properties": {"id": "store-1831", "name": "Oak Furnitureland", "shop": "furniture", "neighbourhood": "Solihull border", "opening_hours": "Mo-Su 00:00-24:00"}, "geometry": {"type": "Point", "coordinates": [-1.791381, 52.42023]}}, {"type": "Feature", "properties": {"id": "store-1832", "name": "Family Shopper", "shop": "convenience", "neighbourhood": "Solihull border", "opening_hours": "Mo-Fr 09:00-18:00"}, "geometry": {"type": "Point", "coordinates": [-1.79344, 52.42158]}}, {"type": "Feature", "properties": {"id": "store-1833", "name": "Lloyds Pharmacy", "shop": "pharmacy", "neighbourhood": "Solihull border", "opening_hours": "Mo-Su 07:00-22:00"}, "geometry": {"type": "Point", "coordinates": [-1.797507, 52.421997]}}, {"type": "Feature", "properties": {"id": "store-1834", "name": "Salon", "shop": "beauty", "neighbourhood": "Solihull border", "opening_hours": "Mo-Su 07:00-22:00"}, "geometry": {"type": "Point", "coordinates": [-1.792063, 52.415514]}}, {"type": "Feature", "properties": {"id": "store-1835", "name": "Peak Pharmacy", "shop": "pharmacy", "neighbourhood": "Solihull border", "opening_hours": "Mo-Fr 09:00-18:00"}, "geometry": {"type": "Point", "coordinates": [-1.785156, 52.423919]}}, {"type": "Feature", "properties": {"id": "store-1836", "name": "EE", "shop": "electronics", "neighbourhood": "Castle Vale", "opening_hours": "Mo-Su 00:00-24:00"}, "geometry": {"type": "Point", "coordinates": [-1.805842, 52.520832]}}, {"type": "Feature", "properties": {"id": "store-1837", "name": "Barnardo's", "shop": "charity", "neighbourhood": "Castle Vale", "opening_hours": "Mo-Su 07:00-22:00"}, "geometry": {"type": "Point", "coordinates": [-1.80908, 52.518321]}}, {"type": "Feature", "properties": {"id": "store-1838", "name": "Premier", "shop": "convenience", "neighbourhood": "Castle Vale", "opening_hours": "Mo-Su 00:00-24:00"}, "geometry": {"type": "Point", "coordinates": [-1.80447, 52.513731]}}, {"type": "Feature", "properties": {"id": "store-1839", "name": "H&M", "shop": "clothes", "neighbourhood": "Castle Vale", "opening_hours": "Mo-Su 07:00-22:00"}, "geometry": {"type": "Point", "coordinates": [-1.802239, 52.523233]}}, {"type": "Feature", "properties": {"id": "store-1840", "name": "Day Lewis", "shop": "pharmacy", "neighbourhood": "Castle Vale", "opening_hours": "Mo-Sa 08:00-21:00"}, "geometry": {"type": "Point", "coordinates": [-1.80767, 52.517892]}}, {"type": "Feature", "properties": {"id": "store-1841", "name": "Fresh Meat", "shop": "butcher", "neighbourhood": "Castle Vale", "opening_hours": "Mo-Su 00:00-24:00"}, "geometry": {"type": "Point", "coordinates": [-1.808628, 52.518951]}}, {"type": "Feature", "properties": {"id": "store-1842", "name": "Bargain Buys", "shop": "general", "neighbourhood": "Castle Vale", "opening_hours": "Mo-Su 00:00-24:00"}, "geometry": {"type": "Point", "coordinates": [-1.802277, 52.518822]}}, {"type": "Feature", "properties": {"id": "store-1843", "name": "Tesco", "shop": "supermarket", "neighbourhood": "Castle Vale", "opening_hours": "Mo-Sa 08:00-21:00"}, "geometry": {"type": "Point", "coordinates": [-1.813112, 52.52198]}}, {"type": "Feature", "properties": {"id": "store-1844", "name": "McColl's", "shop": "convenience", "neighbourhood": "Castle Vale", "opening_hours": "Mo-Fr 09:00-18:00"}, "geometry": {"type": "Point", "coordinates": [-1.808908, 52.520419]}}, {"type": "Feature", "properties": {"id": "store-1845", "name": "Vodafone", "shop": "electronics", "neighbourhood": "Castle Vale", "opening_hours": "Mo-Sa 08:00-21:00"}, "geometry": {"type": "Point", "coordinates": [-1.808203, 52.520838]}}, {"type": "Feature", "properties": {"id": "store-1846", "name": "Best-one", "shop": "convenience", "neighbourhood": "Castle Vale", "opening_hours": "Mo-Su 00:00-24:00"}, "geometry": {"type": "Point", "coordinates": [-1.799437, 52.525301]}}, {"type": "Feature", "properties": {"id": "store-1847", "name": "Corner Shop", "shop": "newsagent", "neighbourhood": "Castle Vale", "opening_hours": "Mo-Su 00:00-24:00"}, "geometry": {"type": "Point", "coordinates": [-1.798883, 52.518268]}}, {"type": "Feature", "properties": {"id": "store-1848", "name": "Card Factory", "shop": "general", "neighbourhood": "Castle Vale", "opening_hours": "Mo-Fr 09:00-18:00"}, "geometry": {"type": "Point", "coordinates": [-1.797313, 52.523958]}}, {"type": "Feature", "properties": {"id": "store-1849", "name": "Day Lewis", "shop": "pharmacy", "neighbourhood": "Castle Vale", "opening_hours": "Mo-Sa 08:00-21:00"}, "geometry": {"type": "Point", "coordinates": [-1.807321, 52.515592]}}, {"type": "Feature", "properties": {"id": "store-1850", "name": "O2", "shop": "electronics", "neighbourhood": "Castle Vale", "opening_hours": "Mo-Su 07:00-22:00"}, "geometry": {"type": "Point", "coordinates": [-1.799762, 52.516402]}}, {"type": "Feature", "properties": {"id": "store-1851", "name": "Poundland", "shop": "general", "neighbourhood": "Castle Vale", "opening_hours": "Mo-Su 00:00-24:00"}, "geometry": {"type": "Point", "coordinates": [-1.804448, 52.520031]}}, {"type": "Feature", "properties": {"id": "store-1852", "name": "Poundland", "shop": "general", "neighbourhood": "Castle Vale", "opening_hours": "Mo-Su 00:00-24:00"}, "geometry": {"type": "Point", "coordinates": [-1.808637, 52.514239]}}, {"type": "Feature", "properties": {"id": "store-1853", "name": "B&Q", "shop": "hardware", "neighbourhood": "Castle Vale", "opening_hours": "Mo-Su 00:00-24:00"}, "geometry": {"type": "Point", "coordinates": [-1.797674, 52.516271]}}, {"type": "Feature", "properties": {"id": "store-1854", "name": "Beauty Bar", "shop": "beauty", "neighbourhood": "Castle Vale", "opening_hours": "Mo-Sa 08:00-21:00"}, "geometry": {"type": "Point", "coordinates": [-1.802667, 52.514414]}}, {"type": "Feature", "properties": {"id": "store-1855", "name": "WHSmith", "shop": "newsagent", "neighbourhood": "Castle Vale", "opening_hours": "Mo-Sa 08:00-21:00"}, "geometry": {"type": "Point", "coordinates": [-1.800237, 52.52073]}}, {"type": "Feature", "properties": {"id": "store-1856", "name": "Bargain Buys", "shop": "general", "neighbourhood": "Castle Vale", "opening_hours": "Mo-Su 07:00-22:00"}, "geometry": {"type": "Point", "coordinates": [-1.803829, 52.519265]}}, {"type": "Feature", "properties": {"id": "store-1857", "name": "Farmfoods", "shop": "supermarket", "neighbourhood": "Castle Vale", "opening_hours": "Mo-Sa 08:00-21:00"}, "geometry": {"type": "Point", "coordinates": [-1.813047, 52.518457]}}, {"type": "Feature", "properties": {"id": "store-1858", "name": "Tesco Extra", "shop": "supermarket", "neighbourhood": "Castle Vale", "opening_hours": "Mo-Su 07:00-22:00"}, "geometry": {"type": "Point", "coordinates": [-1.803819, 52.523743]}}, {"type": "Feature", "properties": {"id": "store-1859", "name": "Nisa Local", "shop": "convenience", "neighbourhood": "Castle Vale", "opening_hours": "Mo-Fr 09:00-18:00"}, "geometry": {"type": "Point", "coordinates": [-1.808937, 52.51484]}}, {"type": "Feature", "properties": {"id": "store-1860", "name": "Newsagent", "shop": "newsagent", "neighbourhood": "Castle Vale", "opening_hours": "Mo-Fr 09:00-18:00"}, "geometry": {"type": "Point", "coordinates": [-1.813957, 52.519779]}}, {"type": "Feature", "properties": {"id": "store-1861", "name": "Screwfix", "shop": "hardware", "neighbourhood": "Castle Vale", "opening_hours": "Mo-Su 00:00-24:00"}, "geometry": {"type": "Point", "coordinates": [-1.801823, 52.516889]}}, {"type": "Feature", "properties": {"id": "store-1862", "name": "Bakers", "shop": "bakery", "neighbourhood": "Castle Vale", "opening_hours": "Mo-Sa 08:00-21:00"}, "geometry": {"type": "Point", "coordinates": [-1.803366, 52.521182]}}, {"type": "Feature", "properties": {"id": "store-1863", "name": "Salvation Army", "shop": "charity", "neighbourhood": "Castle Vale", "opening_hours": "Mo-Su 00:00-24:00"}, "geometry": {"type": "Point", "coordinates": [-1.805022, 52.519343]}}, {"type": "Feature", "properties": {"id": "store-1864", "name": "Corner Shop", "shop": "newsagent", "neighbourhood": "Castle Vale", "opening_hours": "Mo-Sa 08:00-21:00"}, "geometry": {"type": "Point", "coordinates": [-1.808571, 52.523903]}}, {"type": "Feature", "properties": {"id": "store-1865", "name": "Next", "shop": "clothes", "neighbourhood": "Castle Vale", "opening_hours": "Mo-Sa 08:00-21:00"}, "geometry": {"type": "Point", "coordinates": [-1.801887, 52.519739]}}, {"type": "Feature", "properties": {"id": "store-1866", "name": "Bonmarch\u00e9", "shop": "clothes", "neighbourhood": "Castle Vale", "opening_hours": "Mo-Su 07:00-22:00"}, "geometry": {"type": "Point", "coordinates": [-1.803563, 52.51879]}}, {"type": "Feature", "properties": {"id": "store-1867", "name": "Bargain Booze", "shop": "convenience", "neighbourhood": "Castle Vale", "opening_hours": "Mo-Fr 09:00-18:00"}, "geometry": {"type": "Point", "coordinates": [-1.811482, 52.521753]}}, {"type": "Feature", "properties": {"id": "store-1868", "name": "The Range", "shop": "furniture", "neighbourhood": "Castle Vale", "opening_hours": "Mo-Fr 09:00-18:00"}, "geometry": {"type": "Point", "coordinates": [-1.808722, 52.521195]}}, {"type": "Feature", "properties": {"id": "store-1869", "name": "Aldi", "shop": "supermarket", "neighbourhood": "Castle Vale", "opening_hours": "Mo-Su 00:00-24:00"}, "geometry": {"type": "Point", "coordinates": [-1.801791, 52.520707]}}, {"type": "Feature", "properties": {"id": "store-1870", "name": "Salon", "shop": "beauty", "neighbourhood": "Castle Vale", "opening_hours": "Mo-Sa 08:00-21:00"}, "geometry": {"type": "Point", "coordinates": [-1.804035, 52.523298]}}, {"type": "Feature", "properties": {"id": "store-1871", "name": "Costcutter", "shop": "convenience", "neighbourhood": "Castle Vale", "opening_hours": "Mo-Sa 08:00-21:00"}, "geometry": {"type": "Point", "coordinates": [-1.810165, 52.515505]}}, {"type": "Feature", "properties": {"id": "store-1872", "name": "Family Shopper", "shop": "convenience", "neighbourhood": "Castle Vale", "opening_hours": "Mo-Su 07:00-22:00"}, "geometry": {"type": "Point", "coordinates": [-1.806425, 52.519268]}}, {"type": "Feature", "properties": {"id": "store-1873", "name": "ASDA", "shop": "supermarket", "neighbourhood": "Castle Vale", "opening_hours": "Mo-Su 07:00-22:00"}, "geometry": {"type": "Point", "coordinates": [-1.808592, 52.514838]}}, {"type": "Feature", "properties": {"id": "store-1874", "name": "River Island", "shop": "clothes", "neighbourhood": "Castle Vale", "opening_hours": "Mo-Fr 09:00-18:00"}, "geometry": {"type": "Point", "coordinates": [-1.805332, 52.520544]}}, {"type": "Feature", "properties": {"id": "store-1875", "name": "Peacocks", "shop": "clothes", "neighbourhood": "Castle Vale", "opening_hours": "Mo-Sa 08:00-21:00"}, "geometry": {"type": "Point", "coordinates": [-1.805008, 52.516464]}}, {"type": "Feature", "properties": {"id": "store-1876", "name": "Bonmarch\u00e9", "shop": "clothes", "neighbourhood": "Castle Vale", "opening_hours": "Mo-Su 07:00-22:00"}, "geometry": {"type": "Point", "coordinates": [-1.808092, 52.519423]}}, {"type": "Feature", "properties": {"id": "store-1877", "name": "Iceland", "shop": "supermarket", "neighbourhood": "Castle Vale", "opening_hours": "Mo-Fr 09:00-18:00"}, "geometry": {"type": "Point", "coordinates": [-1.805125, 52.514449]}}, {"type": "Feature", "properties": {"id": "store-1878", "name": "Tesco Express", "shop": "supermarket", "neighbourhood": "Castle Vale", "opening_hours": "Mo-Sa 08:00-21:00"}, "geometry": {"type": "Point", "coordinates": [-1.803606, 52.514183]}}, {"type": "Feature", "properties": {"id": "store-1879", "name": "Patisserie", "shop": "bakery", "neighbourhood": "Castle Vale", "opening_hours": "Mo-Sa 08:00-21:00"}, "geometry": {"type": "Point", "coordinates": [-1.80765, 52.51927]}}, {"type": "Feature", "properties": {"id": "store-1880", "name": "Family Butchers", "shop": "butcher", "neighbourhood": "Castle Vale", "opening_hours": "Mo-Su 00:00-24:00"}, "geometry": {"type": "Point", "coordinates": [-1.811185, 52.524237]}}, {"type": "Feature", "properties": {"id": "store-1881", "name": "Family Shopper", "shop": "convenience", "neighbourhood": "Castle Vale", "opening_hours": "Mo-Fr 09:00-18:00"}, "geometry": {"type": "Point", "coordinates": [-1.803784, 52.517839]}}, {"type": "Feature", "properties": {"id": "store-1882", "name": "Family Butchers", "shop": "butcher", "neighbourhood": "Castle Vale", "opening_hours": "Mo-Sa 08:00-21:00"}, "geometry": {"type": "Point", "coordinates": [-1.802823, 52.525157]}}, {"type": "Feature", "properties": {"id": "store-1883", "name": "WHSmith", "shop": "general", "neighbourhood": "Castle Vale", "opening_hours": "Mo-Su 07:00-22:00"}, "geometry": {"type": "Point", "coordinates": [-1.805152, 52.524912]}}, {"type": "Feature", "properties": {"id": "store-1884", "name": "British Heart Foundation", "shop": "charity", "neighbourhood": "Castle Vale", "opening_hours": "Mo-Fr 09:00-18:00"}, "geometry": {"type": "Point", "coordinates": [-1.808685, 52.520803]}}, {"type": "Feature", "properties": {"id": "store-1885", "name": "Poundworld", "shop": "general", "neighbourhood": "Castle Vale", "opening_hours": "Mo-Su 07:00-22:00"}, "geometry": {"type": "Point", "coordinates": [-1.801764, 52.522932]}}, {"type": "Feature", "properties": {"id": "store-1886", "name": "Tesco Express", "shop": "supermarket", "neighbourhood": "Castle Vale", "opening_hours": "Mo-Fr 09:00-18:00"}, "geometry": {"type": "Point", "coordinates": [-1.798864, 52.519285]}}, {"type": "Feature", "properties": {"id": "store-1887", "name": "McColl's", "shop": "convenience", "neighbourhood": "Castle Vale", "opening_hours": "Mo-Sa 08:00-21:00"}, "geometry": {"type": "Point", "coordinates": [-1.797879, 52.519784]}}, {"type": "Feature", "properties": {"id": "store-1888", "name": "Superdrug", "shop": "pharmacy", "neighbourhood": "Castle Vale", "opening_hours": "Mo-Su 00:00-24:00"}, "geometry": {"type": "Point", "coordinates": [-1.808771, 52.525777]}}, {"type": "Feature", "properties": {"id": "store-1889", "name": "Londis", "shop": "convenience", "neighbourhood": "Bordesley Green", "opening_hours": "Mo-Su 00:00-24:00"}, "geometry": {"type": "Point", "coordinates": [-1.849758, 52.482761]}}, {"type": "Feature", "properties": {"id": "store-1890", "name": "Superdrug", "shop": "pharmacy", "neighbourhood": "Bordesley Green", "opening_hours": "Mo-Su 07:00-22:00"}, "geometry": {"type": "Point", "coordinates": [-1.835903, 52.475347]}}, {"type": "Feature", "properties": {"id": "store-1891", "name": "Martin McColl", "shop": "newsagent", "neighbourhood": "Bordesley Green", "opening_hours": "Mo-Su 07:00-22:00"}, "geometry": {"type": "Point", "coordinates": [-1.847711, 52.475325]}}, {"type": "Feature", "properties": {"id": "store-1892", "name": "Select", "shop": "clothes", "neighbourhood": "Bordesley Green", "opening_hours": "Mo-Fr 09:00-18:00"}, "geometry": {"type": "Point", "coordinates": [-1.839226, 52.480155]}}, {"type": "Feature", "properties": {"id": "store-1893", "name": "British Heart Foundation", "shop": "charity", "neighbourhood": "Bordesley Green", "opening_hours": "Mo-Su 00:00-24:00"}, "geometry": {"type": "Point", "coordinates": [-1.845886, 52.480808]}}, {"type": "Feature", "properties": {"id": "store-1894", "name": "WHSmith", "shop": "general", "neighbourhood": "Bordesley Green", "opening_hours": "Mo-Su 07:00-22:00"}, "geometry": {"type": "Point", "coordinates": [-1.840234, 52.474061]}}, {"type": "Feature", "properties": {"id": "store-1895", "name": "Card Factory", "shop": "general", "neighbourhood": "Bordesley Green", "opening_hours": "Mo-Fr 09:00-18:00"}, "geometry": {"type": "Point", "coordinates": [-1.837452, 52.483629]}}, {"type": "Feature", "properties": {"id": "store-1896", "name": "Family Shopper", "shop": "convenience", "neighbourhood": "Bordesley Green", "opening_hours": "Mo-Fr 09:00-18:00"}, "geometry": {"type": "Point", "coordinates": [-1.83636, 52.480129]}}, {"type": "Feature", "properties": {"id": "store-1897", "name": "Morrisons", "shop": "supermarket", "neighbourhood": "Bordesley Green", "opening_hours": "Mo-Su 07:00-22:00"}, "geometry": {"type": "Point", "coordinates": [-1.83333, 52.480263]}}, {"type": "Feature", "properties": {"id": "store-1898", "name": "One Stop", "shop": "convenience", "neighbourhood": "Bordesley Green", "opening_hours": "Mo-Su 00:00-24:00"}, "geometry": {"type": "Point", "coordinates": [-1.844818, 52.473103]}}, {"type": "Feature", "properties": {"id": "store-1899", "name": "Screwfix", "shop": "hardware", "neighbourhood": "Bordesley Green", "opening_hours": "Mo-Su 00:00-24:00"}, "geometry": {"type": "Point", "coordinates": [-1.846276, 52.473299]}}, {"type": "Feature", "properties": {"id": "store-1900", "name": "One Stop", "shop": "convenience", "neighbourhood": "Bordesley Green", "opening_hours": "Mo-Su 07:00-22:00"}, "geometry": {"type": "Point", "coordinates": [-1.851928, 52.480535]}}, {"type": "Feature", "properties": {"id": "store-1901", "name": "Bargain Booze", "shop": "convenience", "neighbourhood": "Bordesley Green", "opening_hours": "Mo-Sa 08:00-21:00"}, "geometry": {"type": "Point", "coordinates": [-1.84451, 52.483985]}}, {"type": "Feature", "properties": {"id": "store-1902", "name": "River Island", "shop": "clothes", "neighbourhood": "Bordesley Green", "opening_hours": "Mo-Fr 09:00-18:00"}, "geometry": {"type": "Point", "coordinates": [-1.840634, 52.480436]}}, {"type": "Feature", "properties": {"id": "store-1903", "name": "Fresh Meat", "shop": "butcher", "neighbourhood": "Bordesley Green", "opening_hours": "Mo-Sa 08:00-21:00"}, "geometry": {"type": "Point", "coordinates": [-1.847426, 52.482154]}}, {"type": "Feature", "properties": {"id": "store-1904", "name": "Bargain Buys", "shop": "general", "neighbourhood": "Bordesley Green", "opening_hours": "Mo-Su 00:00-24:00"}, "geometry": {"type": "Point", "coordinates": [-1.844753, 52.479929]}}, {"type": "Feature", "properties": {"id": "store-1905", "name": "TK Maxx", "shop": "clothes", "neighbourhood": "Bordesley Green", "opening_hours": "Mo-Sa 08:00-21:00"}, "geometry": {"type": "Point", "coordinates": [-1.836742, 52.480907]}}, {"type": "Feature", "properties": {"id": "store-1906", "name": "Card Factory", "shop": "general", "neighbourhood": "Bordesley Green", "opening_hours": "Mo-Su 07:00-22:00"}, "geometry": {"type": "Point", "coordinates": [-1.843468, 52.483071]}}, {"type": "Feature", "properties": {"id": "store-1907", "name": "Bargain Booze", "shop": "convenience", "neighbourhood": "Bordesley Green", "opening_hours": "Mo-Sa 08:00-21:00"}, "geometry": {"type": "Point", "coordinates": [-1.845655, 52.473469]}}, {"type": "Feature", "properties": {"id": "store-1908", "name": "Bargain Buys", "shop": "general", "neighbourhood": "Bordesley Green", "opening_hours": "Mo-Su 07:00-22:00"}, "geometry": {"type": "Point", "coordinates": [-1.8328, 52.476201]}}, {"type": "Feature", "properties": {"id": "store-1909", "name": "Londis", "shop": "convenience", "neighbourhood": "Bordesley Green", "opening_hours": "Mo-Su 07:00-22:00"}, "geometry": {"type": "Point", "coordinates": [-1.836314, 52.481499]}}, {"type": "Feature", "properties": {"id": "store-1910", "name": "Co-op", "shop": "convenience", "neighbourhood": "Bordesley Green", "opening_hours": "Mo-Fr 09:00-18:00"}, "geometry": {"type": "Point", "coordinates": [-1.850206, 52.480351]}}, {"type": "Feature", "properties": {"id": "store-1911", "name": "Patisserie", "shop": "bakery", "neighbourhood": "Bordesley Green", "opening_hours": "Mo-Su 07:00-22:00"}, "geometry": {"type": "Point", "coordinates": [-1.845342, 52.484473]}}, {"type": "Feature", "properties": {"id": "store-1912", "name": "Costcutter", "shop": "convenience", "neighbourhood": "Bordesley Green", "opening_hours": "Mo-Sa 08:00-21:00"}, "geometry": {"type": "Point", "coordinates": [-1.839968, 52.484303]}}, {"type": "Feature", "properties": {"id": "store-1913", "name": "One Stop", "shop": "convenience", "neighbourhood": "Bordesley Green", "opening_hours": "Mo-Su 07:00-22:00"}, "geometry": {"type": "Point", "coordinates": [-1.844852, 52.476638]}}, {"type": "Feature", "properties": {"id": "store-1914", "name": "Premier", "shop": "convenience", "neighbourhood": "Bordesley Green", "opening_hours": "Mo-Su 07:00-22:00"}, "geometry": {"type": "Point", "coordinates": [-1.837454, 52.476392]}}, {"type": "Feature", "properties": {"id": "store-1915", "name": "iSmash", "shop": "electronics", "neighbourhood": "Bordesley Green", "opening_hours": "Mo-Su 00:00-24:00"}, "geometry": {"type": "Point", "coordinates": [-1.849922, 52.477409]}}, {"type": "Feature", "properties": {"id": "store-1916", "name": "Peak Pharmacy", "shop": "pharmacy", "neighbourhood": "Bordesley Green", "opening_hours": "Mo-Su 00:00-24:00"}, "geometry": {"type": "Point", "coordinates": [-1.835893, 52.476218]}}, {"type": "Feature", "properties": {"id": "store-1917", "name": "EE", "shop": "electronics", "neighbourhood": "Bordesley Green", "opening_hours": "Mo-Sa 08:00-21:00"}, "geometry": {"type": "Point", "coordinates": [-1.839162, 52.481001]}}, {"type": "Feature", "properties": {"id": "store-1918", "name": "Barnardo's", "shop": "charity", "neighbourhood": "Bordesley Green", "opening_hours": "Mo-Su 00:00-24:00"}, "geometry": {"type": "Point", "coordinates": [-1.843698, 52.475244]}}, {"type": "Feature", "properties": {"id": "store-1919", "name": "Pound Bakery", "shop": "general", "neighbourhood": "Bordesley Green", "opening_hours": "Mo-Su 07:00-22:00"}, "geometry": {"type": "Point", "coordinates": [-1.851577, 52.477189]}}, {"type": "Feature", "properties": {"id": "store-1920", "name": "Bakers", "shop": "bakery", "neighbourhood": "Bordesley Green", "opening_hours": "Mo-Fr 09:00-18:00"}, "geometry": {"type": "Point", "coordinates": [-1.845132, 52.4797]}}, {"type": "Feature", "properties": {"id": "store-1921", "name": "Bakers", "shop": "bakery", "neighbourhood": "Bordesley Green", "opening_hours": "Mo-Su 07:00-22:00"}, "geometry": {"type": "Point", "coordinates": [-1.836563, 52.483343]}}, {"type": "Feature", "properties": {"id": "store-1922", "name": "The Range", "shop": "furniture", "neighbourhood": "Bordesley Green", "opening_hours": "Mo-Su 00:00-24:00"}, "geometry": {"type": "Point", "coordinates": [-1.847465, 52.47601]}}, {"type": "Feature", "properties": {"id": "store-1923", "name": "Wilko", "shop": "hardware", "neighbourhood": "Bordesley Green", "opening_hours": "Mo-Fr 09:00-18:00"}, "geometry": {"type": "Point", "coordinates": [-1.845826, 52.480731]}}, {"type": "Feature", "properties": {"id": "store-1924", "name": "Bargain Buys", "shop": "general", "neighbourhood": "Bordesley Green", "opening_hours": "Mo-Fr 09:00-18:00"}, "geometry": {"type": "Point", "coordinates": [-1.835686, 52.48339]}}, {"type": "Feature", "properties": {"id": "store-1925", "name": "Corner Shop", "shop": "newsagent", "neighbourhood": "Bordesley Green", "opening_hours": "Mo-Su 07:00-22:00"}, "geometry": {"type": "Point", "coordinates": [-1.837122, 52.474122]}}, {"type": "Feature", "properties": {"id": "store-1926", "name": "Superdrug", "shop": "pharmacy", "neighbourhood": "Bordesley Green", "opening_hours": "Mo-Su 00:00-24:00"}, "geometry": {"type": "Point", "coordinates": [-1.845392, 52.484181]}}, {"type": "Feature", "properties": {"id": "store-1927", "name": "Home Bargains", "shop": "general", "neighbourhood": "Bordesley Green", "opening_hours": "Mo-Su 07:00-22:00"}, "geometry": {"type": "Point", "coordinates": [-1.832795, 52.476886]}}, {"type": "Feature", "properties": {"id": "store-1928", "name": "Tesco Express", "shop": "supermarket", "neighbourhood": "Bordesley Green", "opening_hours": "Mo-Su 00:00-24:00"}, "geometry": {"type": "Point", "coordinates": [-1.845912, 52.482288]}}, {"type": "Feature", "properties": {"id": "store-1929", "name": "Newsagent", "shop": "newsagent", "neighbourhood": "Bordesley Green", "opening_hours": "Mo-Su 00:00-24:00"}, "geometry": {"type": "Point", "coordinates": [-1.848279, 52.481453]}}, {"type": "Feature", "properties": {"id": "store-1930", "name": "iSmash", "shop": "electronics", "neighbourhood": "Bordesley Green", "opening_hours": "Mo-Sa 08:00-21:00"}, "geometry": {"type": "Point", "coordinates": [-1.835127, 52.481287]}}, {"type": "Feature", "properties": {"id": "store-1931", "name": "Aldi", "shop": "supermarket", "neighbourhood": "Bordesley Green", "opening_hours": "Mo-Fr 09:00-18:00"}, "geometry": {"type": "Point", "coordinates": [-1.846333, 52.476054]}}, {"type": "Feature", "properties": {"id": "store-1932", "name": "Poundworld", "shop": "general", "neighbourhood": "Bordesley Green", "opening_hours": "Mo-Fr 09:00-18:00"}, "geometry": {"type": "Point", "coordinates": [-1.83602, 52.482469]}}, {"type": "Feature", "properties": {"id": "store-1933", "name": "Carphone Warehouse", "shop": "electronics", "neighbourhood": "Bordesley Green", "opening_hours": "Mo-Sa 08:00-21:00"}, "geometry": {"type": "Point", "coordinates": [-1.846218, 52.482738]}}, {"type": "Feature", "properties": {"id": "store-1934", "name": "Toolstation", "shop": "hardware", "neighbourhood": "Bordesley Green", "opening_hours": "Mo-Sa 08:00-21:00"}, "geometry": {"type": "Point", "coordinates": [-1.84222, 52.473991]}}, {"type": "Feature", "properties": {"id": "store-1935", "name": "ASDA Superstore", "shop": "supermarket", "neighbourhood": "Bordesley Green", "opening_hours": "Mo-Su 07:00-22:00"}, "geometry": {"type": "Point", "coordinates": [-1.843481, 52.4817]}}, {"type": "Feature", "properties": {"id": "store-1936", "name": "Waitrose", "shop": "supermarket", "neighbourhood": "Bordesley Green", "opening_hours": "Mo-Su 07:00-22:00"}, "geometry": {"type": "Point", "coordinates": [-1.847776, 52.47565]}}, {"type": "Feature", "properties": {"id": "store-1937", "name": "Corner Shop", "shop": "newsagent", "neighbourhood": "Bordesley Green", "opening_hours": "Mo-Su 00:00-24:00"}, "geometry": {"type": "Point", "coordinates": [-1.842718, 52.478097]}}, {"type": "Feature", "properties": {"id": "store-1938", "name": "One Stop", "shop": "convenience", "neighbourhood": "Bordesley Green", "opening_hours": "Mo-Sa 08:00-21:00"}, "geometry": {"type": "Point", "coordinates": [-1.834292, 52.480977]}}, {"type": "Feature", "properties": {"id": "store-1939", "name": "River Island", "shop": "clothes", "neighbourhood": "Bordesley Green", "opening_hours": "Mo-Su 07:00-22:00"}, "geometry": {"type": "Point", "coordinates": [-1.851199, 52.47816]}}, {"type": "Feature", "properties": {"id": "store-1940", "name": "Patisserie", "shop": "bakery", "neighbourhood": "Bordesley Green", "opening_hours": "Mo-Su 07:00-22:00"}, "geometry": {"type": "Point", "coordinates": [-1.832111, 52.478047]}}, {"type": "Feature", "properties": {"id": "store-1941", "name": "Nisa Local", "shop": "convenience", "neighbourhood": "Bordesley Green", "opening_hours": "Mo-Su 00:00-24:00"}, "geometry": {"type": "Point", "coordinates": [-1.8356, 52.483656]}}, {"type": "Feature", "properties": {"id": "store-1942", "name": "Farmfoods", "shop": "supermarket", "neighbourhood": "Bordesley Green", "opening_hours": "Mo-Su 00:00-24:00"}, "geometry": {"type": "Point", "coordinates": [-1.837612, 52.478798]}}, {"type": "Feature", "properties": {"id": "store-1943", "name": "Iceland", "shop": "supermarket", "neighbourhood": "Bordesley Green", "opening_hours": "Mo-Su 07:00-22:00"}, "geometry": {"type": "Point", "coordinates": [-1.844462, 52.481454]}}, {"type": "Feature", "properties": {"id": "store-1944", "name": "Greggs", "shop": "bakery", "neighbourhood": "Bordesley Green", "opening_hours": "Mo-Fr 09:00-18:00"}, "geometry": {"type": "Point", "coordinates": [-1.838275, 52.475232]}}, {"type": "Feature", "properties": {"id": "store-1945", "name": "Poundworld", "shop": "general", "neighbourhood": "Bordesley Green", "opening_hours": "Mo-Sa 08:00-21:00"}, "geometry": {"type": "Point", "coordinates": [-1.837907, 52.476499]}}, {"type": "Feature", "properties": {"id": "store-1946", "name": "Halal Butchers", "shop": "butcher", "neighbourhood": "Bordesley Green", "opening_hours": "Mo-Su 07:00-22:00"}, "geometry": {"type": "Point", "coordinates": [-1.832615, 52.477192]}}, {"type": "Feature", "properties": {"id": "store-1947", "name": "Day Lewis", "shop": "pharmacy", "neighbourhood": "Bordesley Green", "opening_hours": "Mo-Su 07:00-22:00"}, "geometry": {"type": "Point", "coordinates": [-1.843556, 52.485215]}}, {"type": "Feature", "properties": {"id": "store-1948", "name": "Home Bargains", "shop": "general", "neighbourhood": "Bordesley Green", "opening_hours": "Mo-Su 07:00-22:00"}, "geometry": {"type": "Point", "coordinates": [-1.83452, 52.481956]}}, {"type": "Feature", "properties": {"id": "store-1949", "name": "B&Q", "shop": "hardware", "neighbourhood": "Bordesley Green", "opening_hours": "Mo-Su 00:00-24:00"}, "geometry": {"type": "Point", "coordinates": [-1.843669, 52.474577]}}, {"type": "Feature", "properties": {"id": "store-1950", "name": "New Look", "shop": "clothes", "neighbourhood": "Bordesley Green", "opening_hours": "Mo-Su 07:00-22:00"}, "geometry": {"type": "Point", "coordinates": [-1.838815, 52.481206]}}, {"type": "Feature", "properties": {"id": "store-1951", "name": "McColl's", "shop": "convenience", "neighbourhood": "Bordesley Green", "opening_hours": "Mo-Sa 08:00-21:00"}, "geometry": {"type": "Point", "coordinates": [-1.85194, 52.478148]}}, {"type": "Feature", "properties": {"id": "store-1952", "name": "Nail Studio", "shop": "beauty", "neighbourhood": "Bordesley Green", "opening_hours": "Mo-Fr 09:00-18:00"}, "geometry": {"type": "Point", "coordinates": [-1.843771, 52.482564]}}, {"type": "Feature", "properties": {"id": "store-1953", "name": "Well Pharmacy", "shop": "pharmacy", "neighbourhood": "Bordesley Green", "opening_hours": "Mo-Sa 08:00-21:00"}, "geometry": {"type": "Point", "coordinates": [-1.849287, 52.478866]}}, {"type": "Feature", "properties": {"id": "store-1954", "name": "Scope", "shop": "charity", "neighbourhood": "Bordesley Green", "opening_hours": "Mo-Fr 09:00-18:00"}, "geometry": {"type": "Point", "coordinates": [-1.837394, 52.478998]}}, {"type": "Feature", "properties": {"id": "store-1955", "name": "Hair & Beauty", "shop": "beauty", "neighbourhood": "Bordesley Green", "opening_hours": "Mo-Sa 08:00-21:00"}, "geometry": {"type": "Point", "coordinates": [-1.836445, 52.483483]}}, {"type": "Feature", "properties": {"id": "store-1956", "name": "Barnardo's", "shop": "charity", "neighbourhood": "Bordesley Green", "opening_hours": "Mo-Su 00:00-24:00"}, "geometry": {"type": "Point", "coordinates": [-1.844072, 52.48322]}}, {"type": "Feature", "properties": {"id": "store-1957", "name": "Greggs", "shop": "bakery", "neighbourhood": "Bordesley Green", "opening_hours": "Mo-Sa 08:00-21:00"}, "geometry": {"type": "Point", "coordinates": [-1.849482, 52.481002]}}, {"type": "Feature", "properties": {"id": "store-1958", "name": "Greggs", "shop": "bakery", "neighbourhood": "Bordesley Green", "opening_hours": "Mo-Fr 09:00-18:00"}, "geometry": {"type": "Point", "coordinates": [-1.844593, 52.475482]}}, {"type": "Feature", "properties": {"id": "store-1959", "name": "Day Lewis", "shop": "pharmacy", "neighbourhood": "Bordesley Green", "opening_hours": "Mo-Fr 09:00-18:00"}, "geometry": {"type": "Point", "coordinates": [-1.840349, 52.479576]}}, {"type": "Feature", "properties": {"id": "store-1960", "name": "Bakers", "shop": "bakery", "neighbourhood": "Bordesley Green", "opening_hours": "Mo-Su 00:00-24:00"}, "geometry": {"type": "Point", "coordinates": [-1.832935, 52.477453]}}, {"type": "Feature", "properties": {"id": "store-1961", "name": "Dreams", "shop": "furniture", "neighbourhood": "Bordesley Green", "opening_hours": "Mo-Sa 08:00-21:00"}, "geometry": {"type": "Point", "coordinates": [-1.839909, 52.477286]}}, {"type": "Feature", "properties": {"id": "store-1962", "name": "Peacocks", "shop": "clothes", "neighbourhood": "Washwood Heath", "opening_hours": "Mo-Su 07:00-22:00"}, "geometry": {"type": "Point", "coordinates": [-1.831299, 52.504588]}}, {"type": "Feature", "properties": {"id": "store-1963", "name": "Martin McColl", "shop": "newsagent", "neighbourhood": "Washwood Heath", "opening_hours": "Mo-Fr 09:00-18:00"}, "geometry": {"type": "Point", "coordinates": [-1.83448, 52.505222]}}, {"type": "Feature", "properties": {"id": "store-1964", "name": "Spar", "shop": "convenience", "neighbourhood": "Washwood Heath", "opening_hours": "Mo-Fr 09:00-18:00"}, "geometry": {"type": "Point", "coordinates": [-1.837416, 52.49674]}}, {"type": "Feature", "properties": {"id": "store-1965", "name": "Costcutter", "shop": "convenience", "neighbourhood": "Washwood Heath", "opening_hours": "Mo-Su 00:00-24:00"}, "geometry": {"type": "Point", "coordinates": [-1.830334, 52.499391]}}, {"type": "Feature", "properties": {"id": "store-1966", "name": "The Range", "shop": "furniture", "neighbourhood": "Washwood Heath", "opening_hours": "Mo-Su 07:00-22:00"}, "geometry": {"type": "Point", "coordinates": [-1.844852, 52.498709]}}, {"type": "Feature", "properties": {"id": "store-1967", "name": "The Butcher", "shop": "butcher", "neighbourhood": "Washwood Heath", "opening_hours": "Mo-Su 00:00-24:00"}, "geometry": {"type": "Point", "coordinates": [-1.838732, 52.495468]}}, {"type": "Feature", "properties": {"id": "store-1968", "name": "Morrisons", "shop": "supermarket", "neighbourhood": "Washwood Heath", "opening_hours": "Mo-Fr 09:00-18:00"}, "geometry": {"type": "Point", "coordinates": [-1.83925, 52.501089]}}, {"type": "Feature", "properties": {"id": "store-1969", "name": "Morrisons", "shop": "supermarket", "neighbourhood": "Washwood Heath", "opening_hours": "Mo-Sa 08:00-21:00"}, "geometry": {"type": "Point", "coordinates": [-1.833427, 52.503162]}}, {"type": "Feature", "properties": {"id": "store-1970", "name": "Co-op", "shop": "convenience", "neighbourhood": "Washwood Heath", "opening_hours": "Mo-Su 00:00-24:00"}, "geometry": {"type": "Point", "coordinates": [-1.839739, 52.496103]}}, {"type": "Feature", "properties": {"id": "store-1971", "name": "Salon", "shop": "beauty", "neighbourhood": "Washwood Heath", "opening_hours": "Mo-Fr 09:00-18:00"}, "geometry": {"type": "Point", "coordinates": [-1.833975, 52.505546]}}, {"type": "Feature", "properties": {"id": "store-1972", "name": "Bonmarch\u00e9", "shop": "clothes", "neighbourhood": "Washwood Heath", "opening_hours": "Mo-Su 07:00-22:00"}, "geometry": {"type": "Point", "coordinates": [-1.825717, 52.49876]}}, {"type": "Feature", "properties": {"id": "store-1973", "name": "iSmash", "shop": "electronics", "neighbourhood": "Washwood Heath", "opening_hours": "Mo-Su 00:00-24:00"}, "geometry": {"type": "Point", "coordinates": [-1.833873, 52.49958]}}, {"type": "Feature", "properties": {"id": "store-1974", "name": "Bonmarch\u00e9", "shop": "clothes", "neighbourhood": "Washwood Heath", "opening_hours": "Mo-Su 00:00-24:00"}, "geometry": {"type": "Point", "coordinates": [-1.826114, 52.499155]}}, {"type": "Feature", "properties": {"id": "store-1975", "name": "McColl's", "shop": "convenience", "neighbourhood": "Washwood Heath", "opening_hours": "Mo-Fr 09:00-18:00"}, "geometry": {"type": "Point", "coordinates": [-1.834913, 52.498633]}}, {"type": "Feature", "properties": {"id": "store-1976", "name": "Londis", "shop": "convenience", "neighbourhood": "Washwood Heath", "opening_hours": "Mo-Su 07:00-22:00"}, "geometry": {"type": "Point", "coordinates": [-1.843292, 52.503603]}}, {"type": "Feature", "properties": {"id": "store-1977", "name": "Tesco Extra", "shop": "supermarket", "neighbourhood": "Washwood Heath", "opening_hours": "Mo-Su 00:00-24:00"}, "geometry": {"type": "Point", "coordinates": [-1.834585, 52.501356]}}, {"type": "Feature", "properties": {"id": "store-1978", "name": "Spar", "shop": "convenience", "neighbourhood": "Washwood Heath", "opening_hours": "Mo-Sa 08:00-21:00"}, "geometry": {"type": "Point", "coordinates": [-1.841744, 52.503457]}}, {"type": "Feature", "properties": {"id": "store-1979", "name": "Oak Furnitureland", "shop": "furniture", "neighbourhood": "Washwood Heath", "opening_hours": "Mo-Su 07:00-22:00"}, "geometry": {"type": "Point", "coordinates": [-1.844213, 52.499079]}}, {"type": "Feature", "properties": {"id": "store-1980", "name": "Co-op", "shop": "convenience", "neighbourhood": "Washwood Heath", "opening_hours": "Mo-Su 07:00-22:00"}, "geometry": {"type": "Point", "coordinates": [-1.838882, 52.505379]}}, {"type": "Feature", "properties": {"id": "store-1981", "name": "Family Shopper", "shop": "convenience", "neighbourhood": "Washwood Heath", "opening_hours": "Mo-Fr 09:00-18:00"}, "geometry": {"type": "Point", "coordinates": [-1.833302, 52.503322]}}, {"type": "Feature", "properties": {"id": "store-1982", "name": "McColl's", "shop": "convenience", "neighbourhood": "Washwood Heath", "opening_hours": "Mo-Su 07:00-22:00"}, "geometry": {"type": "Point", "coordinates": [-1.830758, 52.499675]}}, {"type": "Feature", "properties": {"id": "store-1983", "name": "Robert Dyas", "shop": "hardware", "neighbourhood": "Washwood Heath", "opening_hours": "Mo-Fr 09:00-18:00"}, "geometry": {"type": "Point", "coordinates": [-1.828145, 52.504106]}}, {"type": "Feature", "properties": {"id": "store-1984", "name": "McColl's", "shop": "convenience", "neighbourhood": "Washwood Heath", "opening_hours": "Mo-Fr 09:00-18:00"}, "geometry": {"type": "Point", "coordinates": [-1.841517, 52.497761]}}, {"type": "Feature", "properties": {"id": "store-1985", "name": "Martin McColl", "shop": "newsagent", "neighbourhood": "Washwood Heath", "opening_hours": "Mo-Su 07:00-22:00"}, "geometry": {"type": "Point", "coordinates": [-1.83587, 52.503539]}}, {"type": "Feature", "properties": {"id": "store-1986", "name": "Lidl", "shop": "supermarket", "neighbourhood": "Washwood Heath", "opening_hours": "Mo-Sa 08:00-21:00"}, "geometry": {"type": "Point", "coordinates": [-1.829383, 52.499703]}}, {"type": "Feature", "properties": {"id": "store-1987", "name": "Spar", "shop": "convenience", "neighbourhood": "Washwood Heath", "opening_hours": "Mo-Su 07:00-22:00"}, "geometry": {"type": "Point", "coordinates": [-1.842484, 52.497088]}}, {"type": "Feature", "properties": {"id": "store-1988", "name": "Sainsbury's", "shop": "supermarket", "neighbourhood": "Washwood Heath", "opening_hours": "Mo-Fr 09:00-18:00"}, "geometry": {"type": "Point", "coordinates": [-1.835449, 52.501524]}}, {"type": "Feature", "properties": {"id": "store-1989", "name": "Sainsbury's", "shop": "supermarket", "neighbourhood": "Washwood Heath", "opening_hours": "Mo-Su 00:00-24:00"}, "geometry": {"type": "Point", "coordinates": [-1.839081, 52.501141]}}, {"type": "Feature", "properties": {"id": "store-1990", "name": "EE", "shop": "electronics", "neighbourhood": "Washwood Heath", "opening_hours": "Mo-Su 07:00-22:00"}, "geometry": {"type": "Point", "coordinates": [-1.840772, 52.500232]}}, {"type": "Feature", "properties": {"id": "store-1991", "name": "TK Maxx", "shop": "clothes", "neighbourhood": "Washwood Heath", "opening_hours": "Mo-Sa 08:00-21:00"}, "geometry": {"type": "Point", "coordinates": [-1.837489, 52.502531]}}, {"type": "Feature", "properties": {"id": "store-1992", "name": "Nisa Local", "shop": "convenience", "neighbourhood": "Washwood Heath", "opening_hours": "Mo-Su 00:00-24:00"}, "geometry": {"type": "Point", "coordinates": [-1.839411, 52.500513]}}, {"type": "Feature", "properties": {"id": "store-1993", "name": "Morrisons", "shop": "supermarket", "neighbourhood": "Washwood Heath", "opening_hours": "Mo-Su 07:00-22:00"}, "geometry": {"type": "Point", "coordinates": [-1.837362, 52.504571]}}, {"type": "Feature", "properties": {"id": "store-1994", "name": "Cancer Research UK", "shop": "charity", "neighbourhood": "Washwood Heath", "opening_hours": "Mo-Su 00:00-24:00"}, "geometry": {"type": "Point", "coordinates": [-1.840078, 52.499903]}}, {"type": "Feature", "properties": {"id": "store-1995", "name": "Vodafone", "shop": "electronics", "neighbourhood": "Washwood Heath", "opening_hours": "Mo-Su 07:00-22:00"}, "geometry": {"type": "Point", "coordinates": [-1.833494, 52.505048]}}, {"type": "Feature", "properties": {"id": "store-1996", "name": "EE", "shop": "electronics", "neighbourhood": "Washwood Heath", "opening_hours": "Mo-Fr 09:00-18:00"}, "geometry": {"type": "Point", "coordinates": [-1.836331, 52.501639]}}, {"type": "Feature", "properties": {"id": "store-1997", "name": "Sainsbury's Local", "shop": "supermarket", "neighbourhood": "Washwood Heath", "opening_hours": "Mo-Su 00:00-24:00"}, "geometry": {"type": "Point", "coordinates": [-1.835102, 52.495506]}}, {"type": "Feature", "properties": {"id": "store-1998", "name": "Corner Shop", "shop": "newsagent", "neighbourhood": "Washwood Heath", "opening_hours": "Mo-Sa 08:00-21:00"}, "geometry": {"type": "Point", "coordinates": [-1.830189, 52.50415]}}, {"type": "Feature", "properties": {"id": "store-1999", "name": "The Beauty Room", "shop": "beauty", "neighbourhood": "Washwood Heath", "opening_hours": "Mo-Fr 09:00-18:00"}, "geometry": {"type": "Point", "coordinates": [-1.828676, 52.498908]}}, {"type": "Feature", "properties": {"id": "store-2000", "name": "Sainsbury's", "shop": "supermarket", "neighbourhood": "Washwood Heath", "opening_hours": "Mo-Su 07:00-22:00"}, "geometry": {"type": "Point", "coordinates": [-1.8354, 52.49793]}}, {"type": "Feature", "properties": {"id": "store-2001", "name": "Sainsbury's Local", "shop": "supermarket", "neighbourhood": "Washwood Heath", "opening_hours": "Mo-Sa 08:00-21:00"}, "geometry": {"type": "Point", "coordinates": [-1.832656, 52.500276]}}, {"type": "Feature", "properties": {"id": "store-2002", "name": "Family Shopper", "shop": "convenience", "neighbourhood": "Washwood Heath", "opening_hours": "Mo-Fr 09:00-18:00"}, "geometry": {"type": "Point", "coordinates": [-1.833676, 52.501835]}}, {"type": "Feature", "properties": {"id": "store-2003", "name": "Newsagent", "shop": "newsagent", "neighbourhood": "Washwood Heath", "opening_hours": "Mo-Fr 09:00-18:00"}, "geometry": {"type": "Point", "coordinates": [-1.832929, 52.498438]}}, {"type": "Feature", "properties": {"id": "store-2004", "name": "River Island", "shop": "clothes", "neighbourhood": "Washwood Heath", "opening_hours": "Mo-Su 00:00-24:00"}, "geometry": {"type": "Point", "coordinates": [-1.826171, 52.501536]}}, {"type": "Feature", "properties": {"id": "store-2005", "name": "Rowlands Pharmacy", "shop": "pharmacy", "neighbourhood": "Washwood Heath", "opening_hours": "Mo-Fr 09:00-18:00"}, "geometry": {"type": "Point", "coordinates": [-1.838164, 52.499804]}}, {"type": "Feature", "properties": {"id": "store-2006", "name": "Family Butchers", "shop": "butcher", "neighbourhood": "Washwood Heath", "opening_hours": "Mo-Su 00:00-24:00"}, "geometry": {"type": "Point", "coordinates": [-1.844543, 52.499601]}}, {"type": "Feature", "properties": {"id": "store-2007", "name": "TK Maxx", "shop": "clothes", "neighbourhood": "Washwood Heath", "opening_hours": "Mo-Sa 08:00-21:00"}, "geometry": {"type": "Point", "coordinates": [-1.838843, 52.498925]}}, {"type": "Feature", "properties": {"id": "store-2008", "name": "Currys", "shop": "electronics", "neighbourhood": "Washwood Heath", "opening_hours": "Mo-Sa 08:00-21:00"}, "geometry": {"type": "Point", "coordinates": [-1.836987, 52.505002]}}, {"type": "Feature", "properties": {"id": "store-2009", "name": "Co-op", "shop": "convenience", "neighbourhood": "Washwood Heath", "opening_hours": "Mo-Su 00:00-24:00"}, "geometry": {"type": "Point", "coordinates": [-1.836559, 52.505843]}}, {"type": "Feature", "properties": {"id": "store-2010", "name": "Lloyds Pharmacy", "shop": "pharmacy", "neighbourhood": "Washwood Heath", "opening_hours": "Mo-Fr 09:00-18:00"}, "geometry": {"type": "Point", "coordinates": [-1.836505, 52.504728]}}, {"type": "Feature", "properties": {"id": "store-2011", "name": "Nail Studio", "shop": "beauty", "neighbourhood": "Washwood Heath", "opening_hours": "Mo-Sa 08:00-21:00"}, "geometry": {"type": "Point", "coordinates": [-1.829052, 52.504411]}}, {"type": "Feature", "properties": {"id": "store-2012", "name": "Spar", "shop": "convenience", "neighbourhood": "Washwood Heath", "opening_hours": "Mo-Su 07:00-22:00"}, "geometry": {"type": "Point", "coordinates": [-1.83567, 52.497453]}}, {"type": "Feature", "properties": {"id": "store-2013", "name": "Three", "shop": "electronics", "neighbourhood": "Washwood Heath", "opening_hours": "Mo-Su 00:00-24:00"}, "geometry": {"type": "Point", "coordinates": [-1.82663, 52.49818]}}, {"type": "Feature", "properties": {"id": "store-2014", "name": "Three", "shop": "electronics", "neighbourhood": "Washwood Heath", "opening_hours": "Mo-Su 00:00-24:00"}, "geometry": {"type": "Point", "coordinates": [-1.839463, 52.498356]}}, {"type": "Feature", "properties": {"id": "store-2015", "name": "Wilko", "shop": "hardware", "neighbourhood": "Washwood Heath", "opening_hours": "Mo-Fr 09:00-18:00"}, "geometry": {"type": "Point", "coordinates": [-1.844476, 52.498525]}}, {"type": "Feature", "properties": {"id": "store-2016", "name": "WHSmith", "shop": "newsagent", "neighbourhood": "Washwood Heath", "opening_hours": "Mo-Sa 08:00-21:00"}, "geometry": {"type": "Point", "coordinates": [-1.829418, 52.503966]}}, {"type": "Feature", "properties": {"id": "store-2017", "name": "Family Butchers", "shop": "butcher", "neighbourhood": "Washwood Heath", "opening_hours": "Mo-Su 00:00-24:00"}, "geometry": {"type": "Point", "coordinates": [-1.836283, 52.505783]}}, {"type": "Feature", "properties": {"id": "store-2018", "name": "Corner Shop", "shop": "newsagent", "neighbourhood": "Washwood Heath", "opening_hours": "Mo-Su 00:00-24:00"}, "geometry": {"type": "Point", "coordinates": [-1.83493, 52.496883]}}, {"type": "Feature", "properties": {"id": "store-2019", "name": "Card Factory", "shop": "general", "neighbourhood": "Washwood Heath", "opening_hours": "Mo-Su 07:00-22:00"}, "geometry": {"type": "Point", "coordinates": [-1.832021, 52.500511]}}, {"type": "Feature", "properties": {"id": "store-2020", "name": "The Butcher", "shop": "butcher", "neighbourhood": "Washwood Heath", "opening_hours": "Mo-Sa 08:00-21:00"}, "geometry": {"type": "Point", "coordinates": [-1.837089, 52.505768]}}, {"type": "Feature", "properties": {"id": "store-2021", "name": "Barnardo's", "shop": "charity", "neighbourhood": "Washwood Heath", "opening_hours": "Mo-Fr 09:00-18:00"}, "geometry": {"type": "Point", "coordinates": [-1.826503, 52.499501]}}, {"type": "Feature", "properties": {"id": "store-2022", "name": "Family Shopper", "shop": "convenience", "neighbourhood": "Washwood Heath", "opening_hours": "Mo-Su 00:00-24:00"}, "geometry": {"type": "Point", "coordinates": [-1.836836, 52.50312]}}, {"type": "Feature", "properties": {"id": "store-2023", "name": "Oak Furnitureland", "shop": "furniture", "neighbourhood": "Washwood Heath", "opening_hours": "Mo-Su 00:00-24:00"}, "geometry": {"type": "Point", "coordinates": [-1.838136, 52.501116]}}, {"type": "Feature", "properties": {"id": "store-2024", "name": "Rowlands Pharmacy", "shop": "pharmacy", "neighbourhood": "Washwood Heath", "opening_hours": "Mo-Sa 08:00-21:00"}, "geometry": {"type": "Point", "coordinates": [-1.825096, 52.498516]}}, {"type": "Feature", "properties": {"id": "store-2025", "name": "Poundworld", "shop": "general", "neighbourhood": "Washwood Heath", "opening_hours": "Mo-Su 00:00-24:00"}, "geometry": {"type": "Point", "coordinates": [-1.834157, 52.49761]}}, {"type": "Feature", "properties": {"id": "store-2026", "name": "McColl's", "shop": "convenience", "neighbourhood": "Washwood Heath", "opening_hours": "Mo-Su 07:00-22:00"}, "geometry": {"type": "Point", "coordinates": [-1.834782, 52.498402]}}, {"type": "Feature", "properties": {"id": "store-2027", "name": "Boots", "shop": "pharmacy", "neighbourhood": "Ladywood", "opening_hours": "Mo-Fr 09:00-18:00"}, "geometry": {"type": "Point", "coordinates": [-1.912774, 52.480867]}}, {"type": "Feature", "properties": {"id": "store-2028", "name": "Tesco Express", "shop": "supermarket", "neighbourhood": "Ladywood", "opening_hours": "Mo-Su 00:00-24:00"}, "geometry": {"type": "Point", "coordinates": [-1.90351, 52.477042]}}, {"type": "Feature", "properties": {"id": "store-2029", "name": "Peak Pharmacy", "shop": "pharmacy", "neighbourhood": "Ladywood", "opening_hours": "Mo-Sa 08:00-21:00"}, "geometry": {"type": "Point", "coordinates": [-1.91543, 52.483465]}}, {"type": "Feature", "properties": {"id": "store-2030", "name": "One Stop", "shop": "convenience", "neighbourhood": "Ladywood", "opening_hours": "Mo-Fr 09:00-18:00"}, "geometry": {"type": "Point", "coordinates": [-1.912151, 52.484373]}}, {"type": "Feature", "properties": {"id": "store-2031", "name": "McColl's", "shop": "convenience", "neighbourhood": "Ladywood", "opening_hours": "Mo-Su 00:00-24:00"}, "geometry": {"type": "Point", "coordinates": [-1.911287, 52.478679]}}, {"type": "Feature", "properties": {"id": "store-2032", "name": "Matalan", "shop": "clothes", "neighbourhood": "Ladywood", "opening_hours": "Mo-Su 07:00-22:00"}, "geometry": {"type": "Point", "coordinates": [-1.90269, 52.480036]}}, {"type": "Feature", "properties": {"id": "store-2033", "name": "Hair & Beauty", "shop": "beauty", "neighbourhood": "Ladywood", "opening_hours": "Mo-Fr 09:00-18:00"}, "geometry": {"type": "Point", "coordinates": [-1.915301, 52.484058]}}, {"type": "Feature", "properties": {"id": "store-2034", "name": "Hair & Beauty", "shop": "beauty", "neighbourhood": "Ladywood", "opening_hours": "Mo-Su 00:00-24:00"}, "geometry": {"type": "Point", "coordinates": [-1.914546, 52.478674]}}, {"type": "Feature", "properties": {"id": "store-2035", "name": "Spar", "shop": "convenience", "neighbourhood": "Ladywood", "opening_hours": "Mo-Su 00:00-24:00"}, "geometry": {"type": "Point", "coordinates": [-1.905025, 52.482648]}}, {"type": "Feature", "properties": {"id": "store-2036", "name": "Beauty Bar", "shop": "beauty", "neighbourhood": "Ladywood", "opening_hours": "Mo-Fr 09:00-18:00"}, "geometry": {"type": "Point", "coordinates": [-1.912861, 52.476086]}}, {"type": "Feature", "properties": {"id": "store-2037", "name": "Post Office", "shop": "newsagent", "neighbourhood": "Ladywood", "opening_hours": "Mo-Su 00:00-24:00"}, "geometry": {"type": "Point", "coordinates": [-1.906345, 52.48323]}}, {"type": "Feature", "properties": {"id": "store-2038", "name": "iSmash", "shop": "electronics", "neighbourhood": "Ladywood", "opening_hours": "Mo-Fr 09:00-18:00"}, "geometry": {"type": "Point", "coordinates": [-1.908854, 52.476535]}}, {"type": "Feature", "properties": {"id": "store-2039", "name": "Card Factory", "shop": "general", "neighbourhood": "Ladywood", "opening_hours": "Mo-Su 07:00-22:00"}, "geometry": {"type": "Point", "coordinates": [-1.908852, 52.48398]}}, {"type": "Feature", "properties": {"id": "store-2040", "name": "One Stop", "shop": "convenience", "neighbourhood": "Ladywood", "opening_hours": "Mo-Su 00:00-24:00"}, "geometry": {"type": "Point", "coordinates": [-1.916957, 52.480156]}}, {"type": "Feature", "properties": {"id": "store-2041", "name": "Nail Studio", "shop": "beauty", "neighbourhood": "Ladywood", "opening_hours": "Mo-Su 07:00-22:00"}, "geometry": {"type": "Point", "coordinates": [-1.905309, 52.482777]}}, {"type": "Feature", "properties": {"id": "store-2042", "name": "Primark", "shop": "clothes", "neighbourhood": "Ladywood", "opening_hours": "Mo-Fr 09:00-18:00"}, "geometry": {"type": "Point", "coordinates": [-1.915558, 52.480114]}}, {"type": "Feature", "properties": {"id": "store-2043", "name": "Currys", "shop": "electronics", "neighbourhood": "Ladywood", "opening_hours": "Mo-Su 07:00-22:00"}, "geometry": {"type": "Point", "coordinates": [-1.917766, 52.481787]}}, {"type": "Feature", "properties": {"id": "store-2044", "name": "Greggs", "shop": "bakery", "neighbourhood": "Ladywood", "opening_hours": "Mo-Su 07:00-22:00"}, "geometry": {"type": "Point", "coordinates": [-1.907276, 52.484636]}}, {"type": "Feature", "properties": {"id": "store-2045", "name": "WHSmith", "shop": "newsagent", "neighbourhood": "Ladywood", "opening_hours": "Mo-Su 07:00-22:00"}, "geometry": {"type": "Point", "coordinates": [-1.916004, 52.481775]}}, {"type": "Feature", "properties": {"id": "store-2046", "name": "WHSmith", "shop": "newsagent", "neighbourhood": "Ladywood", "opening_hours": "Mo-Sa 08:00-21:00"}, "geometry": {"type": "Point", "coordinates": [-1.917276, 52.479734]}}, {"type": "Feature", "properties": {"id": "store-2047", "name": "Poundworld", "shop": "general", "neighbourhood": "Ladywood", "opening_hours": "Mo-Sa 08:00-21:00"}, "geometry": {"type": "Point", "coordinates": [-1.910679, 52.475969]}}, {"type": "Feature", "properties": {"id": "store-2048", "name": "Bargain Booze", "shop": "convenience", "neighbourhood": "Ladywood", "opening_hours": "Mo-Su 00:00-24:00"}, "geometry": {"type": "Point", "coordinates": [-1.914349, 52.483417]}}, {"type": "Feature", "properties": {"id": "store-2049", "name": "Oak Furnitureland", "shop": "furniture", "neighbourhood": "Ladywood", "opening_hours": "Mo-Sa 08:00-21:00"}, "geometry": {"type": "Point", "coordinates": [-1.918428, 52.478992]}}, {"type": "Feature", "properties": {"id": "store-2050", "name": "Greggs", "shop": "bakery", "neighbourhood": "Ladywood", "opening_hours": "Mo-Su 07:00-22:00"}, "geometry": {"type": "Point", "coordinates": [-1.909965, 52.480024]}}, {"type": "Feature", "properties": {"id": "store-2051", "name": "Lidl", "shop": "supermarket", "neighbourhood": "Ladywood", "opening_hours": "Mo-Fr 09:00-18:00"}, "geometry": {"type": "Point", "coordinates": [-1.907144, 52.480031]}}, {"type": "Feature", "properties": {"id": "store-2052", "name": "McColl's", "shop": "convenience", "neighbourhood": "Ladywood", "opening_hours": "Mo-Sa 08:00-21:00"}, "geometry": {"type": "Point", "coordinates": [-1.904585, 52.475977]}}, {"type": "Feature", "properties": {"id": "store-2053", "name": "The Beauty Room", "shop": "beauty", "neighbourhood": "Ladywood", "opening_hours": "Mo-Fr 09:00-18:00"}, "geometry": {"type": "Point", "coordinates": [-1.917362, 52.482119]}}, {"type": "Feature", "properties": {"id": "store-2054", "name": "Currys", "shop": "electronics", "neighbourhood": "Ladywood", "opening_hours": "Mo-Sa 08:00-21:00"}, "geometry": {"type": "Point", "coordinates": [-1.915391, 52.482693]}}, {"type": "Feature", "properties": {"id": "store-2055", "name": "Costcutter", "shop": "convenience", "neighbourhood": "Ladywood", "opening_hours": "Mo-Sa 08:00-21:00"}, "geometry": {"type": "Point", "coordinates": [-1.904048, 52.482935]}}, {"type": "Feature", "properties": {"id": "store-2056", "name": "The Butcher", "shop": "butcher", "neighbourhood": "Ladywood", "opening_hours": "Mo-Su 00:00-24:00"}, "geometry": {"type": "Point", "coordinates": [-1.909287, 52.477122]}}, {"type": "Feature", "properties": {"id": "store-2057", "name": "WHSmith", "shop": "newsagent", "neighbourhood": "Ladywood", "opening_hours": "Mo-Fr 09:00-18:00"}, "geometry": {"type": "Point", "coordinates": [-1.914825, 52.478329]}}, {"type": "Feature", "properties": {"id": "store-2058", "name": "Morrisons", "shop": "supermarket", "neighbourhood": "Ladywood", "opening_hours": "Mo-Su 07:00-22:00"}, "geometry": {"type": "Point", "coordinates": [-1.907115, 52.476946]}}, {"type": "Feature", "properties": {"id": "store-2059", "name": "Bargain Booze", "shop": "convenience", "neighbourhood": "Ladywood", "opening_hours": "Mo-Fr 09:00-18:00"}, "geometry": {"type": "Point", "coordinates": [-1.910366, 52.479478]}}, {"type": "Feature", "properties": {"id": "store-2060", "name": "WHSmith", "shop": "general", "neighbourhood": "Ladywood", "opening_hours": "Mo-Fr 09:00-18:00"}, "geometry": {"type": "Point", "coordinates": [-1.907763, 52.484964]}}, {"type": "Feature", "properties": {"id": "store-2061", "name": "Bonmarch\u00e9", "shop": "clothes", "neighbourhood": "Ladywood", "opening_hours": "Mo-Sa 08:00-21:00"}, "geometry": {"type": "Point", "coordinates": [-1.901331, 52.479099]}}, {"type": "Feature", "properties": {"id": "store-2062", "name": "H&M", "shop": "clothes", "neighbourhood": "Ladywood", "opening_hours": "Mo-Sa 08:00-21:00"}, "geometry": {"type": "Point", "coordinates": [-1.903934, 52.477357]}}, {"type": "Feature", "properties": {"id": "store-2063", "name": "Newsagent", "shop": "newsagent", "neighbourhood": "Ladywood", "opening_hours": "Mo-Fr 09:00-18:00"}, "geometry": {"type": "Point", "coordinates": [-1.914371, 52.478213]}}, {"type": "Feature", "properties": {"id": "store-2064", "name": "Bargain Booze", "shop": "convenience", "neighbourhood": "Ladywood", "opening_hours": "Mo-Su 00:00-24:00"}, "geometry": {"type": "Point", "coordinates": [-1.917684, 52.47896]}}, {"type": "Feature", "properties": {"id": "store-2065", "name": "Salvation Army", "shop": "charity", "neighbourhood": "Ladywood", "opening_hours": "Mo-Fr 09:00-18:00"}, "geometry": {"type": "Point", "coordinates": [-1.911072, 52.481252]}}, {"type": "Feature", "properties": {"id": "store-2066", "name": "Costcutter", "shop": "convenience", "neighbourhood": "Ladywood", "opening_hours": "Mo-Su 00:00-24:00"}, "geometry": {"type": "Point", "coordinates": [-1.91161, 52.484091]}}, {"type": "Feature", "properties": {"id": "store-2067", "name": "Bargain Buys", "shop": "general", "neighbourhood": "Ladywood", "opening_hours": "Mo-Fr 09:00-18:00"}, "geometry": {"type": "Point", "coordinates": [-1.906329, 52.482115]}}, {"type": "Feature", "properties": {"id": "store-2068", "name": "Martin McColl", "shop": "newsagent", "neighbourhood": "Ladywood", "opening_hours": "Mo-Su 07:00-22:00"}, "geometry": {"type": "Point", "coordinates": [-1.909372, 52.480846]}}, {"type": "Feature", "properties": {"id": "store-2069", "name": "Fresh Meat", "shop": "butcher", "neighbourhood": "Ladywood", "opening_hours": "Mo-Sa 08:00-21:00"}, "geometry": {"type": "Point", "coordinates": [-1.915404, 52.478061]}}, {"type": "Feature", "properties": {"id": "store-2070", "name": "Martin McColl", "shop": "newsagent", "neighbourhood": "Ladywood", "opening_hours": "Mo-Su 07:00-22:00"}, "geometry": {"type": "Point", "coordinates": [-1.910934, 52.484827]}}, {"type": "Feature", "properties": {"id": "store-2071", "name": "Barnardo's", "shop": "charity", "neighbourhood": "Ladywood", "opening_hours": "Mo-Su 07:00-22:00"}, "geometry": {"type": "Point", "coordinates": [-1.91218, 52.481822]}}, {"type": "Feature", "properties": {"id": "store-2072", "name": "Waitrose", "shop": "supermarket", "neighbourhood": "Ladywood", "opening_hours": "Mo-Su 07:00-22:00"}, "geometry": {"type": "Point", "coordinates": [-1.908315, 52.482503]}}, {"type": "Feature", "properties": {"id": "store-2073", "name": "Greggs", "shop": "bakery", "neighbourhood": "Ladywood", "opening_hours": "Mo-Sa 08:00-21:00"}, "geometry": {"type": "Point", "coordinates": [-1.90805, 52.476914]}}, {"type": "Feature", "properties": {"id": "store-2074", "name": "Select", "shop": "clothes", "neighbourhood": "Ladywood", "opening_hours": "Mo-Sa 08:00-21:00"}, "geometry": {"type": "Point", "coordinates": [-1.90331, 52.478046]}}, {"type": "Feature", "properties": {"id": "store-2075", "name": "Family Butchers", "shop": "butcher", "neighbourhood": "Ladywood", "opening_hours": "Mo-Sa 08:00-21:00"}, "geometry": {"type": "Point", "coordinates": [-1.904139, 52.481267]}}, {"type": "Feature", "properties": {"id": "store-2076", "name": "Peak Pharmacy", "shop": "pharmacy", "neighbourhood": "Ladywood", "opening_hours": "Mo-Sa 08:00-21:00"}, "geometry": {"type": "Point", "coordinates": [-1.91584, 52.479825]}}, {"type": "Feature", "properties": {"id": "store-2077", "name": "Pound Bakery", "shop": "general", "neighbourhood": "Ladywood", "opening_hours": "Mo-Sa 08:00-21:00"}, "geometry": {"type": "Point", "coordinates": [-1.909289, 52.480722]}}, {"type": "Feature", "properties": {"id": "store-2078", "name": "Iceland", "shop": "supermarket", "neighbourhood": "Ladywood", "opening_hours": "Mo-Fr 09:00-18:00"}, "geometry": {"type": "Point", "coordinates": [-1.90931, 52.481983]}}, {"type": "Feature", "properties": {"id": "store-2079", "name": "Bonmarch\u00e9", "shop": "clothes", "neighbourhood": "Ladywood", "opening_hours": "Mo-Fr 09:00-18:00"}, "geometry": {"type": "Point", "coordinates": [-1.913433, 52.47543]}}, {"type": "Feature", "properties": {"id": "store-2080", "name": "Sue Ryder", "shop": "charity", "neighbourhood": "Ladywood", "opening_hours": "Mo-Su 00:00-24:00"}, "geometry": {"type": "Point", "coordinates": [-1.90624, 52.480904]}}, {"type": "Feature", "properties": {"id": "store-2081", "name": "Spar", "shop": "convenience", "neighbourhood": "Ladywood", "opening_hours": "Mo-Fr 09:00-18:00"}, "geometry": {"type": "Point", "coordinates": [-1.914495, 52.477028]}}, {"type": "Feature", "properties": {"id": "store-2082", "name": "Tesco Extra", "shop": "supermarket", "neighbourhood": "Ladywood", "opening_hours": "Mo-Sa 08:00-21:00"}, "geometry": {"type": "Point", "coordinates": [-1.907606, 52.477023]}}, {"type": "Feature", "properties": {"id": "store-2083", "name": "Sainsbury's", "shop": "supermarket", "neighbourhood": "Ladywood", "opening_hours": "Mo-Su 07:00-22:00"}, "geometry": {"type": "Point", "coordinates": [-1.914747, 52.480597]}}, {"type": "Feature", "properties": {"id": "store-2084", "name": "Premier", "shop": "convenience", "neighbourhood": "Ladywood", "opening_hours": "Mo-Su 00:00-24:00"}, "geometry": {"type": "Point", "coordinates": [-1.91304, 52.477502]}}, {"type": "Feature", "properties": {"id": "store-2085", "name": "Cancer Research UK", "shop": "charity", "neighbourhood": "Ladywood", "opening_hours": "Mo-Su 00:00-24:00"}, "geometry": {"type": "Point", "coordinates": [-1.906626, 52.477503]}}, {"type": "Feature", "properties": {"id": "store-2086", "name": "Scope", "shop": "charity", "neighbourhood": "Ladywood", "opening_hours": "Mo-Fr 09:00-18:00"}, "geometry": {"type": "Point", "coordinates": [-1.906952, 52.483656]}}, {"type": "Feature", "properties": {"id": "store-2087", "name": "Salvation Army", "shop": "charity", "neighbourhood": "Ladywood", "opening_hours": "Mo-Su 00:00-24:00"}, "geometry": {"type": "Point", "coordinates": [-1.914448, 52.477065]}}, {"type": "Feature", "properties": {"id": "store-2088", "name": "O2", "shop": "electronics", "neighbourhood": "Ladywood", "opening_hours": "Mo-Su 00:00-24:00"}, "geometry": {"type": "Point", "coordinates": [-1.911309, 52.479445]}}, {"type": "Feature", "properties": {"id": "store-2089", "name": "Londis", "shop": "convenience", "neighbourhood": "Ladywood", "opening_hours": "Mo-Su 07:00-22:00"}, "geometry": {"type": "Point", "coordinates": [-1.911399, 52.481005]}}, {"type": "Feature", "properties": {"id": "store-2090", "name": "Poundland", "shop": "general", "neighbourhood": "Ladywood", "opening_hours": "Mo-Su 00:00-24:00"}, "geometry": {"type": "Point", "coordinates": [-1.907613, 52.480132]}}, {"type": "Feature", "properties": {"id": "store-2091", "name": "The Beauty Room", "shop": "beauty", "neighbourhood": "Ladywood", "opening_hours": "Mo-Su 07:00-22:00"}, "geometry": {"type": "Point", "coordinates": [-1.911027, 52.485231]}}, {"type": "Feature", "properties": {"id": "store-2092", "name": "Co-op", "shop": "convenience", "neighbourhood": "Ladywood", "opening_hours": "Mo-Su 07:00-22:00"}, "geometry": {"type": "Point", "coordinates": [-1.913988, 52.482844]}}, {"type": "Feature", "properties": {"id": "store-2093", "name": "The Butcher", "shop": "butcher", "neighbourhood": "Ladywood", "opening_hours": "Mo-Fr 09:00-18:00"}, "geometry": {"type": "Point", "coordinates": [-1.908597, 52.483755]}}, {"type": "Feature", "properties": {"id": "store-2094", "name": "Poundland", "shop": "general", "neighbourhood": "Ladywood", "opening_hours": "Mo-Su 07:00-22:00"}, "geometry": {"type": "Point", "coordinates": [-1.902275, 52.478359]}}, {"type": "Feature", "properties": {"id": "store-2095", "name": "Family Shopper", "shop": "convenience", "neighbourhood": "Ladywood", "opening_hours": "Mo-Fr 09:00-18:00"}, "geometry": {"type": "Point", "coordinates": [-1.908706, 52.484714]}}, {"type": "Feature", "properties": {"id": "store-2096", "name": "Iceland", "shop": "supermarket", "neighbourhood": "Lozells", "opening_hours": "Mo-Fr 09:00-18:00"}, "geometry": {"type": "Point", "coordinates": [-1.905484, 52.499746]}}, {"type": "Feature", "properties": {"id": "store-2097", "name": "EE", "shop": "electronics", "neighbourhood": "Lozells", "opening_hours": "Mo-Su 07:00-22:00"}, "geometry": {"type": "Point", "coordinates": [-1.904568, 52.499007]}}, {"type": "Feature", "properties": {"id": "store-2098", "name": "Bargain Buys", "shop": "general", "neighbourhood": "Lozells", "opening_hours": "Mo-Su 00:00-24:00"}, "geometry": {"type": "Point", "coordinates": [-1.897336, 52.496054]}}, {"type": "Feature", "properties": {"id": "store-2099", "name": "Sainsbury's", "shop": "supermarket", "neighbourhood": "Lozells", "opening_hours": "Mo-Su 07:00-22:00"}, "geometry": {"type": "Point", "coordinates": [-1.895414, 52.501032]}}, {"type": "Feature", "properties": {"id": "store-2100", "name": "Post Office", "shop": "newsagent", "neighbourhood": "Lozells", "opening_hours": "Mo-Su 07:00-22:00"}, "geometry": {"type": "Point", "coordinates": [-1.901864, 52.498178]}}, {"type": "Feature", "properties": {"id": "store-2101", "name": "WHSmith", "shop": "newsagent", "neighbourhood": "Lozells", "opening_hours": "Mo-Su 07:00-22:00"}, "geometry": {"type": "Point", "coordinates": [-1.900051, 52.500549]}}, {"type": "Feature", "properties": {"id": "store-2102", "name": "Londis", "shop": "convenience", "neighbourhood": "Lozells", "opening_hours": "Mo-Su 00:00-24:00"}, "geometry": {"type": "Point", "coordinates": [-1.898292, 52.502796]}}, {"type": "Feature", "properties": {"id": "store-2103", "name": "Poundworld", "shop": "general", "neighbourhood": "Lozells", "opening_hours": "Mo-Fr 09:00-18:00"}, "geometry": {"type": "Point", "coordinates": [-1.904189, 52.4966]}}, {"type": "Feature", "properties": {"id": "store-2104", "name": "Sainsbury's Local", "shop": "supermarket", "neighbourhood": "Lozells", "opening_hours": "Mo-Sa 08:00-21:00"}, "geometry": {"type": "Point", "coordinates": [-1.899655, 52.498438]}}, {"type": "Feature", "properties": {"id": "store-2105", "name": "New Look", "shop": "clothes", "neighbourhood": "Lozells", "opening_hours": "Mo-Fr 09:00-18:00"}, "geometry": {"type": "Point", "coordinates": [-1.899798, 52.49614]}}, {"type": "Feature", "properties": {"id": "store-2106", "name": "Toolstation", "shop": "hardware", "neighbourhood": "Lozells", "opening_hours": "Mo-Sa 08:00-21:00"}, "geometry": {"type": "Point", "coordinates": [-1.906988, 52.498997]}}, {"type": "Feature", "properties": {"id": "store-2107", "name": "Post Office", "shop": "newsagent", "neighbourhood": "Lozells", "opening_hours": "Mo-Su 07:00-22:00"}, "geometry": {"type": "Point", "coordinates": [-1.900642, 52.497703]}}, {"type": "Feature", "properties": {"id": "store-2108", "name": "Post Office", "shop": "newsagent", "neighbourhood": "Lozells", "opening_hours": "Mo-Fr 09:00-18:00"}, "geometry": {"type": "Point", "coordinates": [-1.897663, 52.504031]}}, {"type": "Feature", "properties": {"id": "store-2109", "name": "Costcutter", "shop": "convenience", "neighbourhood": "Lozells", "opening_hours": "Mo-Sa 08:00-21:00"}, "geometry": {"type": "Point", "coordinates": [-1.89672, 52.499622]}}, {"type": "Feature", "properties": {"id": "store-2110", "name": "Nisa Local", "shop": "convenience", "neighbourhood": "Lozells", "opening_hours": "Mo-Su 07:00-22:00"}, "geometry": {"type": "Point", "coordinates": [-1.894822, 52.498867]}}, {"type": "Feature", "properties": {"id": "store-2111", "name": "Greggs", "shop": "bakery", "neighbourhood": "Lozells", "opening_hours": "Mo-Su 07:00-22:00"}, "geometry": {"type": "Point", "coordinates": [-1.900856, 52.503728]}}, {"type": "Feature", "properties": {"id": "store-2112", "name": "Family Shopper", "shop": "convenience", "neighbourhood": "Lozells", "opening_hours": "Mo-Fr 09:00-18:00"}, "geometry": {"type": "Point", "coordinates": [-1.899098, 52.504083]}}, {"type": "Feature", "properties": {"id": "store-2113", "name": "Farmfoods", "shop": "supermarket", "neighbourhood": "Lozells", "opening_hours": "Mo-Fr 09:00-18:00"}, "geometry": {"type": "Point", "coordinates": [-1.893092, 52.498622]}}, {"type": "Feature", "properties": {"id": "store-2114", "name": "Primark", "shop": "clothes", "neighbourhood": "Lozells", "opening_hours": "Mo-Sa 08:00-21:00"}, "geometry": {"type": "Point", "coordinates": [-1.8998, 52.495818]}}, {"type": "Feature", "properties": {"id": "store-2115", "name": "Currys", "shop": "electronics", "neighbourhood": "Lozells", "opening_hours": "Mo-Su 00:00-24:00"}, "geometry": {"type": "Point", "coordinates": [-1.896944, 52.500531]}}, {"type": "Feature", "properties": {"id": "store-2116", "name": "Bargain Buys", "shop": "general", "neighbourhood": "Lozells", "opening_hours": "Mo-Su 00:00-24:00"}, "geometry": {"type": "Point", "coordinates": [-1.898737, 52.503859]}}, {"type": "Feature", "properties": {"id": "store-2117", "name": "Toolstation", "shop": "hardware", "neighbourhood": "Lozells", "opening_hours": "Mo-Fr 09:00-18:00"}, "geometry": {"type": "Point", "coordinates": [-1.905286, 52.50128]}}, {"type": "Feature", "properties": {"id": "store-2118", "name": "Poundland", "shop": "general", "neighbourhood": "Lozells", "opening_hours": "Mo-Su 07:00-22:00"}, "geometry": {"type": "Point", "coordinates": [-1.90489, 52.502649]}}, {"type": "Feature", "properties": {"id": "store-2119", "name": "B&M", "shop": "general", "neighbourhood": "Lozells", "opening_hours": "Mo-Fr 09:00-18:00"}, "geometry": {"type": "Point", "coordinates": [-1.902373, 52.495848]}}, {"type": "Feature", "properties": {"id": "store-2120", "name": "Toolstation", "shop": "hardware", "neighbourhood": "Lozells", "opening_hours": "Mo-Sa 08:00-21:00"}, "geometry": {"type": "Point", "coordinates": [-1.89711, 52.496609]}}, {"type": "Feature", "properties": {"id": "store-2121", "name": "Home Bargains", "shop": "general", "neighbourhood": "Lozells", "opening_hours": "Mo-Sa 08:00-21:00"}, "geometry": {"type": "Point", "coordinates": [-1.901249, 52.502984]}}, {"type": "Feature", "properties": {"id": "store-2122", "name": "Fresh Meat", "shop": "butcher", "neighbourhood": "Lozells", "opening_hours": "Mo-Su 07:00-22:00"}, "geometry": {"type": "Point", "coordinates": [-1.902148, 52.501996]}}, {"type": "Feature", "properties": {"id": "store-2123", "name": "Family Shopper", "shop": "convenience", "neighbourhood": "Lozells", "opening_hours": "Mo-Fr 09:00-18:00"}, "geometry": {"type": "Point", "coordinates": [-1.900049, 52.503956]}}, {"type": "Feature", "properties": {"id": "store-2124", "name": "Premier", "shop": "convenience", "neighbourhood": "Lozells", "opening_hours": "Mo-Su 07:00-22:00"}, "geometry": {"type": "Point", "coordinates": [-1.899069, 52.50229]}}, {"type": "Feature", "properties": {"id": "store-2125", "name": "River Island", "shop": "clothes", "neighbourhood": "Lozells", "opening_hours": "Mo-Sa 08:00-21:00"}, "geometry": {"type": "Point", "coordinates": [-1.896072, 52.502412]}}, {"type": "Feature", "properties": {"id": "store-2126", "name": "Tesco", "shop": "supermarket", "neighbourhood": "Lozells", "opening_hours": "Mo-Su 00:00-24:00"}, "geometry": {"type": "Point", "coordinates": [-1.899664, 52.499445]}}, {"type": "Feature", "properties": {"id": "store-2127", "name": "Co-op", "shop": "convenience", "neighbourhood": "Lozells", "opening_hours": "Mo-Su 07:00-22:00"}, "geometry": {"type": "Point", "coordinates": [-1.899157, 52.495893]}}, {"type": "Feature", "properties": {"id": "store-2128", "name": "Spar", "shop": "convenience", "neighbourhood": "Lozells", "opening_hours": "Mo-Fr 09:00-18:00"}, "geometry": {"type": "Point", "coordinates": [-1.894299, 52.499418]}}, {"type": "Feature", "properties": {"id": "store-2129", "name": "McColl's", "shop": "convenience", "neighbourhood": "Lozells", "opening_hours": "Mo-Sa 08:00-21:00"}, "geometry": {"type": "Point", "coordinates": [-1.894144, 52.501683]}}, {"type": "Feature", "properties": {"id": "store-2130", "name": "Oxfam", "shop": "charity", "neighbourhood": "Lozells", "opening_hours": "Mo-Sa 08:00-21:00"}, "geometry": {"type": "Point", "coordinates": [-1.89694, 52.500266]}}, {"type": "Feature", "properties": {"id": "store-2131", "name": "The Butcher", "shop": "butcher", "neighbourhood": "Lozells", "opening_hours": "Mo-Su 00:00-24:00"}, "geometry": {"type": "Point", "coordinates": [-1.899044, 52.500665]}}, {"type": "Feature", "properties": {"id": "store-2132", "name": "Waitrose", "shop": "supermarket", "neighbourhood": "Lozells", "opening_hours": "Mo-Su 00:00-24:00"}, "geometry": {"type": "Point", "coordinates": [-1.898367, 52.503683]}}, {"type": "Feature", "properties": {"id": "store-2133", "name": "Sue Ryder", "shop": "charity", "neighbourhood": "Lozells", "opening_hours": "Mo-Su 07:00-22:00"}, "geometry": {"type": "Point", "coordinates": [-1.900145, 52.500565]}}, {"type": "Feature", "properties": {"id": "store-2134", "name": "Morrisons", "shop": "supermarket", "neighbourhood": "Lozells", "opening_hours": "Mo-Su 07:00-22:00"}, "geometry": {"type": "Point", "coordinates": [-1.902585, 52.497851]}}, {"type": "Feature", "properties": {"id": "store-2135", "name": "Peacocks", "shop": "clothes", "neighbourhood": "Lozells", "opening_hours": "Mo-Fr 09:00-18:00"}, "geometry": {"type": "Point", "coordinates": [-1.90025, 52.497812]}}, {"type": "Feature", "properties": {"id": "store-2136", "name": "Co-op", "shop": "convenience", "neighbourhood": "Lozells", "opening_hours": "Mo-Su 00:00-24:00"}, "geometry": {"type": "Point", "coordinates": [-1.897904, 52.502651]}}, {"type": "Feature", "properties": {"id": "store-2137", "name": "Bargain Buys", "shop": "general", "neighbourhood": "Lozells", "opening_hours": "Mo-Fr 09:00-18:00"}, "geometry": {"type": "Point", "coordinates": [-1.902765, 52.497884]}}, {"type": "Feature", "properties": {"id": "store-2138", "name": "ASDA", "shop": "supermarket", "neighbourhood": "Lozells", "opening_hours": "Mo-Su 07:00-22:00"}, "geometry": {"type": "Point", "coordinates": [-1.901419, 52.502285]}}, {"type": "Feature", "properties": {"id": "store-2139", "name": "Salon", "shop": "beauty", "neighbourhood": "Lozells", "opening_hours": "Mo-Sa 08:00-21:00"}, "geometry": {"type": "Point", "coordinates": [-1.897228, 52.499557]}}, {"type": "Feature", "properties": {"id": "store-2140", "name": "Wilko", "shop": "hardware", "neighbourhood": "Lozells", "opening_hours": "Mo-Su 00:00-24:00"}, "geometry": {"type": "Point", "coordinates": [-1.904941, 52.501148]}}, {"type": "Feature", "properties": {"id": "store-2141", "name": "Hair & Beauty", "shop": "beauty", "neighbourhood": "Lozells", "opening_hours": "Mo-Fr 09:00-18:00"}, "geometry": {"type": "Point", "coordinates": [-1.901678, 52.502577]}}, {"type": "Feature", "properties": {"id": "store-2142", "name": "Home Bargains", "shop": "general", "neighbourhood": "Lozells", "opening_hours": "Mo-Fr 09:00-18:00"}, "geometry": {"type": "Point", "coordinates": [-1.905943, 52.500287]}}, {"type": "Feature", "properties": {"id": "store-2143", "name": "Oxfam", "shop": "charity", "neighbourhood": "Lozells", "opening_hours": "Mo-Fr 09:00-18:00"}, "geometry": {"type": "Point", "coordinates": [-1.900625, 52.498478]}}, {"type": "Feature", "properties": {"id": "store-2144", "name": "One Stop", "shop": "convenience", "neighbourhood": "Lozells", "opening_hours": "Mo-Su 00:00-24:00"}, "geometry": {"type": "Point", "coordinates": [-1.904492, 52.498245]}}, {"type": "Feature", "properties": {"id": "store-2145", "name": "SCS", "shop": "furniture", "neighbourhood": "Lozells", "opening_hours": "Mo-Sa 08:00-21:00"}, "geometry": {"type": "Point", "coordinates": [-1.902249, 52.50219]}}, {"type": "Feature", "properties": {"id": "store-2146", "name": "Sainsbury's", "shop": "supermarket", "neighbourhood": "Lozells", "opening_hours": "Mo-Fr 09:00-18:00"}, "geometry": {"type": "Point", "coordinates": [-1.898246, 52.496253]}}, {"type": "Feature", "properties": {"id": "store-2147", "name": "Peacocks", "shop": "clothes", "neighbourhood": "Lozells", "opening_hours": "Mo-Su 07:00-22:00"}, "geometry": {"type": "Point", "coordinates": [-1.906902, 52.499544]}}, {"type": "Feature", "properties": {"id": "store-2148", "name": "Greggs", "shop": "bakery", "neighbourhood": "Lozells", "opening_hours": "Mo-Fr 09:00-18:00"}, "geometry": {"type": "Point", "coordinates": [-1.903056, 52.50313]}}, {"type": "Feature", "properties": {"id": "store-2149", "name": "Home Bargains", "shop": "general", "neighbourhood": "Lozells", "opening_hours": "Mo-Fr 09:00-18:00"}, "geometry": {"type": "Point", "coordinates": [-1.893322, 52.50052]}}, {"type": "Feature", "properties": {"id": "store-2150", "name": "Breadshop", "shop": "bakery", "neighbourhood": "Lozells", "opening_hours": "Mo-Su 00:00-24:00"}, "geometry": {"type": "Point", "coordinates": [-1.905365, 52.498313]}}, {"type": "Feature", "properties": {"id": "store-2151", "name": "Bonmarch\u00e9", "shop": "clothes", "neighbourhood": "Lozells", "opening_hours": "Mo-Sa 08:00-21:00"}, "geometry": {"type": "Point", "coordinates": [-1.897868, 52.499158]}}, {"type": "Feature", "properties": {"id": "store-2152", "name": "B&Q", "shop": "hardware", "neighbourhood": "Lozells", "opening_hours": "Mo-Fr 09:00-18:00"}, "geometry": {"type": "Point", "coordinates": [-1.902705, 52.496818]}}, {"type": "Feature", "properties": {"id": "store-2153", "name": "Costcutter", "shop": "convenience", "neighbourhood": "Lozells", "opening_hours": "Mo-Fr 09:00-18:00"}, "geometry": {"type": "Point", "coordinates": [-1.89975, 52.501558]}}, {"type": "Feature", "properties": {"id": "store-2154", "name": "ASDA Superstore", "shop": "supermarket", "neighbourhood": "Lozells", "opening_hours": "Mo-Su 07:00-22:00"}, "geometry": {"type": "Point", "coordinates": [-1.902628, 52.499928]}}, {"type": "Feature", "properties": {"id": "store-2155", "name": "Costcutter", "shop": "convenience", "neighbourhood": "Lozells", "opening_hours": "Mo-Fr 09:00-18:00"}, "geometry": {"type": "Point", "coordinates": [-1.906846, 52.498351]}}, {"type": "Feature", "properties": {"id": "store-2156", "name": "Bonmarch\u00e9", "shop": "clothes", "neighbourhood": "Lozells", "opening_hours": "Mo-Sa 08:00-21:00"}, "geometry": {"type": "Point", "coordinates": [-1.902493, 52.502211]}}, {"type": "Feature", "properties": {"id": "store-2157", "name": "Sue Ryder", "shop": "charity", "neighbourhood": "Lozells", "opening_hours": "Mo-Su 07:00-22:00"}, "geometry": {"type": "Point", "coordinates": [-1.90248, 52.499632]}}, {"type": "Feature", "properties": {"id": "store-2158", "name": "Newsagent", "shop": "newsagent", "neighbourhood": "Lozells", "opening_hours": "Mo-Fr 09:00-18:00"}, "geometry": {"type": "Point", "coordinates": [-1.900058, 52.500957]}}, {"type": "Feature", "properties": {"id": "store-2159", "name": "Corner Shop", "shop": "newsagent", "neighbourhood": "Lozells", "opening_hours": "Mo-Su 00:00-24:00"}, "geometry": {"type": "Point", "coordinates": [-1.903128, 52.503029]}}, {"type": "Feature", "properties": {"id": "store-2160", "name": "Post Office", "shop": "newsagent", "neighbourhood": "Lozells", "opening_hours": "Mo-Su 07:00-22:00"}, "geometry": {"type": "Point", "coordinates": [-1.906184, 52.500181]}}, {"type": "Feature", "properties": {"id": "store-2161", "name": "Beauty Bar", "shop": "beauty", "neighbourhood": "Lozells", "opening_hours": "Mo-Fr 09:00-18:00"}, "geometry": {"type": "Point", "coordinates": [-1.899466, 52.500229]}}, {"type": "Feature", "properties": {"id": "store-2162", "name": "Newsagent", "shop": "newsagent", "neighbourhood": "Lozells", "opening_hours": "Mo-Su 07:00-22:00"}, "geometry": {"type": "Point", "coordinates": [-1.897189, 52.499189]}}, {"type": "Feature", "properties": {"id": "store-2163", "name": "Lidl", "shop": "supermarket", "neighbourhood": "Lozells", "opening_hours": "Mo-Fr 09:00-18:00"}, "geometry": {"type": "Point", "coordinates": [-1.894835, 52.500352]}}, {"type": "Feature", "properties": {"id": "store-2164", "name": "B&Q", "shop": "hardware", "neighbourhood": "Lozells", "opening_hours": "Mo-Su 07:00-22:00"}, "geometry": {"type": "Point", "coordinates": [-1.895526, 52.499387]}}, {"type": "Feature", "properties": {"id": "store-2165", "name": "Home Bargains", "shop": "general", "neighbourhood": "Lozells", "opening_hours": "Mo-Fr 09:00-18:00"}, "geometry": {"type": "Point", "coordinates": [-1.905836, 52.501511]}}, {"type": "Feature", "properties": {"id": "store-2166", "name": "Greggs", "shop": "bakery", "neighbourhood": "Lozells", "opening_hours": "Mo-Su 00:00-24:00"}, "geometry": {"type": "Point", "coordinates": [-1.900673, 52.496609]}}, {"type": "Feature", "properties": {"id": "store-2167", "name": "McColl's", "shop": "convenience", "neighbourhood": "Lozells", "opening_hours": "Mo-Sa 08:00-21:00"}, "geometry": {"type": "Point", "coordinates": [-1.897513, 52.499664]}}, {"type": "Feature", "properties": {"id": "store-2168", "name": "Pound Bakery", "shop": "general", "neighbourhood": "Lozells", "opening_hours": "Mo-Sa 08:00-21:00"}, "geometry": {"type": "Point", "coordinates": [-1.902622, 52.501818]}}, {"type": "Feature", "properties": {"id": "store-2169", "name": "Costcutter", "shop": "convenience", "neighbourhood": "Lozells", "opening_hours": "Mo-Sa 08:00-21:00"}, "geometry": {"type": "Point", "coordinates": [-1.902404, 52.499152]}}, {"type": "Feature", "properties": {"id": "store-2170", "name": "Home Bargains", "shop": "general", "neighbourhood": "Lozells", "opening_hours": "Mo-Su 07:00-22:00"}, "geometry": {"type": "Point", "coordinates": [-1.898798, 52.504216]}}, {"type": "Feature", "properties": {"id": "store-2171", "name": "River Island", "shop": "clothes", "neighbourhood": "Lozells", "opening_hours": "Mo-Fr 09:00-18:00"}, "geometry": {"type": "Point", "coordinates": [-1.89951, 52.495926]}}, {"type": "Feature", "properties": {"id": "store-2172", "name": "Scope", "shop": "charity", "neighbourhood": "Lozells", "opening_hours": "Mo-Su 07:00-22:00"}, "geometry": {"type": "Point", "coordinates": [-1.905307, 52.499635]}}, {"type": "Feature", "properties": {"id": "store-2173", "name": "ASDA Superstore", "shop": "supermarket", "neighbourhood": "Lozells", "opening_hours": "Mo-Fr 09:00-18:00"}, "geometry": {"type": "Point", "coordinates": [-1.906935, 52.499091]}}]}